accession,id,lighttreatment,lightintensity,leaftype,loggcl,loggi,loggmax,loglambdamean,loglambdasd,logtaumean,logtausd,initial_RH,median_RH,final_RH,initial_VPD,median_VPD,final_VPD
LA0107,C,shade,low,amphi,3.0764275054393497,-1.1960725556878036,1.1209956088667161,0.238831939225,0.011483429352460198,5.181040225125,0.0068886387846676675,0.17629772184121462,0.10124599048694012,0.054482929158951254,2.5866954091276564,2.8399881395804267,2.998759839191116
LA0107,C,shade,high,amphi,3.0764275054393497,-0.7843570987879134,1.1209956088667161,0.26385171616,0.028551122877196487,5.3713438957,0.020321441157791276,0.23475675823195935,0.16652851243246597,0.11289605756713629,2.382228255592274,2.6164377060318147,2.799553217071522
LA0107,C,shade,low,pseudohypo,3.0142096889952903,-2.4623663657529393,0.8433292773302472,-0.0180979196691125,0.009633445828611592,4.60441983645,0.00795381842545439,0.06694334285634126,0.04784521516220283,0.0368773645304452,2.953093616974368,3.017556691475029,3.055965439013476
LA0107,C,shade,high,pseudohypo,3.0142096889952903,-1.2439557077387435,0.8433292773302472,0.2329956034655,0.03913518337772443,5.60065584615,0.028422874471964062,0.16909875559735602,0.11105351081557506,0.07378493636200083,2.62181256105543,2.802805128181203,2.9308609362472993
LA0107,E,shade,low,amphi,3.0577660776064635,-1.9845231669042418,0.5156704808763344,0.3937405197375,0.017670918770251468,4.9741860493,0.012007999047522084,0.10747097427941533,0.047034789819519585,0.03890349564345474,2.8232955102941006,3.034669763918589,3.05071960681439
LA0107,E,shade,high,amphi,3.0577660776064635,-1.4852425404751466,0.5156704808763344,0.494986490885,0.021975190954017884,5.4418951412,0.010682944265292541,0.159155731462236,0.09571441417503451,0.05869136904027978,2.6614001310438207,2.8789997294720635,2.991488427540845
LA0107,E,shade,low,pseudohypo,3.012497983471436,-1.8154664226166115,0.3179337930970337,0.4142263638675,0.01756128189656146,5.096779532075,0.012140424397889215,0.12186814121646455,0.055118343052751435,0.04090006338429425,2.7716851192108147,2.997194960745387,3.043245704490511
LA0107,E,shade,high,pseudohypo,3.012497983471436,-1.2156803571165973,0.3179337930970337,0.5154058360175,0.02161165737160185,5.846461325275,0.011003349610240524,0.1834380962708792,0.11039402553491899,0.0642354701460376,2.546842791590523,2.8126772497907453,2.9689699787011556
LA0107,I,shade,low,amphi,3.0486859483817366,-1.8780604302074229,1.081954496555169,-0.2068390810125,0.015130512865168907,4.94010139605,0.014737639782255072,0.09636381037956995,0.0750282660301203,0.066352846083201,2.863604146124325,2.930936144470638,2.961682980737517
LA0107,I,shade,high,amphi,3.0486859483817366,-0.9914045287375964,1.081954496555169,0.165554729115,0.007670890618799404,4.948855679075,0.005471118045756493,0.17994716877677777,0.12399216625678827,0.0872177299403844,2.5721827219789746,2.7677224220527292,2.8848288939687716
LA0107,I,shade,low,pseudohypo,3.0251240861179016,-1.7834891270619937,0.8715152609615191,-0.041072687228546,0.021378205253350838,4.694273044125,0.016312281131104125,0.11143338846332797,0.08696355903189694,0.07757914830683099,2.826875969958881,2.875042760203351,2.9120659102744284
LA0107,I,shade,high,pseudohypo,3.0251240861179016,-1.2812600913104981,0.8715152609615191,0.0817756141075,0.007583496125269482,4.505224517475,0.005519030385010998,0.16172837276940755,0.12609863569216664,0.10653158252223002,2.6697716502938764,2.7576684810457137,2.824663868129382
LA0107,J,sun,low,amphi,3.173366516313687,-1.1301944900077114,1.8322088202143396,0.14329161775575,0.011322972245929335,4.581418298925,0.008969510350170282,0.21334150730497758,0.12192742288486091,0.10297144508511705,2.4601519400060066,2.7665028769500593,2.8303126544273534
LA0107,J,sun,high,amphi,3.173366516313687,-0.15336761789648629,1.8322088202143396,0.21293926727425,0.027623755824375137,5.893558794575,0.020183838327720725,0.37162389309548644,0.26176784978099216,0.17478994341167256,1.8634566099599539,2.2551644750950746,2.5703360578793575
LA0107,J,sun,low,pseudohypo,3.061808246881836,-1.5405919888493529,1.3756312535828177,0.0318926533854825,0.012376336044151113,5.1975003084,0.012014931751099158,0.15406864899869946,0.11260351986910297,0.07930109034446009,2.6489270282226975,2.779918915981141,2.9168595286212136
LA0107,J,sun,high,pseudohypo,3.061808246881836,-0.7580749815865603,1.3756312535828177,0.2206027907075,0.0063982483539335435,4.58088619505,0.004119240787338313,0.2649996901819785,0.14419163917839783,0.12078281619829805,2.2671101029425227,2.712169705019937,2.775385191073477
LA0107,K,sun,low,amphi,3.123245878543451,-0.649973504632171,1.650725517626886,0.208942673105,0.015214505022686349,4.646449052975,0.009503365025755063,0.21647226652242668,0.14565499058182527,0.09639116842138844,2.456414018872073,2.6954008934088867,2.8597845864637512
LA0107,K,sun,high,amphi,3.123245878543451,-0.19255894310513474,1.650725517626886,0.130015696103,0.006728191324726771,4.974885703725,0.0045446302482464954,0.2837548743574987,0.21216374727366588,0.1648362341752994,2.2020929214509635,2.4543680270205614,2.6205532516782037
LA0107,K,sun,low,pseudohypo,2.9759186598205076,-1.565947652152419,1.2346009078426892,-0.043078330395575,0.01037097623901041,4.7376146139,0.013727829593570837,0.12665737541191033,0.10361609905665808,0.09148479895199886,2.7266380856803094,2.8009514219770755,2.8641928174429583
LA0107,K,sun,high,pseudohypo,2.9759186598205076,-0.5123096003862854,1.2346009078426892,0.21068251226,0.012405048509705694,5.330912251875,0.008126143297781585,0.25708144479173006,0.1933441385837706,0.13897284076558347,2.2582742522085164,2.514078564214528,2.7087772563167913
LA0107,L,sun,low,amphi,3.0274821876639946,-1.2286330286765268,1.7496274472739202,0.07217242614,0.005209702811576105,5.1382285094,0.004058670500262259,0.17217447037819159,0.11584831028755957,0.07862379255365945,2.595728947159335,2.7855224407227426,2.9149567829585816
LA0107,L,sun,high,amphi,3.0274821876639946,-0.24906650251602508,1.7496274472739202,0.54622924679,0.014207734891668797,5.7877279615,0.006614669641239709,0.32482852989174676,0.21593084423218606,0.13352373650870608,2.041984260020655,2.431887210790257,2.724356361094148
LA0107,L,sun,low,pseudohypo,2.9548963898982645,-1.6568395730024028,1.4197997639132465,0.09812969163225,0.013556676735769142,5.509413475875,0.010161522675653843,0.1282504709472559,0.09997277509884145,0.07576917207406532,2.744468779926699,2.837590696601695,2.9199525493636322
LA0107,L,sun,high,pseudohypo,2.9548963898982645,-0.7306240570529852,1.4197997639132465,0.3428534513625,0.013412487271364635,5.61767555155,0.008163593855529078,0.2400851097019381,0.17462794387655334,0.11950016458850106,2.3380055722786293,2.574082596903329,2.7689499679430654
LA0107,M,shade,low,amphi,3.0639928779788947,-1.045784902328448,0.8896220613740828,-0.025750594582148574,0.03198144452664946,5.7524788285,0.03693506615006117,0.17196504106784377,0.08323622242259951,0.03881926696457967,2.591382321316561,2.9079063530485993,3.050307922638928
LA0107,M,shade,high,amphi,3.0639928779788947,-0.8865451924134766,0.8896220613740828,-0.005547594775125251,0.0380285788729976,5.38164764235,0.03152688097360388,0.20109034779056512,0.1394819290843649,0.09346900978237302,2.511608738016702,2.7234898825343548,2.8828304686681956
LA0107,M,shade,low,pseudohypo,3.0358962491325125,-1.6473912323426934,0.7229865181725558,0.1002415364881825,0.03942504669911689,5.433741103975,0.031173025054385465,0.11144909813007545,0.05644141513138924,0.028380439596814012,2.8045655111975782,2.9895347350188204,3.085512189156008
LA0107,M,shade,high,pseudohypo,3.0358962491325125,-1.4747627388832731,0.7229865181725558,-0.078337963777,0.009042737350795868,5.94139735335,0.010950968869736616,0.12666007207574742,0.09699543278590876,0.07491822272590636,2.7689507863149063,2.860038614040902,2.93381557534335
LA0107,N,shade,low,amphi,3.050954795013205,-1.2122940628576548,0.8553817707577904,0.09094984632987,0.03391991802692247,5.646944586175,0.025499086571695202,0.1516340678842438,0.06743552250761689,0.02901231216773732,2.686756280962741,2.960680551516341,3.0854888606493915
LA0107,N,shade,high,amphi,3.050954795013205,-0.8893465193905321,0.8553817707577904,0.1987953930025,0.0168832876952969,5.20213813545,0.011048336554046781,0.19026974310659847,0.12880872673092242,0.08552034948240876,2.5581909147906736,2.759637209392052,2.900270734675339
LA0107,N,shade,low,pseudohypo,3.0060495211216653,-1.172970686027738,0.5647586235135018,0.0548123896647095,0.04213421504157491,5.644816165325,0.034686003999884425,0.1565323869769218,0.07089402450490016,0.03148492193718655,2.6585151327061727,2.950394394945548,3.076696596917564
LA0107,N,shade,high,pseudohypo,3.0060495211216653,-0.8706167674979546,0.5647586235135018,0.03723131131362015,0.020200971536276018,5.2005139816,0.01629196620831782,0.1901679957160949,0.12505995813369528,0.07873552833002206,2.5413101025198652,2.767409959799174,2.9214937212761556
LA0107,P,shade,low,amphi,2.877632632886697,-1.872935222205319,0.6927169031052703,0.1878581068375,0.011060594183124616,5.33214897195,0.008773606143676853,0.10896221598950181,0.08016608111001161,0.0592097819195132,2.832545200926275,2.9156537477554854,2.98582719689471
LA0107,P,shade,high,amphi,2.877632632886697,-0.9945475279113731,0.6927169031052703,0.43422163419925,0.07718379429646263,6.195279833025,0.060448280081510514,0.21532953689865839,0.15100600793023009,0.10441594959520036,2.471760837525564,2.6889971160364805,2.843462949585851
LA0107,P,shade,low,pseudohypo,2.8486860827044302,-1.6694643144217285,0.4779089694239247,0.1648971381625,0.004121629175542182,5.211134063075,0.0043219411449155745,0.11782644589745228,0.08976655384576987,0.06910431970095812,2.7893104689087895,2.8760099104133676,2.9482731595196756
LA0107,P,shade,high,pseudohypo,2.8486860827044302,-0.8953647956643455,0.4779089694239247,0.5018735274575,0.03662548696715535,6.168181249575,0.0214480394701553,0.21381877053851167,0.1663360856083042,0.1266686405255979,2.470549512071474,2.637078173021554,2.769350797159444
LA0107,Q,sun,low,amphi,3.223401276870689,-1.413743843219713,1.5915173659383326,0.124690049449,0.008107242578282546,4.6898065775,0.005632382810776936,0.1261703790086213,0.09043896570994686,0.06485015603074226,2.7483389006224903,2.8747097975450107,2.955672330891899
LA0107,Q,sun,high,amphi,3.223401276870689,-0.2695355672505885,1.5915173659383326,0.537287074075,0.010440861760549943,5.843144686425,0.0049468277872134645,0.28041286391697684,0.18719979200418566,0.11553254285065061,2.1820475439516893,2.5676650400982197,2.7990708532382667
LA0107,Q,sun,low,pseudohypo,3.1749524741150754,-1.7944821936886546,1.1735354643006182,0.093355132421,0.011822662764115194,4.605338311675,0.008039532752705629,0.09799171392487108,0.0666963517684711,0.05141981565579152,2.8777562925442233,2.953299736992593,3.005922272026763
LA0107,Q,sun,high,pseudohypo,3.1749524741150754,-0.7299646526866772,1.1735354643006182,0.581202691395,0.01860138624093872,5.50159950675,0.008029497002899634,0.21229330173027758,0.13919425603346824,0.08192889000121263,2.4443631914283985,2.71618039364927,2.908869033835586
LA0107,R,shade,low,amphi,2.9473757990746092,-1.5244878193564562,0.9191315470270076,0.43856333626,0.032386910103600036,5.2945778651,0.019663680041172284,0.12673624719668383,0.08251921224655981,0.053455068885481044,2.7755462474106114,2.9032950841779064,3.003582337527532
LA0107,R,shade,high,amphi,2.9473757990746092,-1.1328447086751636,0.9191315470270076,0.12497186673598674,0.09324291523590121,6.0755265309,0.15043201535954107,0.17455787636320086,0.12016463284102852,0.08395879848396569,2.634404982900329,2.805444602677271,2.918402462257731
LA0107,R,shade,low,pseudohypo,2.9369761645012895,-1.9737648724219918,0.817040554451495,0.1117931208369175,0.030513133235120914,5.564427411625,0.049483123306537785,0.07278525197718734,0.049602649739108065,0.034606201520104185,2.951075761945964,3.012998864548738,3.0641031185739833
LA0107,R,shade,high,pseudohypo,2.9369761645012895,-1.1539128815344433,0.817040554451495,-0.149145481838335,0.034237637071554056,5.826091820475,0.06606280046864513,0.1294448573892682,0.08241416927709377,0.0527752327172671,2.7599436981332177,2.9079325824697833,3.0063402820828684
LA0107,S,sun,low,amphi,3.093259494643367,-0.661253061916284,1.3721444499830682,0.3978417657575,0.013612570992052113,5.476176166025,0.0074239251401472086,0.30127324341819606,0.22128842405310944,0.16720060447424562,2.190205828001935,2.4453335275670742,2.626024578616855
LA0107,S,sun,high,amphi,3.093259494643367,-0.2543346799181891,1.3721444499830682,0.4657566827775,0.012284268691329515,5.5847723442,0.006696766367806012,0.3729963655734032,0.2948795217804287,0.23164431441769334,1.9485042138073212,2.204669337562719,2.4140235376497206
LA0107,S,sun,low,pseudohypo,3.0147907899976834,-1.6264146696568456,0.9835208170335448,0.05432219139675,0.0088027651018231165,5.038367112625,0.00771004605904376,0.1400983202696161,0.11671937464227858,0.09992495156862181,2.71653951647066,2.7875858718790334,2.8432445086701303
LA0107,S,sun,high,pseudohypo,3.0147907899976834,-0.7373472893859223,0.9835208170335448,0.28453827545,0.009668244544663059,5.507615006825,0.006123895620210038,0.256585775947346,0.20499843373845508,0.16108905599349588,2.3272821991717993,2.504597623820578,2.6518292875419496
LA0107,T,sun,low,amphi,3.0146988743240115,-1.4236908760528986,1.891198583502094,0.5001503915775,0.016846744380083534,5.68415186595,0.008599597705342316,0.11366889164224844,0.08584551747118851,0.06542932685299287,2.8038212761493884,2.8907140639068367,2.959568536769419
LA0107,T,sun,high,amphi,3.0146988743240115,-0.27270351230251927,1.891198583502094,0.5903306893225,0.02020094540010552,5.726519507075,0.00820561557216287,0.25617893695263133,0.1468805599873883,0.0793925952131069,2.30042191084086,2.685333840002192,2.9143486644411913
LA0107,T,sun,low,pseudohypo,3.0004056241398187,-1.6117928695711077,1.2244823429845249,0.33821872939000003,0.008859852208281352,5.16863218365,0.005174788669693831,0.09724851734131833,0.07054520083031027,0.05278815097753253,2.8408794345613284,2.9491862751393243,2.998600710381717
LA0107,T,sun,high,pseudohypo,3.0004056241398187,-0.6767981429277996,1.2244823429845249,0.516719279475,0.024646407754708683,5.79150866,0.01073169976680775,0.1957795452049904,0.11365575358962117,0.06054288418629678,2.491744633938454,2.7995112117248873,2.9785336363703485
LA0107,U,sun,low,amphi,2.9941168285023796,-0.8647768924933162,1.421421788960354,0.22250318583,0.014060199635074145,5.26685573985,0.01096550592281007,0.1988540618547892,0.13501081964198292,0.088341054561295207,2.501306128752229,2.7268464218813984,2.881966378861438
LA0107,U,sun,high,amphi,2.9941168285023796,-0.13832616431257996,1.421421788960354,0.3682581578975,0.03874737164718414,5.9560275085,0.027993208983506525,0.31892766074684836,0.22390722676764463,0.14640441930104786,2.07141436645799,2.421370206227233,2.699343405151002
LA0107,U,sun,low,pseudohypo,2.892183960987572,-1.499686444173215,1.1279294236666555,0.196757754,0.01189069044617795,4.8419577472,0.008321864647001468,0.14295078659264432,0.1064215928679268,0.08822421138124693,2.689251204985471,2.8174254062023847,2.8772252396256635
LA0107,U,sun,high,pseudohypo,2.892183960987572,-0.3850752659903325,1.1279294236666555,0.310257281735,0.041428759557294366,5.9376839439,0.03193043101131068,0.28334736972174135,0.19670418095963987,0.1330932549612486,2.2089617410779754,2.517469740900669,2.7427881281697903
LA0107,V,shade,low,amphi,2.693807828352878,-1.5352417004161214,0.8796023606265669,0.139662455739,0.027471286813266577,5.1945200446,0.027590020904166186,0.08932203444686378,0.06255248816279416,0.05614031092795157,2.902758949800566,2.9785681698908757,2.996521778975193
LA0107,V,shade,high,amphi,2.693807828352878,-1.0764873235798251,0.8796023606265669,0.22105029813,0.024057322516375036,5.06818917395,0.018350778859422837,0.13094547695718853,0.10637832715804493,0.08645924664540311,2.796031535663365,2.8493035833508844,2.9088545911272474
LA0107,V,shade,low,pseudohypo,2.6358186535057166,-1.9634615327137923,0.6605279482834795,-0.040155244098775,0.00666878447429223,4.987122576275,0.007723909274270637,0.08394660418830437,0.06737255164587058,0.0550481293845389,2.901083010019085,2.9482909064303806,2.992159880651151
LA0107,V,shade,high,pseudohypo,2.6358186535057166,-1.374866316460483,0.6605279482834795,0.11910104363625,0.017537002417018877,5.056798761525,0.01382400236254924,0.1255157289341084,0.10415804846329599,0.09091648483552459,2.760255782119387,2.820343861213973,2.867342891363541
LA0107,W,sun,low,amphi,2.8498943452322334,-1.503120523558565,1.2077958408901588,0.21857587328,0.010431954793467629,5.63608246215,0.008723474325923476,0.08538661913344871,0.07018252415392687,0.06015862962241462,2.886601799771869,2.9433415489703076,2.979632657447043
LA0107,W,sun,high,amphi,2.8498943452322334,-0.9618489494334396,1.2077958408901588,0.18988191794,0.009142513533162444,5.19945649445,0.006916198887340616,0.13129937383714674,0.1010128086396495,0.07830364122828155,2.750805086091917,2.8515861434414798,2.9251874748316764
LA0107,W,sun,low,pseudohypo,2.7976550119357704,-1.5776473539882532,0.8050228316770456,0.33539768899,0.012039728481305691,5.359288823425,0.007997028895121055,0.10405284429071042,0.08397423900288946,0.06799462575341506,2.8238139274530143,2.890972704953284,2.9437099479561892
LA0107,W,sun,high,pseudohypo,2.7976550119357704,-1.0952045712380665,0.8050228316770456,0.12462360588775,0.011706127081316482,5.1927343997,0.009273376940084347,0.14748066919813482,0.11555963712915449,0.08828105680962696,2.673013023969656,2.7827142649264878,2.8774649954309015
LA0107,X,sun,low,amphi,2.732393113514725,-1.6519920206338967,1.303947682817246,0.059673619267425,0.015522766776323783,5.00825858455,0.01272048555659966,0.10969694839537099,0.08726005565976161,0.07051703760519258,2.8364145356397863,2.8908684657282175,2.947342258620965
LA0107,X,sun,high,amphi,2.732393113514725,-0.9665006004060039,1.303947682817246,0.3664308647175,0.007936899719659244,5.214147068825,0.004433966355311648,0.18337643866088615,0.14147046089252174,0.10799182175458757,2.6081796963445165,2.740030391349309,2.841761462304721
LA0107,X,sun,low,pseudohypo,2.7043570330630677,-1.4058490672419188,1.03520172733348,-0.05953056990749,0.015291140836079306,5.1010486214,0.01803332729940094,0.1470112299444624,0.11973922465118901,0.10458060754815258,2.679788051007126,2.75796472987545,2.813475828401197
LA0107,X,sun,high,pseudohypo,2.7043570330630677,-0.8379555603605089,1.03520172733348,0.2653811779325,0.009125173796204356,5.10667562475,0.005844007443558094,0.23017208763046218,0.1908047390032413,0.16360907702808236,2.479308692009435,2.5480054989311407,2.6422140435687145
LA0407,E,sun,low,amphi,3.0587716713519115,-2.111780057288266,1.051454939410266,0.113730966834,0.005328576696081231,4.399562154925,0.0036361874205443636,0.11330639861165706,0.07470880346329443,0.0574665950707385,2.8002293755717953,2.9319574636278447,2.9873519340273678
LA0407,E,sun,high,amphi,3.0587716713519115,-1.318169705017519,1.051454939410266,0.08582043835725,0.0062497157924885135,4.56754079035,0.004915894130598987,0.1995057814563964,0.11447010704781065,0.08946262579852324,2.4997727308542106,2.8025219258250176,2.8771726737441714
LA0407,E,sun,low,pseudohypo,2.82264968360189,-2.7366856584946144,0.358263071199077,-0.08771111835739225,0.04207610750494269,4.7639858664,0.03486468258245745,0.08412052212411252,0.0661726215368392,0.061410071148751834,2.892723781724909,2.9573547650597902,2.9752442898763247
LA0407,E,sun,high,pseudohypo,2.82264968360189,-2.2663473216766548,0.358263071199077,0.0166742064888617,0.008776912652779353,3.86395611665,0.0064592861091492,0.10701538682709186,0.08069347969067556,0.0774926424441314,2.812508879708812,2.9107427430412276,2.911519573496406
LA0407,H,shade,low,amphi,2.9075889316885104,-2.3083534828005794,0.38053121232292164,-0.06164695509225,0.007310826191928846,3.9465783285,0.006056434902028868,0.07350276239937407,0.055048002000219615,0.050634344697406894,2.943440984130006,2.9981380693297783,3.013798884156331
LA0407,H,shade,high,amphi,2.9075889316885104,-1.8838712571402318,0.38053121232292164,0.088827739127,0.013249426980230752,3.9239919325,0.008818526784201234,0.10319164685990807,0.07831743144106712,0.07386116852196169,2.860587871996934,2.933278479655452,2.936864546062094
LA0407,H,shade,low,pseudohypo,2.8487972386747367,-2.5204693204885142,0.07468041659838046,-0.0478447957636,0.010354565136065818,4.1985673502,0.008482406777556416,0.07096617055328672,0.05197476773496716,0.045031507436428586,2.949638908464528,3.0047296688997394,3.030340613344787
LA0407,H,shade,high,pseudohypo,2.8487972386747367,-1.5515080502046639,0.07468041659838046,-0.0011345963793513878,0.005664728413880114,4.48566213375,0.004567369329991291,0.1419188037487014,0.11246851074354328,0.09401927558253823,2.7069913413953954,2.808256165005653,2.862256300126663
LA0407,I,shade,low,amphi,2.689398403696083,-1.4051016781926575,1.605447904844793,0.3060732349075,0.02015029236602335,5.105779405925,0.010474385809916564,0.1767486111313216,0.10241286832661188,0.058125855730990016,2.5948918299365964,2.847575531591577,2.9881267931398114
LA0407,I,shade,high,amphi,2.689398403696083,-1.138555569910609,1.605447904844793,0.469132761445,0.017178246135969452,4.9388317847,0.01119702552804964,0.21629506891305242,0.10689016923686996,0.08251933683788487,2.481864196099409,2.834626352913716,2.9086817273156926
LA0407,I,shade,low,pseudohypo,2.6835686658611935,-1.9604839901998856,1.5734261935718241,0.15097324223675,0.018894364425147702,5.110943377275,0.012077417607454097,0.1157690910639487,0.0735448785912119,0.045827869898574645,2.8001206962426535,2.938377882719001,3.029376746210702
LA0407,I,shade,high,pseudohypo,2.6835686658611935,-1.3486503644402494,1.5734261935718241,0.3835833905875,0.01432517569199806,5.2978194208,0.007631356384223448,0.1843887920679046,0.11985902565933268,0.0743337997921106,2.6049590946582843,2.792590812478001,2.935724361716761
LA0407,J,shade,low,amphi,2.8292046091213705,-3.1879830616060074,0.9150440443041414,-0.0892578102935,0.007560142192638809,4.441314733675,0.008019277785135464,0.057672378165468434,0.04972862797095808,0.045462174667180985,2.994766931275374,3.015173283588197,3.028168629965438
LA0407,J,shade,high,amphi,2.8292046091213705,-1.0623667768936198,0.9150440443041414,0.2855681641325,0.016029271055878095,4.7635838031,0.013901928854813155,0.24221192561004481,0.0865328806096211,0.07650101927073538,2.3469746416866575,2.8922383049025795,2.91710428110061
LA0407,J,shade,low,pseudohypo,2.8192560116470844,-2.8783368008304904,0.8000343771991202,0.0962702377973,0.02236343917081056,4.00420807595,0.021453301082965396,0.08126702528687227,0.06932624244164312,0.06674162946407705,2.9077331580388694,2.953496336036396,2.9582723935931745
LA0407,J,shade,high,pseudohypo,2.8192560116470844,-1.4143095834682862,0.8000343771991202,0.1979588443225,0.015435915356666555,4.437703695925,0.0100751115363833,0.19524211308063183,0.11814965134588516,0.0964737590998053,2.5185447797635203,2.7810345463795976,2.854655739867482
LA0407,K,sun,low,amphi,2.916696263517361,-1.613444112880017,2.083929619074623,0.2831515085125,0.021301488481326986,5.019143763775,0.013316105033890116,0.16513137807364126,0.0890767787318932,0.06011811856828714,2.6425975003423563,2.8917884951179293,2.982620958871214
LA0407,K,sun,high,amphi,2.916696263517361,-0.9227254631477045,2.083929619074623,0.432727412365,0.01149214913005662,5.48973265115,0.006083009177747297,0.25959169829544354,0.17325927262489565,0.109382680392835,2.319003820349012,2.6073995581145835,2.8185986414226707
LA0407,K,sun,low,pseudohypo,2.9303906248457525,-1.4135504442281501,1.835808011663415,0.27984924837,0.017220032455132886,5.0792686421,0.009246276627508555,0.1793410331515495,0.10826140909189991,0.06529193094148959,2.5743794281600794,2.82332264206042,2.963314988150826
LA0407,K,sun,high,pseudohypo,2.9303906248457525,-0.7097943663924012,1.835808011663415,0.463249816545,0.015500066265803806,5.582034909625,0.008425780452798088,0.28261341408447493,0.1926806037610599,0.12534278178099767,2.2459552498313635,2.539000877205643,2.7707573442467615
LA0407,L,shade,low,amphi,2.9856692361463506,-2.15247325405295,0.9543992631822121,0.16542022574,0.028901361186632245,5.248499529625,0.027015007333900592,0.09039836976587544,0.06331164884122151,0.04504332613177343,2.8807436005137954,2.9759703138080886,3.0330232898036145
LA0407,L,shade,high,amphi,2.9856692361463506,-1.426405648455934,0.9543992631822121,0.08939846402825,0.007707779826866639,5.6433399631,0.007559071198744271,0.1622265087185262,0.12552891340395989,0.0944465717576284,2.6627249654706224,2.783530321963901,2.8820254120583884
LA0407,L,shade,low,pseudohypo,2.9691705123837617,-1.6770316896071051,0.8017683650950435,-0.05444439217870602,0.05232571043947357,5.60537099985,0.06457304489083981,0.1472190941769096,0.08696178822226854,0.051498884308632496,2.692790277746301,2.89082651111227,3.009732759235382
LA0407,L,shade,high,pseudohypo,2.9691705123837617,-1.1424212568269347,0.8017683650950435,0.09253139576425,0.016718118598742376,5.6480085534,0.01311360347172228,0.21896587006032048,0.1607134246944092,0.11325102877620419,2.46553360008744,2.6590892292660193,2.814981248456393
LA0407,M,sun,low,amphi,2.8591579377519034,-1.455877919109447,1.973846374053073,0.06418873689325,0.009579657326976316,4.4025047774,0.006950808569832918,0.16691353405755271,0.11055169959158577,0.08698345570443301,2.632849221167205,2.8095712016430268,2.8884643153348053
LA0407,M,sun,high,amphi,2.8591579377519034,-0.521773019069388,1.973846374053073,0.1950049602,0.007028287993946822,5.243040958225,0.004893603248066272,0.31331729333284436,0.23414677454475447,0.16826427210777917,2.120048037715547,2.399916262390297,2.6186715125240183
LA0407,M,sun,low,pseudohypo,2.804901931678735,-1.512060942636834,1.652881418908403,-0.12259455507415,0.036027858020107974,4.534745095925,0.03173543065858116,0.1541489649308343,0.1255718229340736,0.11007268504070916,2.666746727578478,2.746671559577155,2.800577784151077
LA0407,M,sun,high,pseudohypo,2.804901931678735,-1.0600416085808795,1.652881418908403,0.065750677751775,0.018077943844236832,4.828738630675,0.01316479053465597,0.2214087919371435,0.17306331315965462,0.13753889092609448,2.4609398921485064,2.624335458121221,2.7407606999078102
LA0407,N,shade,low,amphi,2.872886841522236,-0.8432730046855542,1.0389763027165928,0.2020234692825,0.013297086732176179,4.802911275225,0.007868658115874642,0.2761515189957845,0.1039079773218979,0.04649378212531987,2.251933538312484,2.845884381561913,3.0277434198415407
LA0407,N,shade,high,amphi,2.872886841522236,-0.8765980532939154,1.0389763027165928,0.207738788281,0.02372654273644822,4.5527774465,0.014400703389767379,0.27969955150066816,0.14480157991912043,0.08352110311188636,2.2796843358417993,2.7142996046970462,2.909449887721971
LA0407,N,shade,low,pseudohypo,2.7566713644335668,-1.6259375523639352,0.5892692171448481,0.16449190677,0.009202341409190296,4.789531595725,0.005946663433367618,0.15652005595829946,0.07544850394337763,0.0391749906858257,2.6905169017413684,2.928429987874181,3.0508914983350572
LA0407,N,shade,high,pseudohypo,2.7566713644335668,-1.2323645729438621,0.5892692171448481,0.4171779341,0.013290685453686137,4.9282635642,0.006804251154968725,0.21496974941606092,0.117697805338494,0.06304809362592642,2.503706112891516,2.8224328473426303,2.980932833754536
LA0407,O,shade,low,amphi,2.9602800757595866,-1.7289238741924564,0.6672517153534587,0.15520151055275,0.014168505809164877,4.90086873325,0.008427184722831979,0.14655952253904345,0.05325536572836168,0.02345360211826375,2.6840702269947467,3.0049547074467617,3.1003333331923963
LA0407,O,shade,high,amphi,2.9602800757595866,-0.8831933134559273,0.6672517153534587,0.1205433318725,0.015741076403817986,5.413639495275,0.011249387509659394,0.2637459464949538,0.11278936024928726,0.04569124514541455,2.2643837931164867,2.798927406236746,3.025599622701174
LA0407,O,shade,low,pseudohypo,2.9126606661660377,-1.7010858464363694,0.2807950700071991,0.0473485559257745,0.018721398579609055,5.092968824,0.013455739699280862,0.1451589050383559,0.058708394886235776,0.023824656862568593,2.700567657037088,2.982805958046435,3.101125856794886
LA0407,O,shade,high,pseudohypo,2.9126606661660377,-1.1797770147731912,0.2807950700071991,0.1902621741225,0.00974126780314921,5.081205185675,0.0063088398633296735,0.2154749548544696,0.10846413468719363,0.050809219738900645,2.465816730977308,2.827793383155255,3.0150834148794394
LA0407,R,shade,low,amphi,2.7419630734454734,-1.7364778506392549,0.7609252259676682,0.1804119809425,0.017283817290156503,5.16499438395,0.01229000844779608,0.1520543513722719,0.10829860209394596,0.07612658566266597,2.667357925541309,2.8213635183299193,2.926229625582806
LA0407,R,shade,high,amphi,2.7419630734454734,-1.2232466675369456,0.7609252259676682,0.22448778048025,0.02673518990509517,5.206306721875,0.019221092669456322,0.21537843581647836,0.15309648412952664,0.10642245102760903,2.436200907861276,2.6566601454975993,2.8110082993074483
LA0407,R,shade,low,pseudohypo,2.675752468895229,-2.1649999841808905,0.4657907071877147,0.1988136145475,0.01903736739860428,5.485571083425,0.015045827646569686,0.10218318311135659,0.0669201391384471,0.04395560751619387,2.8328654235059503,2.9552397751655524,3.0307288475028673
LA0407,R,shade,high,pseudohypo,2.675752468895229,-1.4702467252481166,0.4657907071877147,0.10161041492925,0.020553324572308834,5.62210137665,0.01932705265623629,0.1726395695662387,0.1204157145210378,0.08193391373858197,2.5915639065714275,2.7710138660866592,2.901767939225553
LA0407,S,shade,low,amphi,2.74137634271797,-1.5413275094081824,0.8873646245912395,0.378190973675,0.022368441292606657,5.70501425545,0.013288274795082052,0.1791779228571464,0.10184978774330418,0.05932229218531812,2.5833038996806144,2.845530482271461,2.983996071351573
LA0407,S,shade,high,amphi,2.74137634271797,-1.1836543680315939,0.8873646245912395,0.03841104695874625,0.015051226989399683,5.53968383935,0.013963092513993457,0.22736889202146615,0.1499258715384496,0.09671910593471249,2.4274300125927817,2.685313216820893,2.8642884038489878
LA0407,S,shade,low,pseudohypo,2.7061131058068164,-1.581294996386155,0.7105612154447573,0.2817907230675,0.014352267787918533,5.17917998395,0.008321331528996497,0.15766123929517728,0.07991879029295688,0.04006204355078774,2.639118859039459,2.9229867203742135,3.047705351283758
LA0407,S,shade,high,pseudohypo,2.7061131058068164,-1.3450346575368588,0.7105612154447573,0.3790983359125,0.023624684091492897,5.0299867505750004,0.011727066225242673,0.20378446664798014,0.10994569930516823,0.058587716713175815,2.5573396854586514,2.8366742926179356,2.9969932068656946
LA0407,T,shade,low,amphi,2.7765085813927617,-1.9173740002152335,0.995879409200055,0.1561943247525,0.007816174694669623,4.804321172375,0.0049977095011713955,0.12872111357976826,0.07727364881974805,0.048819579595921266,2.748779351591709,2.918995044242083,3.0148129417517504
LA0407,T,shade,high,amphi,2.7765085813927617,-1.3000079582398296,0.995879409200055,0.2189355725425,0.019204618730884804,5.078871289925,0.01193570402640656,0.20271513502746055,0.12382265433010581,0.07626155458440871,2.4902374288230193,2.76442810908257,2.918170862892663
LA0407,T,shade,low,pseudohypo,2.7418732784073563,-2.073282859569052,0.7492410981486318,0.0637930016342825,0.02046450943359514,5.4854728824,0.0197567103769218,0.1084116702761251,0.05652946552522594,0.029892849552085998,2.815075781950821,2.988528911782476,3.0797420032742746
LA0407,T,shade,high,pseudohypo,2.7418732784073563,-1.6086121620182827,0.7492410981486318,-0.06905230115267501,0.017592299487717192,5.361987552975,0.019171393861361716,0.1566441642604481,0.0982433081174624,0.0591569554424766,2.660915224357177,2.8548334806852815,2.9846409466674078
LA0407,U,sun,low,amphi,2.906406336866021,-1.7239642996454005,1.850267595798971,0.07918131985525,0.006522801445363118,4.80852793655,0.004901565423623813,0.14525270115301392,0.10177547790448609,0.07391544319361126,2.6960600819515035,2.838230105051249,2.9338698307054623
LA0407,U,sun,high,amphi,2.906406336866021,-0.6601239282887855,1.850267595798971,0.189828516255,0.005748608827110031,5.17518795985,0.003926230564366944,0.2917110195203414,0.19975635824292018,0.12934907203453924,2.1831208403240536,2.504517103666589,2.7412604787314416
LA0407,U,sun,low,pseudohypo,2.8058543900263895,-2.1538853269298026,1.401980220059416,0.15351003267,0.00935970685398909,4.616347176975,0.006155158018927034,0.10069151082133826,0.057128840990298184,0.03540218359957585,2.8452420100731977,2.9864434882013873,3.059696603861043
LA0407,U,sun,high,pseudohypo,2.8058543900263895,-1.0307824602183404,1.401980220059416,0.5532378180849999,0.01375071104540006,5.24328111175,0.005894820756133191,0.22876677491817757,0.12151636021398884,0.06293323076395789,2.3854044884845034,2.7633493661713917,2.967277115776271
LA0407,V,sun,low,amphi,2.8732749977866487,-1.2070955262194336,1.469400827819675,0.3261182650575,0.01483799650709398,5.136430191525,0.00798286832404152,0.2224239812237171,0.13491970425271446,0.08070336921039802,2.446271800629674,2.734978186731269,2.9140222087189502
LA0407,V,sun,high,amphi,2.8732749977866487,-0.4452221842383703,1.469400827819675,0.3375506751075,0.023539523330431782,5.723524785675,0.014736670365185464,0.35237337808893515,0.24465704074212638,0.16031147878298563,1.9896515193904023,2.3582351537250403,2.644426078240909
LA0407,V,sun,low,pseudohypo,2.767989880498325,-1.7881897855656852,1.049094592576339,0.09915091838,0.014901965930461641,5.034943225925,0.01107680908665154,0.1360793801651933,0.08896013217381558,0.05725615751730068,2.734693044025458,2.882992465760734,2.9873306363001872
LA0407,V,sun,high,pseudohypo,2.767989880498325,-0.9333101130386715,1.049094592576339,0.27726247487,0.01686412146327347,5.513269252125,0.009928049035308369,0.2619177660445365,0.1726009056639372,0.11180253595969004,2.361526594213019,2.6279012544371168,2.828828909379725
LA0407,W,sun,low,amphi,2.8044067852973074,-1.3063960437080127,2.0439182863312153,0.4002770134975,0.011064001401161313,5.23865676805,0.005982162183565969,0.2033035962211457,0.11925783305402765,0.0667856162678477,2.5068119379163987,2.787436846152687,2.9593738937133995
LA0407,W,sun,high,amphi,2.8044067852973074,-0.7722292670535622,2.0439182863312153,0.3903402090875,0.009682112267476114,5.394676149325,0.0052929746173706015,0.28826977234132883,0.18150934569135463,0.10899979089621166,2.222683895495236,2.5789423251470307,2.818176088566978
LA0407,W,sun,low,pseudohypo,2.752015177154388,-1.61279740403548,1.8393581595650292,0.1727506164725,0.01247768291141393,4.78286910995,0.007285683749562257,0.1543116711245954,0.058541360026645346,0.04770836269232257,2.677067405694214,2.9864628665682864,3.0217537713946223
LA0407,W,sun,high,pseudohypo,2.752015177154388,-1.181337381447662,1.8393581595650292,0.468211450275,0.011484502934795495,5.277334846025,0.005517945919969508,0.22340609445719328,0.13927698414919676,0.087696485829563,2.4981461991978993,2.751276229710525,2.911722825472199
LA0407,X,shade,low,amphi,2.7345469660316115,-1.5471843674362653,1.0419113926931813,0.2085062124075,0.010668351175185354,4.913068083325,0.006416876568923129,0.16635041610462292,0.08013435303715384,0.03999771359941283,2.6215655818994548,2.9122868956030468,3.04372883650112
LA0407,X,shade,high,amphi,2.7345469660316115,-0.9648941892699572,1.0419113926931813,0.41349971339,0.016712539066898836,5.1423944793,0.008313075853683386,0.2508832301219621,0.14350769892110316,0.07518542734301122,2.3160318213590934,2.6955617857158995,2.928780205858522
LA0407,X,shade,low,pseudohypo,2.6963366302717087,-1.7590522972474207,0.8008681984666319,0.2836908581675,0.024569787450426348,5.4878549502,0.01423376032746232,0.15304621457330736,0.09017625352533112,0.05976207279640666,2.6656664862674306,2.877130638086724,2.978852799236807
LA0407,X,shade,high,pseudohypo,2.6963366302717087,-1.2876667136051527,0.8008681984666319,0.1537679462625,0.01340768715268969,5.649417320175,0.011742838896259777,0.20698703035328977,0.14026640940393537,0.09312251520707465,2.4842937536187737,2.7129212706552734,2.870948165526623
LA0407,Y,sun,low,amphi,2.8342867061131645,-2.1409364227772323,1.5521431814508726,-0.04461562448725,0.007233580865058935,4.349838774325,0.00583509998160247,0.10741237878128054,0.06555486711812945,0.051057129901454466,2.831259964739216,2.964423997313531,3.013781992264511
LA0407,Y,sun,high,amphi,2.8342867061131645,-0.7027810339808088,1.5521431814508726,0.32757100259,0.016886502420211363,5.115870137425,0.009172852081514185,0.30836070896824785,0.18890322974089785,0.10390869825834453,2.163114565004944,2.5688564992364618,2.8528312521256827
LA0407,Y,sun,low,pseudohypo,2.780127555843648,-2.4690031079289065,1.2376234885807675,-0.10644921743975,0.024129410997434802,4.519470267775,0.018427000790058552,0.08153283333965473,0.05915233723871725,0.051758444128816875,2.9256319665400325,2.985366299083606,3.0087758059603176
LA0407,Y,sun,high,pseudohypo,2.780127555843648,-1.1230385835964334,1.2376234885807675,0.41838278538,0.014438797834739578,4.97935981005,0.007296527012967658,0.23374772537274427,0.1500919496930609,0.09061632804463705,2.4572358861681542,2.7228616838898527,2.8969906818678046
LA0429,A,shade,low,amphi,2.9542972066133895,-1.7651601129836256,0.8475196811411055,0.04052128404140625,0.036285189050328695,4.784363831625,0.02840961824802406,0.1472314438378023,0.05417022672619205,0.03203142294829098,2.6899845144592427,3.00187393270293,3.0732755085286185
LA0429,A,shade,high,amphi,2.9542972066133895,-0.8698312584413422,0.8475196811411055,0.088475987756,0.01687720728356307,5.044623019075,0.012252572775323838,0.2616191398478305,0.13407565729262305,0.06718140994607949,2.275891859790797,2.7143661733810704,2.9485057609100176
LA0429,A,shade,low,pseudohypo,2.8504415501587874,-1.9116963905240247,0.4272506941942419,0.141271090604,0.024956515428974913,4.940695811925,0.01591100458025274,0.12646295201736218,0.05596790385204828,0.03563921470281023,2.747757632478137,2.9949350790561766,3.061009021390568
LA0429,A,shade,high,pseudohypo,2.8504415501587874,-1.6124754846808425,0.4272506941942419,-0.0838842626225,0.012893242532806796,4.9838484981,0.013530395846104232,0.1520728753118301,0.09143641121049015,0.05919906773999637,2.667060743557154,2.8715676901169376,2.983288442278103
LA0429,B,shade,low,amphi,2.980981811548017,-1.8268403037613343,0.8031083643920035,-0.04688460201112725,0.03122580734081133,5.230836929325,0.028510284131839505,0.12358812294061951,0.05679366394267287,0.02688023913729867,2.7702744687329512,2.992636990554268,3.0898002750484723
LA0429,B,shade,high,amphi,2.980981811548017,-1.4166547047881888,0.8031083643920035,0.1692482438425,0.003215262705093736,4.8249417723,0.0019221803265796055,0.16413866774021355,0.07509662405796569,0.03816713589610913,2.6189916674607,2.9226317401190993,3.0473238150763367
LA0429,B,shade,low,pseudohypo,2.899336022899481,-1.8273149811888434,0.42555967014682916,0.17300445534725,0.021507099270393966,5.1201038159,0.013196981236623103,0.1065908338319213,0.06209549487746455,0.045705129584627455,2.824124436361716,2.9789868683726883,3.028184974911032
LA0429,B,shade,high,pseudohypo,2.899336022899481,-1.5972645275744473,0.42555967014682916,0.08974380210737501,0.02293919646420979,4.8626590047,0.01679721657574391,0.12047080343134213,0.07378005814185212,0.05125163283411222,2.775271794870882,2.9351009903760006,3.000606891975588
LA0429,C,sun,low,amphi,3.060046571235092,-1.2324056244845536,1.325508506242652,0.3615918719475,0.014436889845857514,4.725643462525,0.007411618821760061,0.19137321901038185,0.11124194647425661,0.06748173592589843,2.524641387953263,2.806379069560079,2.950746709002555
LA0429,C,sun,high,amphi,3.060046571235092,-0.5973665677457263,1.325508506242652,0.2239493950225,0.00964125896819875,4.797520952675,0.005831326401578229,0.28371044614372526,0.15188178252955747,0.09039199930723364,2.188958731233505,2.6553917482050413,2.870087515292742
LA0429,C,sun,low,pseudohypo,2.9253155578612864,-1.5661937130123942,0.7920464169420263,0.16398037407925,0.0200609758815561,4.4673145882,0.01252578943728091,0.16156682063410538,0.08553036080473712,0.05225872827341684,2.65362324906264,2.896681418505335,3.0027153797582566
LA0429,C,sun,high,pseudohypo,2.9253155578612864,-0.7534510379389826,0.7920464169420263,0.2729762858925,0.014708705766143153,5.033014771275,0.008038699636004364,0.27525222694562806,0.1606415493143683,0.08763901595044622,2.2308410371864458,2.634684798227093,2.8859355120643553
LA0429,D,sun,low,amphi,3.045078432897903,-1.5985035787228439,1.4857042373315383,0.09736220281,0.014889018341641738,4.5294496697,0.010541324073709323,0.1298354262682197,0.08371195938059585,0.06586402995710448,2.7488696536858797,2.9004306922080345,2.9615891175311035
LA0429,D,sun,high,amphi,3.045078432897903,-0.3928716610877255,1.4857042373315383,0.2936820173375,0.0047472059432628,4.78698257105,0.002920996912011698,0.29309438888746975,0.14638955281122346,0.0853055781789799,2.173880156637253,2.688408110017993,2.892980894456444
LA0429,D,sun,low,pseudohypo,2.92206430705081,-1.3382589931121285,1.0024983236666725,0.14092693565825,0.017919176285247064,4.517977035525,0.012145278205806572,0.17126412906826322,0.0842090096333753,0.048732037937666596,2.6096133338266827,2.8907424395319072,3.0175830682272116
LA0429,D,sun,high,pseudohypo,2.92206430705081,-0.718922643290095,1.0024983236666725,0.203707338735,0.011889783297454659,4.997817531275,0.007496858555434035,0.2533646665311671,0.13949664532443273,0.07525086714014853,2.3149739470799853,2.7203585575073093,2.9293731305962813
LA0429,E,shade,low,amphi,2.9144005844243286,-1.4332919333549183,0.8891729259161528,0.03674664436771125,0.01962065059694377,4.950417382625,0.014540430110744195,0.17760954613094948,0.07447789384668249,0.03461353009549851,2.5799297329364004,2.946632171356387,3.061663095267233
LA0429,E,shade,high,amphi,2.9144005844243286,-1.0288776517507996,0.8891729259161528,-0.1598339816065,0.0406779086323972,4.97375727625,0.043671640608921834,0.23204651086705114,0.141202264717348,0.08383399444082193,2.401921639086874,2.709959616711601,2.902737525630041
LA0429,E,shade,low,pseudohypo,2.8758303050985066,-1.6358165036324577,0.6694851838611806,0.017826103710533975,0.028222344915652734,5.005347432375,0.020420697141581547,0.15187359243526713,0.061541466227743834,0.025092911810986926,2.6741160451887396,2.9788111725975503,3.0966050057793253
LA0429,E,shade,high,pseudohypo,2.8758303050985066,-1.2537188945341509,0.6694851838611806,-0.087604237828825,0.025627467160131034,5.014580078475,0.027795414620859153,0.19996602409210532,0.10232390454054364,0.052337302866202695,2.5248687691759857,2.8413089938364484,3.007234197766123
LA0429,G,sun,low,amphi,3.003748734704105,-1.9689050035589968,1.7512474650004872,-0.05714693304836,0.019717315305808027,4.28345561895,0.015589023203891064,0.12036810214850821,0.08200008462722491,0.07188046471636113,2.783956199149156,2.903974576619123,2.9385283854832207
LA0429,G,sun,high,amphi,3.003748734704105,-0.7922938674452787,1.7512474650004872,0.15010094371775,0.01387512478265875,4.8098559939,0.009772431211924731,0.2700218644870813,0.17623742477646354,0.11558006884144296,2.239893713995438,2.569800291310015,2.7834828234787414
LA0429,G,sun,low,pseudohypo,2.922445931854238,-2.288810026640717,1.368726793771218,-0.0313167741271905,0.011617063199399631,5.483286327975,0.035253075768208644,0.09371506235739628,0.07471606429603411,0.06284027147751749,2.8655355414715906,2.9274865743783414,2.9671824741930366
LA0429,G,sun,high,pseudohypo,2.922445931854238,-1.2140702386732625,1.368726793771218,0.125601689338,0.006882892404007403,4.88634050935,0.004626712252008794,0.20732381503131997,0.1282820716806864,0.07515625047162584,2.4792180763022436,2.753646541686861,2.9326102000173693
LA0429,H,sun,low,amphi,3.051554931003149,-1.106882731245996,1.563313722299636,0.4854221159475,0.009861541486985466,5.231472119475,0.004516614707904936,0.21283544055952028,0.1073561514959499,0.05447070246910142,2.4793152087313026,2.8359072682736097,3.00260516378853
LA0429,H,sun,high,amphi,3.051554931003149,-0.3942632360921754,1.563313722299636,0.3602446905375,0.011346997970984988,5.310231782775,0.006321506183016529,0.33316143992733654,0.1762301257098835,0.08238941205493107,2.0763094081291475,2.603602314826632,2.9116526109227223
LA0429,H,sun,low,pseudohypo,2.940144727297625,-1.3047102953254865,1.0393712432628552,0.2745870615375,0.013829001383971935,5.19716896645,0.008205108360908035,0.16399546537609364,0.09938560783255208,0.05628078708731097,2.6334094174776936,2.851743895682175,2.993092166228127
LA0429,H,sun,high,pseudohypo,2.940144727297625,-0.37395043790341387,1.0393712432628552,0.3714476338425,0.007975951132616916,5.423899782625,0.004202749196376404,0.2957672853670013,0.17398582688184183,0.0943973027536288,2.1702487251772213,2.5975893906904406,2.8725409698230253
LA0429,I,shade,low,amphi,2.7663582833432536,-1.5868659056517016,0.8467922999591162,-0.19518559302625,0.023360124997739953,6.11678503325,0.045818361808963017,0.13871821071435922,0.09881673011229178,0.07714945386357183,2.7119944418117603,2.84226440740243,2.92216519264886
LA0429,I,shade,high,amphi,2.7663582833432536,-1.7231821460256453,0.8467922999591162,0.0307565517065,0.00848979886501097,4.4120359526,0.007158892359942542,0.1292429071571651,0.10010457604801014,0.09129631486657448,2.749422778633864,2.846911420865904,2.883444744595397
LA0429,I,shade,low,pseudohypo,2.674746962027783,-2.067653212753435,0.5142652575836382,0.14805886304925,0.03716023688768717,5.684288477175,0.025442322682576245,0.10332403437447862,0.046571686464348054,0.023897975805780392,2.8288156593833067,3.027221086516512,3.099789423921406
LA0429,I,shade,high,pseudohypo,2.674746962027783,-1.6936482989796189,0.5142652575836382,0.061270241668,0.0033988655762276923,4.705913543825,0.0025960179784417893,0.1328300928436552,0.09043427194131032,0.06991637839713896,2.7295800236161454,2.8686150279020923,2.9393805034816363
LA0429,J,shade,low,amphi,2.9791463590177063,-0.8000070915587438,1.3472624480853497,0.046556639287725,0.021462891090477755,5.0875334722,0.013059477654711398,0.2735934180300275,0.11180648177025454,0.07187101358836202,2.266025856073743,2.8155647343228485,2.9432820281699708
LA0429,J,shade,high,amphi,2.9791463590177063,-0.5825130862778823,1.3472624480853497,0.20020990849,0.007120432825353303,5.1043963013500004,0.005029462476554426,0.31585049552773803,0.2118213092562454,0.14113048590125582,2.1542141614746084,2.4894830237545933,2.7205275904086426
LA0429,J,shade,low,pseudohypo,2.8667476458904746,-1.1799055033796788,0.832442769231182,-0.077603315479875,0.024204192324760655,5.272868171675,0.024841683665761487,0.19452682801349225,0.0982757237728695,0.04660741629619924,2.494923942440382,2.845670201367241,3.0257584455092457
LA0429,J,shade,high,pseudohypo,2.8667476458904746,-0.9942691282412225,0.832442769231182,0.24867445726,0.00726417328029164,4.955480308125,0.0043785801293066105,0.24252054700581518,0.17431082577570198,0.13510417859207538,2.4386762999401297,2.6141088260435925,2.753658011812608
LA0429,K,sun,low,amphi,3.1730353739670925,-2.067635447741314,2.048311841402431,-0.09334299836182,0.02680794081029151,4.2223808327,0.023402223000417645,0.10530720594276682,0.08449158320518252,0.0781600634466706,2.8302720544553153,2.8902459572479735,2.9173308941375593
LA0429,K,sun,high,amphi,3.1730353739670925,-0.3119214252736533,2.048311841402431,0.486050896565,0.011698572945434478,5.0163269236,0.005287950138054788,0.33339362439381026,0.1895811695002511,0.10584972914903928,2.012296922867553,2.5334134775255244,2.8238475719430265
LA0429,K,sun,low,pseudohypo,3.0277260543687734,-2.3754797017612788,1.4434701924256716,0.031310288070325,0.007944670632414223,4.4793847545,0.0063505516260222135,0.14704958753453498,0.12728317624305888,0.12574653739582192,2.686778876656556,2.7496386380421636,2.7587788389836034
LA0429,K,sun,high,pseudohypo,3.0277260543687734,-1.2518196883316035,1.4434701924256716,0.1381872482735,0.009332920965756036,4.5187885954,0.006525210927049746,0.24452212794011663,0.18140398785296502,0.15021148335164886,2.3593042053645195,2.577729612678577,2.6790462150400005
LA0429,L,shade,low,amphi,2.822002387418915,-1.782618734593853,0.9318110127146821,0.3848208437525,0.0329514187565851,5.3258519685,0.01658903748574381,0.13706797386624084,0.059121904570302586,0.02332561605631488,2.710804125789856,2.982223028278399,3.0976908343553458
LA0429,L,shade,high,amphi,2.822002387418915,-1.0736500161170341,0.9318110127146821,0.20000867772,0.02511535280486553,5.694044865925,0.015245429391458409,0.2313553008704789,0.094319563608556,0.0357459711150518,2.3909041957504256,2.871011059844746,3.0626162693418877
LA0429,L,shade,low,pseudohypo,2.7656677502149574,-2.237157567200147,0.6357486961809793,0.5125780912325,0.03884089303801007,5.40469608365,0.018004332884463445,0.0981854382160129,0.05604182817065584,0.025906018020677317,2.840338697320805,2.994638950204408,3.0934403262919052
LA0429,L,shade,high,pseudohypo,2.7656677502149574,-1.3916896074184795,0.6357486961809793,0.10391613347856,0.04668168126630848,6.031789654825,0.029939593937156003,0.18759787160383518,0.08838230357608498,0.043181509306640574,2.551585125703225,2.890479252370535,3.0351591525010724
LA0429,M,shade,low,amphi,2.734777549341827,-1.2943003595801479,1.0635103104090957,-0.189056673691,0.028931720720258305,5.4717634741,0.03262191123986269,0.1732137720433429,0.08106475486059206,0.034493752772855296,2.620025494088264,2.9181650966975905,3.066698425325169
LA0429,M,shade,high,amphi,2.734777549341827,-0.9332564239552531,1.0635103104090957,-0.14291185220475,0.025608990036011615,5.24464597215,0.029028620748199032,0.22851726604165384,0.12410234415296753,0.06270018324471283,2.4552281395430233,2.7855358999990414,2.9768109446014877
LA0429,M,shade,low,pseudohypo,2.686015895655362,-1.6435714132375254,0.8114906376955286,-0.2283602963125,0.027367862887865132,5.455430080675,0.036991474409329525,0.129270816363129,0.060952359408728486,0.029874473009382688,2.739202220961661,2.9780189971468323,3.0829491979022152
LA0429,M,shade,high,pseudohypo,2.686015895655362,-1.254770954754372,0.8114906376955286,-0.1932299682415,0.03592804615134744,5.06093344275,0.03891542325340542,0.1784964200439198,0.10564849060869937,0.06259148793207503,2.6263258919389525,2.8434090759243893,2.989894992391171
LA0429,N,shade,low,amphi,2.771468080106266,-2.0448749720314576,0.9225196639360823,0.08659842724950274,0.05438128329447564,5.73511168335,0.04088878720061993,0.10561707587014948,0.06045910298308544,0.031432932754136785,2.8201330350757443,2.9781902569370953,3.0734918749166558
LA0429,N,shade,high,amphi,2.771468080106266,-1.5768807135492755,0.9225196639360823,-0.216992084525,0.03174646582819122,4.927007669,0.03956236666057467,0.1522566510143084,0.10142833063241613,0.07534250408092596,2.69348844190388,2.8447812064267843,2.9346671094815173
LA0429,N,shade,low,pseudohypo,2.740201346162555,-2.0553820267297054,0.7239692505629568,0.27731512109,0.045655428793002516,5.448083355975,0.031228131552634,0.1060521432905419,0.05098225433744859,0.025815388772452586,2.8211549316333677,3.0107564693530664,3.0929310942087938
LA0429,N,shade,high,pseudohypo,2.740201346162555,-1.5452111014424184,0.7239692505629568,-0.23574603760075,0.04099021420625774,5.741264298125,0.09635197226970797,0.15192673626257722,0.09408917852915848,0.05968688862212743,2.6655243076228374,2.860489026547519,2.979298613891147
LA0429,O,shade,low,amphi,2.74576473349258,-1.657208757432775,0.8369805257117311,-0.17350659153575,0.019140002264274213,5.314034533825,0.02049883405158858,0.14438975109971997,0.05829261929740538,0.02602155931290848,2.709508386383572,2.990316905781906,3.094104451199478
LA0429,O,shade,high,amphi,2.74576473349258,-1.4477171365334225,0.8369805257117311,-1.751545836110259e-4,0.020148640519411207,4.985013505375,0.01623511131014526,0.17301339653081585,0.10600126756411923,0.06448316464789441,2.6319687983169486,2.833256016520722,2.9726146826943287
LA0429,O,shade,low,pseudohypo,2.7017166140646824,-1.5768720673495915,0.5883816880462397,-0.1086347062805,0.03278071863252488,5.277489927275,0.03407729132431075,0.1411936076476492,0.062038871654828034,0.027071987811675316,2.726395256012395,2.9813132470123045,3.0904217882662808
LA0429,O,shade,high,pseudohypo,2.7017166140646824,-1.8751269782634385,0.5883816880462397,-0.14259323661875,0.02625421163323864,4.92808091485,0.028125035296898752,0.12263618709597632,0.07923796427894017,0.052151754333681084,2.8200999339794617,2.931928531129258,3.0157274241304477
LA0429,P,sun,low,amphi,2.9668021771383746,-2.3014767059415355,2.0401868072983085,-0.02640866592945125,0.012979380456647604,4.754952255,0.013214668778285558,0.07850945147772442,0.06268002934985081,0.0592083814259795,2.912072423839779,2.969910723760132,2.98231410034984
LA0429,P,sun,high,amphi,2.9668021771383746,-0.8345868304023838,2.0401868072983085,0.33507729962,0.014599175787995071,5.134509366175,0.007961788993597358,0.23971550176048573,0.1414624992743861,0.08126406917130094,2.37819785163357,2.7106472859061537,2.9104133467961293
LA0429,P,sun,low,pseudohypo,2.9170412978295133,-2.3163080347790026,1.7837129180713331,0.1316144727535,0.013383179235996428,4.7191067042,0.009130589373434719,0.08456698575097978,0.04968607530670172,0.03997562183257319,2.897400020219345,3.0102516965844712,3.0432847514617736
LA0429,P,sun,high,pseudohypo,2.9170412978295133,-1.2882736939150372,1.7837129180713331,0.224594347795,0.021908196351719186,4.975637710375,0.013539052164540679,0.17730793636181338,0.09748427601304727,0.05784771536456376,2.577425594223353,2.8466346555841255,2.980839860529967
LA0429,Q,sun,low,amphi,2.7843137230228576,-1.1115356946909891,1.7212942208635853,0.17324378778,0.011794210459827552,4.922557414775,0.00784438364486056,0.18248107958471227,0.09668589984218184,0.05756199826867344,2.5849722307550413,2.865895133486055,2.9923534004853174
LA0429,Q,sun,high,amphi,2.7843137230228576,-0.9280468084582564,1.7212942208635853,0.2225939486475,0.01085362890403698,4.982957888225,0.006898677474710191,0.2134858576006918,0.13127399549240742,0.07998209375139964,2.502545922492315,2.7828883706251055,2.927348364373712
LA0429,Q,sun,low,pseudohypo,2.6904030305214763,-1.806486222076092,1.359827443752666,0.0706427534765,0.009480332135357266,4.6971261381,0.007126592084534731,0.1331797922195104,0.09865131192131397,0.08015814667344162,2.7649898115522573,2.854278707136962,2.9173211521571116
LA0429,Q,sun,high,pseudohypo,2.6904030305214763,-0.9560105461574112,1.359827443752666,0.2458385077425,0.01824747021910023,5.11466871285,0.011535025224483776,0.23040244669920912,0.16067793043185624,0.1147370630379693,2.455935662447097,2.6696610020576954,2.816266090677958
LA0429,R,shade,low,amphi,2.769430921485459,-1.9225722677678245,0.8279462523936756,0.2738041624675,0.007200852379225109,5.088365351,0.004250023178632534,0.1272425302917941,0.07075309624032883,0.03992144406765808,2.765250120434763,2.9500271547562327,3.04835524225914
LA0429,R,shade,high,amphi,2.769430921485459,-1.1899460280993512,0.8279462523936756,0.14797533972475,0.015852031312880537,5.533585101575,0.010545561483179967,0.22199693158281456,0.10128800640503538,0.04595331462173827,2.4713251528271813,2.8583931948678445,3.0324006607342606
LA0429,R,shade,low,pseudohypo,2.742815793855923,-1.896005667410494,0.6931966822235878,0.20349504546,0.019172786533956106,5.318034655,0.011422795705255588,0.12672842750378727,0.06241023551422718,0.030186260366065074,2.761194688103945,2.978202660905329,3.08010111446083
LA0429,R,shade,high,pseudohypo,2.742815793855923,-1.2761161955420925,0.6931966822235878,0.270469564015,0.029902467239976502,5.726919251925,0.018351613191451448,0.21254169243370954,0.09853094836446727,0.04330674715916165,2.5354705060017144,2.8804576024071524,3.0470480757879392
LA0429,S,sun,low,amphi,2.9439787914056037,-1.6680439854712075,1.5319810999171506,0.181469508,0.009712953229392989,4.6333948211,0.006285573097978997,0.1394592969870059,0.08961812623740587,0.05779946630682193,2.70963621492409,2.877758835455675,2.985382850977168
LA0429,S,sun,high,amphi,2.9439787914056037,-0.5597831773262636,1.5319810999171506,0.06259747348035,0.03275238544959334,5.635007259825,0.03676126329434204,0.2981764215894496,0.1777373270517906,0.09678421988980805,2.137422128111619,2.562766757902431,2.849396246030666
LA0429,S,sun,low,pseudohypo,2.869693476319711,-1.73849163551856,1.1329006189401822,0.2614289352175,0.01357577388761743,4.691993292625,0.00825446193083899,0.13408502159319183,0.07300428515155659,0.056058735246117083,2.726615373755728,2.9411431795329026,2.9928992256777622
LA0429,S,sun,high,pseudohypo,2.869693476319711,-0.5680056761040646,1.1329006189401822,0.080324665207075,0.02427631421843847,5.67819655255,0.025033972055191384,0.2832705261776528,0.1604435789989782,0.08051310519554916,2.179419552590214,2.6256728674584346,2.9065755077384487
LA0429,T,sun,low,amphi,2.91332588090748,-1.20735751177238,1.4109000372120102,0.378061158,0.01656496792291633,5.11298415645,0.008866089475485527,0.19525579255759093,0.1122343905106368,0.06047043799468657,2.5301147626314857,2.8123111193749692,2.982839648955148
LA0429,T,sun,high,amphi,2.91332588090748,-0.42964688682599145,1.4109000372120102,0.4353787747875,0.016246030844110533,5.109025894275,0.008174282774589417,0.32293645465858606,0.17190737833568145,0.07770196407236503,2.1086675507003596,2.6202083389843853,2.928604833678863
LA0429,T,sun,low,pseudohypo,2.81974955118757,-1.832090622159992,0.9733232044500962,0.3424779897325,0.018538846170856237,4.969136368875,0.010196355147415282,0.11710661388394931,0.08335501150851146,0.061323614256225616,2.772059000260664,2.904348430342168,2.977777939054917
LA0429,T,sun,high,pseudohypo,2.81974955118757,-0.5727647954056504,0.9733232044500962,0.5086417783275,0.010990103700768503,5.306596177775,0.004701326620648906,0.28278398243414266,0.15668629942740536,0.07825670781650823,2.241812874904536,2.68626995465335,2.9365874254223643
LA0429,U,sun,low,amphi,2.882446372225657,-1.002811088990939,1.5166720484909535,0.274822425165,0.017484582822266035,4.57499809035,0.009466502426818003,0.17303139434166986,0.11497468886087339,0.07976370225249867,2.6034284791892315,2.7957545643807107,2.9173797511030837
LA0429,U,sun,high,amphi,2.882446372225657,-0.07654365300200268,1.5166720484909535,0.3843502890375,0.009860262582383436,5.2331868855,0.005214958874081785,0.32187095577717684,0.19584329464230535,0.10943873711597668,2.118146819345596,2.5490361950381306,2.831088492241541
LA0429,U,sun,low,pseudohypo,2.792095810480811,-1.4409552374192238,1.1683091097810743,0.29687177084,0.009932606313463327,4.838191573425,0.005708783558830343,0.1632166006666967,0.11484519681471039,0.08599238970405039,2.6318199907460444,2.7916669159301604,2.8907280114022598
LA0429,U,sun,high,pseudohypo,2.792095810480811,-0.5908067143354122,1.1683091097810743,0.505205241225,0.015264297676140567,5.181384619125,0.007236497561000731,0.294212809050645,0.19355570981479814,0.1177843547755385,2.2269584144427323,2.563627487870032,2.8113201882042285
LA0436,A,shade,low,amphi,2.773773034882409,-2.6659780567846845,0.9692763812830589,-0.10747136711825,0.014455726275832477,4.472618203875,0.013798202193996108,0.061241709640213915,0.04624294706161053,0.040826045129896175,2.9820769357447037,3.0237962143374544,3.0439064201271595
LA0436,A,shade,high,amphi,2.773773034882409,-1.326108968576798,0.9692763812830589,0.125830354745,0.006576031524446496,4.38477268765,0.005134267093571339,0.1422485984826022,0.05534849244024364,0.050717235104583175,2.72368929892714,2.993891683799622,3.015339051174281
LA0436,A,shade,low,pseudohypo,2.6107797543755655,-2.541137464298678,0.38621919324689813,0.0265415270552275,0.04557550230639795,4.08757863635,0.03727224206777398,0.07682341856421067,0.06876136185853055,0.06672939249719453,2.906610008779195,2.9388391549563773,2.950686051224871
LA0436,A,shade,high,pseudohypo,2.6107797543755655,-2.5572997029144497,0.38621919324689813,-0.00361272401223545,0.024907536075789816,4.529277332525,0.02631584248166826,0.08029132500934513,0.07576528554938115,0.07386720544414048,2.9231243181091306,2.934114188962126,2.941938352734043
LA0436,C,shade,low,amphi,2.830608835360487,-2.6784949668172646,0.9638255515542686,0.06549455534275,0.008532747458617703,4.538596731025,0.007708852900912818,0.027358057655695957,0.017501259791545484,0.013439059114379636,3.097072993492234,3.1228084095778033,3.133624907097412
LA0436,C,shade,high,amphi,2.830608835360487,-1.5010837978042724,0.9638255515542686,0.2999313101525,0.016479993948370342,5.333131314525,0.009470669983988086,0.0721832273927487,0.03350391442013778,0.01681615512434536,2.9434025969817426,3.0743608004111533,3.1243162390373387
LA0436,C,shade,low,pseudohypo,2.778715527445214,-3.1718118216280624,0.607835115780171,0.052885746292225,0.011080818698607206,4.66130699185,0.008571317524032002,0.03307300667427944,0.022424879414090597,0.015909457368156767,3.067062111382005,3.099530485694375,3.126487126207452
LA0436,C,shade,high,pseudohypo,2.778715527445214,-2.122192278707616,0.607835115780171,0.1823342845355,0.0293429172086534,5.11559210215,0.01653474722208293,0.07425834298125918,0.032333275485705734,0.021088799694536454,2.9421292912470407,3.0819603336243104,3.111137833038225
LA0436,F,shade,low,amphi,2.879596217467432,-1.4435523596216462,1.1673307880841155,0.1963907594075,0.010615058777089036,4.94076951155,0.006544694904920807,0.11577797432167788,0.0453544108366279,0.022511955205554924,2.8049080218681928,3.0319380405600254,3.1033694801952003
LA0436,F,shade,high,amphi,2.879596217467432,-1.7354195788315816,1.1673307880841155,0.2239706630375,0.007362107142036307,4.947120548475,0.0044383436868322135,0.09447329720308868,0.048568398816359215,0.027819505385981654,2.8752838621773624,3.0192620210225605,3.087999216178502
LA0436,F,shade,low,pseudohypo,2.843985128927026,-1.3296407909439387,0.9244191455428888,0.7129153085975,0.008098255388242902,5.3287712842,0.003074316876839499,0.12956724634726718,0.0633934847083599,0.04206662040556937,2.738383256637241,2.9754512793013186,3.0375922951944
LA0436,F,shade,high,pseudohypo,2.843985128927026,-1.152891726167986,0.9244191455428888,0.29171054399,0.011135230076007838,4.84604117235,0.006135114985548108,0.1427558554823118,0.06938309124878153,0.043255883075892905,2.6975391264784623,2.953575333452825,3.0351246886356824
LA0436,H,sun,low,amphi,3.0720415868167232,-2.373841788330492,1.6649259229255782,0.03096936059136275,0.019791160079634985,4.691647890025,0.015654036556669606,0.06488989672545059,0.05385569766466511,0.0459971807263075,3.000142731373779,3.003866556411932,3.0285911986767298
LA0436,H,sun,high,amphi,3.0720415868167232,-1.492202121513959,1.6649259229255782,0.33447101765,0.007668682054320249,4.7055355034,0.004739405330022851,0.11806088527151026,0.05604188552043729,0.05098291367463315,2.8161197077605005,2.997878158357927,3.0137756599837067
LA0436,H,sun,low,pseudohypo,2.9968837777632116,-2.6019321452041875,1.1947996705692454,-0.04693848997375,0.006431707170000331,4.651555847975,0.005737174156064114,0.053923777977719016,0.04458086969298507,0.03967475957616187,2.9934928162803427,3.0255058902560865,3.043623079093552
LA0436,H,sun,high,pseudohypo,2.9968837777632116,-1.1018237528976125,1.1947996705692454,0.170749064685,0.017961882744210452,4.906925836075,0.012599333247620581,0.152980019525986,0.09691877242015817,0.06060667604575731,2.6816979545680537,2.85440320623377,2.9743145976913836
LA0436,I,sun,low,amphi,2.9256392945873486,-2.726538105142224,1.8094471970721562,-0.10766424424275,0.014249044098557095,4.36127433835,0.013191152135200437,0.041308600870127075,0.03349050936028376,0.029598443155062198,3.041210857469832,3.069712064301109,3.082908756621739
LA0436,I,sun,high,amphi,2.9256392945873486,-0.3161695340668619,1.8094471970721562,0.34902778695,0.009212936731514805,5.13221020975,0.007264433977295304,0.25284312305330403,0.07522446713899708,0.04975007648279664,2.34851586111768,2.928402331170158,3.0154730235225835
LA0436,I,sun,low,pseudohypo,2.843671182569416,-2.780783444770187,1.2259146508962708,-0.0888478914325,0.010337555344773042,4.8361842769,0.009758214682627893,0.050707981514962766,0.04026647173473403,0.03188397775879256,3.007452125207162,3.0444924801681625,3.073724590972192
LA0436,I,sun,high,pseudohypo,2.843671182569416,-1.4299743637769708,1.2259146508962708,0.219335223305,0.013655625512974405,5.03135489675,0.00836950671122,0.13794029202363273,0.08412766809979577,0.04961913490081077,2.78685779939683,2.9061640611140502,3.0204941428416268
LA0436,J,sun,low,amphi,3.0252202893323084,-2.6991297688800007,1.7544728994008862,-0.143525394616,0.017705113468865403,4.9367816254,0.01650393718152602,0.0589550826269243,0.05085271297934745,0.05029550259164627,2.9822917933249258,3.0084154812482455,3.013972798564157
LA0436,J,sun,high,amphi,3.0252202893323084,-2.089292372338844,1.7544728994008862,0.3599347002625,0.018475206766700687,4.623148141075,0.00942155256443153,0.08451443667424051,0.05982458004626148,0.05026736841275021,2.903826233139707,2.9824907829701637,3.014832897656476
LA0436,J,sun,low,pseudohypo,2.883004312851258,-2.1028244492585633,1.071234899922828,0.1059548708255,0.008568906285660243,4.69947481815,0.0056757638307465795,0.08637100906815069,0.0507349968717902,0.033155843882114774,2.8967365078098544,3.0089118848805416,3.069346715218331
LA0436,J,sun,high,pseudohypo,2.883004312851258,-1.0127667082677674,1.071234899922828,0.1486437620375,0.01054653057527503,4.965977032175,0.006558824399907315,0.18517088243514643,0.08704004399068167,0.04459505050795536,2.5546481685905507,2.891588458684788,3.032722004961468
LA0436,K,sun,high,amphi,3.0801817696126457,-0.9839007114458747,1.6350135411857065,0.2974266779275,0.01558273827496886,4.88332675135,0.008997388688872619,0.17319018068058376,0.09958003773579414,0.0692591405037491,2.610623731468893,2.861552759452718,2.953267209171834
LA0436,K,sun,high,pseudohypo,3.023707929795355,-0.48308006724602653,1.0626422155044648,0.24785968868,0.010601054037843647,5.5487108449500004,0.006676975534656932,0.22128382984815426,0.11121832801346877,0.05374035989596957,2.383807827632319,2.8069104188991694,3.002156968960609
LA0436,L,shade,low,amphi,2.8925003498331243,-1.2063141458764297,1.0952239442072618,-0.0410643181865694,0.01739363247477721,4.94383870415,0.013536041606934019,0.1447162445850281,0.05668723983200297,0.02163674751154139,2.7048537075430428,2.999543242470304,3.1084122848738196
LA0436,L,shade,high,amphi,2.8925003498331243,-1.0400591005967985,1.0952239442072618,0.054150258133925,0.012755537357239494,4.97877069895,0.009367401375420276,0.1719107875836237,0.0770634985839993,0.03573565559018841,2.645752970502195,2.936681989922981,3.0673171337566854
LA0436,L,shade,low,pseudohypo,2.8477463690740703,-1.1845411904195584,0.6698729219180566,0.1221395858075,0.003157344978269445,4.8796083695,0.00206149679589968,0.1390269683371414,0.04996602414465735,0.018389907917259283,2.7002378438714336,3.0146724261013214,3.1214225255410453
LA0436,L,shade,high,pseudohypo,2.8477463690740703,-0.8463210760743242,0.6698729219180566,0.3473011197625,0.008079419313350336,5.08579217195,0.003941175787912282,0.19226564883049235,0.07123707820882204,0.02734504497364878,2.571799179079094,2.974963823232721,3.0960625964911137
LA0436,M,shade,low,amphi,2.9045995688576043,-0.9646356855103992,1.4627983469785695,0.07505541565625,0.02070139237298349,5.3255287162,0.014069535839557303,0.15785406417605444,0.05692369191143716,0.021551853378355794,2.6782859957687615,2.998895019764994,3.1085803892100556
LA0436,M,shade,high,amphi,2.9045995688576043,-1.1781004611366885,1.4627983469785695,0.15510028096,0.01188865321013639,5.42423416185,0.008695038763189212,0.14075661501489442,0.0726705073893475,0.038145997311373636,2.762527649870532,2.952711960228269,3.058321014554634
LA0436,M,shade,low,pseudohypo,2.808857373170337,-1.40406046295634,0.7684549166429259,0.1412027523845,0.011497764861265457,5.2761146012,0.007694662981844599,0.09111035158178485,0.04099740743850777,0.020601125266975447,2.882181194094839,3.0456219715213084,3.1150105562526793
LA0436,M,shade,high,pseudohypo,2.808857373170337,-1.1926235930732858,0.7684549166429259,0.2058983067,0.011568938029935397,5.396110906875,0.008697749518612975,0.11771850272579673,0.0639621505317085,0.03299539358631488,2.851522797606649,2.978109731560588,3.075794916869271
LA0436,N,shade,low,amphi,2.865917209927754,-2.6156252951674617,1.0805598965391014,0.073410954225,0.005877051155811778,4.420902560625,0.00503178824358937,0.051819087209418954,0.04075015944769903,0.03711927224764111,3.0069348850896245,3.0448074575700614,3.0578557550081125
LA0436,N,shade,high,amphi,2.865917209927754,-0.9622538140364086,1.0805598965391014,0.18928347065,0.01046246993525322,4.829369020575,0.0067825062022256995,0.18557951501910458,0.08125373759126936,0.06429759838658855,2.5946051864230086,2.9222889957304576,2.978444193036069
LA0436,N,shade,low,pseudohypo,2.839572641928177,-2.7344305372718223,0.6859638167717942,0.153800842066,0.016283177326496933,4.82308746525,0.01238613660718307,0.05763699815707848,0.040078888909921936,0.031723667494180395,2.986029488500031,3.046376146624221,3.0752062922035392
LA0436,N,shade,high,pseudohypo,2.839572641928177,-2.1990808546803162,0.6859638167717942,0.0529749668915,0.007169159453285216,4.64761297015,0.006024763456336277,0.08639605480286817,0.0648211920891614,0.05319087768729357,2.8978866047639222,2.9678005565638177,3.0063002311462204
LA0436,O,sun,low,amphi,3.129527497168833,-0.8941382879157634,1.390474751821867,0.42015543354,0.020591355871812364,5.072793934575,0.010645570353369006,0.17506165466503593,0.08309777263232214,0.04277936302767889,2.6063855405008454,2.910303565757919,3.041700023897815
LA0436,O,sun,high,amphi,3.129527497168833,-0.5765807284500306,1.390474751821867,0.2997202108225,0.009466007110189727,4.978063453075,0.004996857161304809,0.22163351110174412,0.10957316887301431,0.05557130998700012,2.480650878899711,2.834485104558862,3.005195633246892
LA0436,O,sun,low,pseudohypo,2.9411666668450756,-1.6017991885436296,0.5956009729110663,0.2740453418525,0.02265425629434861,4.97708410795,0.013649710167355588,0.10437332928778317,0.08695730296200926,0.0690857289470617,2.827507484804054,2.8977045253575042,2.949499373831703
LA0436,O,sun,high,pseudohypo,2.9411666668450756,-0.6793422676439609,0.5956009729110663,0.2538319916475,0.018347090159704392,4.9501468395,0.010538349826253622,0.21096678395824606,0.13495324984283322,0.08168146869978762,2.498575968331443,2.7624804693622025,2.9180577740519555
LA0436,P,sun,high,amphi,3.058133136564622,-1.0941929052746722,1.7759896119023302,0.192217729585,0.009902218604266367,4.96819160695,0.006772778598643491,0.12853707475763435,0.09334205006410673,0.07089192978171484,2.771556492275395,2.8796761960337243,2.952360106883671
LA0436,P,sun,high,pseudohypo,2.993982000388554,-1.1999765576177297,1.3332301054553455,0.3343747276775,0.008759560979189656,5.113047265625,0.005246680428883259,0.13919081039103634,0.08539040339208123,0.04846226164499219,2.7444515930247793,2.9112216300364735,3.027635603559541
LA0436,Q,sun,low,amphi,3.0334845667999706,-1.3565598363861244,1.6938454738778133,0.1522779503925,0.004146326944807417,4.6102606861,0.0026213714170255,0.12617342031063375,0.06600431059907551,0.05762983379347221,2.7674890938521086,2.964670197485205,2.993469238234961
LA0436,Q,sun,high,amphi,3.0334845667999706,-0.5497601038854895,1.6938454738778133,0.2610925660875,0.011526790705024537,4.7938139921,0.006338705214644556,0.23247780128924453,0.127960981839776,0.07384350392021431,2.4535101496948886,2.7813101683616828,2.9485557181192106
LA0436,Q,sun,low,pseudohypo,2.968157468230646,-1.0142219106450692,1.260287650320368,0.238249659355,0.014103674909140227,4.88755939865,0.00901980956605571,0.18699048932684972,0.0772390487182673,0.05980410883387113,2.543764974808019,2.9207438019311613,2.9795311944287426
LA0436,Q,sun,high,pseudohypo,2.968157468230646,-0.6572648980233808,1.260287650320368,0.32203067609,0.011273265211030881,4.9515703431,0.005988442175114789,0.22859544147394664,0.12837425283879444,0.08181370980724534,2.3939541769414054,2.7392384341323446,2.901122284693459
LA0436,R,shade,low,amphi,2.8762315135361933,-1.1222361996493058,1.3035364739941675,-0.41917486192,0.02382612466151112,5.242707774425,0.02934244415508782,0.16413466153110368,0.05813551650206587,0.03652940794846219,2.6564351557820927,2.995424654827198,3.0624692595957104
LA0436,R,shade,high,amphi,2.8762315135361933,-1.3357351243599414,1.3035364739941675,0.17432002420475,0.020926649041009486,4.71931922605,0.013136453129702432,0.15104394421289682,0.10151070072752348,0.07772822029982478,2.765831387464022,2.8707221633105746,2.9393523313657623
LA0436,R,shade,low,pseudohypo,2.8433038755070186,-1.1842167772185352,0.8622660280292131,-0.198142660385,0.030870862284184813,5.522385042325,0.044649959963468315,0.13963730920183282,0.07091800198259385,0.03813752480202788,2.727685480943092,2.945152611431207,3.0534124898817923
LA0436,R,shade,high,pseudohypo,2.8433038755070186,-1.1113002013365385,0.8622660280292131,0.17911769176,0.025099609783603306,4.834819718425,0.016963617407443336,0.16138512274916522,0.11518403886079422,0.08105673034511716,2.760446624650219,2.8211649798516962,2.920402488112429
LA0436,S,sun,low,amphi,2.978100765983234,-1.096172503361149,1.7002460255931597,0.1958856163125,0.01803459326579511,4.729343865925,0.010835119921554864,0.1721795260003626,0.08272015078087647,0.048348066548446304,2.6377577822740457,2.9147431864009024,3.0259330080849276
LA0436,S,sun,high,amphi,2.978100765983234,-0.9132813136799286,1.7002460255931597,0.5047414118225,0.026389432990072837,5.12569372125,0.012501116078815008,0.20511575787107053,0.11539192014170596,0.06567092132898578,2.560241861269506,2.822279852943174,2.976353405292897
LA0436,S,sun,low,pseudohypo,2.8559246717372146,-1.3534225168495528,1.2361621213372032,0.0952241519415,0.003903887163977219,4.8300690676,0.0028045240963534197,0.1358308142072243,0.0705025012287129,0.03738152327605855,2.7391312650695623,2.9477647483808176,3.0585084692622018
LA0436,S,sun,high,pseudohypo,2.8559246717372146,-0.8477493852841352,1.2361621213372032,0.19556027167,0.013135802549931243,5.0969956681,0.00846490550184827,0.2006295719564212,0.1204893997637393,0.06303081279693602,2.5570344787173287,2.811775058752224,2.9892758932073002
LA0436,T,shade,low,amphi,2.75445178674059,-1.9463012835902982,0.9690944733519373,0.0793724034365,0.016231942077313835,5.303311896625,0.018486732039803097,0.07519073700710198,0.03971291277234993,0.022263688901494286,2.938444350046807,3.0484267628801294,3.10553111080674
LA0436,T,shade,high,amphi,2.75445178674059,-1.6579937053705385,0.9690944733519373,0.00840074149598935,0.017057516878411883,5.3248689134,0.016772869958967106,0.1019048156227478,0.058908301104882786,0.033560613303623824,2.8722068457897794,2.9988860543849767,3.0760708636585514
LA0436,T,shade,low,pseudohypo,2.6937710710745346,-1.6990336303726088,0.508855341293108,0.219917436925,0.011100708063068083,5.1337113768,0.008475528749559392,0.08976626590292061,0.04771785212328178,0.03223821957115696,2.8687030749452203,3.0216221594620265,3.0730731420665767
LA0436,T,shade,high,pseudohypo,2.6937710710745346,-1.8700447157569755,0.508855341293108,-0.0553159115486425,0.026738574188801604,5.0551171768,0.02437966494970904,0.08440200732123859,0.05503266540684562,0.03617369490438544,2.923260595622263,3.003326203512033,3.0669955945536445
LA0436,U,sun,low,amphi,2.954443402140177,-0.7010941498920655,1.794847095561387,0.0966125411775,0.007794382599771308,4.6411896825,0.00628927959083722,0.21759917955187186,0.05562329937930134,0.03394020872990476,2.4452249836526203,3.006708996912549,3.0640395925299533
LA0436,U,sun,high,amphi,2.954443402140177,-0.39641548651372566,1.794847095561387,0.421180477855,0.013780255992758618,4.9149438657,0.0071202900064244136,0.28349732966442176,0.1483239843077666,0.062441931848444265,2.250722161754569,2.7356931237782627,2.975126251699386
LA0436,U,sun,low,pseudohypo,2.899422351157831,-0.640837861787993,1.442379513310179,0.11568737378925,0.010506928122081339,4.869590712,0.007535850810216087,0.21384237582698246,0.10084075910029641,0.0570706411488611,2.397395368565993,2.8423101645000504,2.988056315043204
LA0436,U,sun,high,pseudohypo,2.899422351157831,-0.6310994922584922,1.442379513310179,0.39402893363,0.011732426739215415,5.04556870885,0.006292881846961818,0.23497533548093694,0.1388063464883377,0.07948130552614788,2.3958562466285755,2.7335315029894387,2.9262240435271702
LA0436,V,sun,low,amphi,2.9531622143344824,-0.7379726952843145,1.6908774983217938,0.31419112228,0.004590310239768418,5.093623491375,0.004615613498965336,0.2554483626513261,0.05114834099737552,0.041356924978011474,2.3963975110764437,3.0145567999439047,3.047507925897532
LA0436,V,sun,high,amphi,2.9531622143344824,-0.48809579865732583,1.6908774983217938,0.3113788391725,0.006116348472662552,5.37924259315,0.0036408966049292038,0.30514061890814065,0.1715208252631156,0.08497476091281338,2.2455472242973435,2.6411232883609497,2.912870812055321
LA0436,V,sun,low,pseudohypo,2.905638605966615,-2.6426250502790505,1.348152985088118,0.056093578794975,0.009131307523244052,4.24422714645,0.0101789630677231,0.07026455592879667,0.05759578054668973,0.05300196413843594,2.9466597006285684,2.989665642736603,3.0051826605101275
LA0436,V,sun,high,pseudohypo,2.905638605966615,-0.6615274728731397,1.348152985088118,0.251468128455,0.0031725300246673483,4.859551728275,0.0024507769468321275,0.27367743760146146,0.11710521877502365,0.09597492496056022,2.3021873767462426,2.8237980605067663,2.8826376566848326
LA0444,D,shade,low,amphi,2.9796914234381906,-2.7827759863782013,0.8157554841259583,0.011545908821354,0.003305148341479387,4.550327384025,0.0038806308651313593,0.07887987216529618,0.06539149273398348,0.05932211737314205,2.917132141557577,2.963657122273972,2.9838413078599717
LA0444,D,shade,high,amphi,2.9796914234381906,-0.9437982782233126,0.8157554841259583,0.1857046252285,0.029071490648619264,5.666227671,0.026849014767193775,0.23136730758064866,0.14042783444523643,0.08154757183746164,2.4064190848001723,2.7072647011991045,2.906319313670295
LA0444,D,shade,low,pseudohypo,2.771482502882347,-2.5692534138291276,0.14512656253447817,0.0639174013625,0.008256262734528662,4.72555610415,0.006601498399241001,0.08104518876775163,0.06683710017765378,0.057480419517776715,2.906530716647745,2.955431612484806,2.9871724697256807
LA0444,D,shade,high,pseudohypo,2.771482502882347,-1.2022810115991587,0.14512656253447817,0.20224145186,0.016254276099852916,5.317247120825,0.01324386639324764,0.19220322841653587,0.13578444592367384,0.0928365154674207,2.5160513510446156,2.7216309349053978,2.8629867744313815
LA0444,E,sun,low,amphi,3.0159631963298676,-1.7666130253671157,1.5434428354133027,0.13689005878075,0.008323139623763473,4.270544838775,0.007049102646509643,0.12886389597554723,0.04400063751568803,0.04128824186575267,2.7525427681897616,3.033856228518406,3.04367242007576
LA0444,E,sun,high,amphi,3.0159631963298676,-0.547647517000121,1.5434428354133027,0.180863233915,0.017017276530653755,5.4271524323,0.013552418362675398,0.29554859927450067,0.1706906403091989,0.0958618724745966,2.202637373738831,2.615223273262705,2.8563892668951376
LA0444,E,sun,low,pseudohypo,2.973172837965342,-1.926719583956866,1.0233431969413778,-0.05867189264875,0.005952769798882062,4.790025571325,0.005092728571118331,0.11847208534127047,0.0810466518861011,0.05796747563109333,2.7886917293314095,2.9064040735722934,2.9863715896109317
LA0444,E,sun,high,pseudohypo,2.973172837965342,-1.3471779364405394,1.0233431969413778,0.11360494808375,0.013311471679005392,4.771919157625,0.010717267659522564,0.17509532337880104,0.13391312669234157,0.10953122923730321,2.5807606635735034,2.7252162819872474,2.8093306457956935
LA0444,F,shade,low,amphi,3.164922332794251,-2.067391529753443,0.6720977850709047,-0.016429644444368827,0.006682613266498578,4.8413929877,0.005522048064804062,0.10363438507196769,0.08337061264369884,0.07165800924828737,2.8403366649911566,2.8961067684801955,2.939953693183144
LA0444,F,shade,high,amphi,3.164922332794251,-1.096834222831806,0.6720977850709047,0.068946006247125,0.016995554144769758,5.726694782425,0.016733821218406802,0.2136236091008949,0.19026435974759387,0.16907966415353176,2.447827158475331,2.529895878560031,2.6043226327929734
LA0444,F,shade,low,pseudohypo,3.2086990754940645,-2.2503949774972667,0.45974081305386305,0.011908484834574,0.01067148655071261,4.825978961225,0.008984070746207263,0.12166347650921404,0.11166403757673704,0.11072030694362937,2.8061438371861773,2.8061471956935864,2.808351069750301
LA0444,F,shade,high,pseudohypo,3.2086990754940645,-1.1088058896670026,0.45974081305386305,0.19908543867225,0.03764891556408095,5.876916335925,0.03850959512631813,0.22743609322533379,0.19345732219738854,0.1676195431867374,2.415936687507724,2.539303363128383,2.6298578230613345
LA0444,G,shade,low,amphi,2.9297145939323266,-1.8498163571843746,0.9544238887100895,0.2210489403315,0.03362942324794324,5.0244854271,0.02287299265788251,0.10150490510742838,0.05607460569832863,0.03167699113383081,2.844244503988959,2.9959068412382157,3.0726743940511914
LA0444,G,shade,high,amphi,2.9297145939323266,-1.327642245531915,0.9544238887100895,0.1056718968575,0.006486562442546736,5.200237012175,0.004847964380238608,0.14528064045414257,0.09655153644122133,0.06641475190104792,2.6923188158179276,2.8575728667929106,2.9560460500613233
LA0444,G,shade,low,pseudohypo,2.896556883171271,-1.7478817098174486,0.7395175229180996,-0.1145571266826,0.033818777380236226,5.549230332675,0.057550195472038025,0.08899818101658706,0.05269334476733192,0.03224294056412302,2.8893551001119295,3.002059171944435,3.070427897774256
LA0444,G,shade,high,pseudohypo,2.896556883171271,-1.1075305369294584,0.7395175229180996,0.184219597185,0.014675012611199663,4.901622417,0.009341510472577395,0.14617826794435848,0.10648251248651598,0.08089473645857034,2.698636461567776,2.82278671154078,2.909150178616076
LA0444,H,shade,low,amphi,2.6933488430212496,-2.518454826129846,0.7656195489979515,0.05932049296725,0.011462875103232366,4.59698185345,0.014170595733191725,0.06842991287347591,0.052224141607972806,0.045309289270174365,2.951405983469635,3.0067406878146987,3.027830608957788
LA0444,H,shade,high,amphi,2.6933488430212496,-0.938673367343029,0.7656195489979515,0.367158919235,0.03593173220770876,5.2281263488,0.01913899831036668,0.2206617316355798,0.13632685836265881,0.08262165952052404,2.4477275350553827,2.73056749117361,2.901175846478825
LA0444,H,shade,low,pseudohypo,2.6718657432002306,-2.6969165863540363,0.6704487333857732,0.056443134493,0.006762658122546849,4.39786242605,0.0054064731204729755,0.060771581704534,0.04750405929546628,0.04212242479292146,2.9756080102613507,3.019413595151986,3.0346437637737047
LA0444,H,shade,high,pseudohypo,2.6718657432002306,-1.4872449181915801,0.6704487333857732,0.259879591925,0.02224669769684256,4.949899045,0.015856321935866263,0.15743608727912065,0.11231125268504522,0.07833269945115084,2.6727088937593555,2.8211376836552615,2.9315381547365913
LA0444,I,shade,low,amphi,2.955379065263241,-1.287732064081777,1.0358130818791036,0.1793490617175,0.013928103545681653,5.062860184475,0.008394970004100314,0.16917223021644712,0.06598714863465369,0.023922052021811958,2.612213046724623,2.962632553788723,3.099165256399086
LA0444,I,shade,high,amphi,2.955379065263241,-1.2226257474644928,1.0358130818791036,-0.237056919525,0.02845446876929774,6.024215007175,0.06633496562110129,0.17908546070150602,0.11857233995870796,0.07552418224361962,2.581871478925218,2.784921019324788,2.9270973415552817
LA0444,I,shade,low,pseudohypo,2.904138349917733,-2.024650741056074,0.7470989896645613,0.1254207601785,0.013251211041878166,4.943972571725,0.008749586771623942,0.09810082736200823,0.04808644909195798,0.029776583199752717,2.8536294626326835,3.01812364444931,3.080043132794352
LA0444,I,shade,high,pseudohypo,2.904138349917733,-1.5085159571494828,0.7470989896645613,-0.04056414127837625,0.0451711574279537,6.186325453175,0.09006291198443012,0.1436737187650522,0.09129968783284222,0.057370238736923006,2.6887585153501985,2.8728618109462625,2.9866777272096496
LA0444,J,shade,low,amphi,2.9259986322290144,-3.199012488556339,1.0252251481942445,0.006199201040049225,0.011767390767826673,4.5501748175,0.00990931219711029,0.03823367945342883,0.029864542184517964,0.025119135147005672,3.0517397171573846,3.073278551376138,3.0979506305424684
LA0444,J,shade,low,pseudohypo,2.9204412555460944,-3.356233243535403,0.7971888928703056,-0.0993247430745,0.012172495890856647,4.521191279125,0.012018943937344028,0.028379294943769034,0.022346634770007614,0.01844370716540675,3.075216029140464,3.1014819075523254,3.119369139706519
LA0444,K,sun,low,amphi,3.000879967518133,-1.511096424729184,1.2366254301972164,0.1871996744675,0.020892170812705307,5.287204708175,0.01302000255909077,0.11352234746747408,0.07644624518536185,0.05023660787640483,2.8123089346179264,2.930733895102552,3.0148106750886257
LA0444,K,sun,high,amphi,3.000879967518133,-0.7594391165043454,1.2366254301972164,0.25423943457,0.0249646673403525,5.481249046475,0.01983688247108958,0.19932485978290973,0.1543865809393482,0.11938040568645024,2.5195282595903543,2.6683311044378195,2.7899175215446794
LA0444,K,sun,low,pseudohypo,2.9811337283413635,-1.6963538898500894,1.0479249685534398,-0.004328817059934324,0.009390814340791072,5.143518959025,0.007336042944520535,0.0933554424734978,0.06454155142992947,0.04700593669057957,2.8640522839272817,2.9601631473440806,3.0197037488977
LA0444,K,sun,high,pseudohypo,2.9811337283413635,-1.012310877898381,1.0479249685534398,0.2475611356275,0.025382638365246252,4.901745054925,0.017991518769307335,0.15403237259062943,0.12673664120131287,0.10256102775238576,2.645329726315751,2.7405727443653247,2.8236628183442307
LA0444,L,sun,low,amphi,3.010571679785079,-1.5108486792629272,1.739824289853657,0.227269036235,0.0103971203426845,4.587506624725,0.006242546187222086,0.1327630531237574,0.051219283558559404,0.030267722596506785,2.7529684762020334,3.0155051019995214,3.08049117945544
LA0444,L,sun,high,amphi,3.010571679785079,-0.45264192269297787,1.739824289853657,0.5538277299775,0.030512292088530336,5.698416784075,0.014020113106677305,0.28600649675791656,0.14620134102260862,0.06405184498334862,2.2268181564064786,2.716233892772721,2.9750267135128463
LA0444,L,sun,low,pseudohypo,2.917675621630945,-2.080519521190045,1.3353558687147096,-0.0494362944423425,0.025350722292455424,4.60605323955,0.02151212824274866,0.076880489858121,0.05391727103166628,0.03667683585541288,2.935919141418419,2.9995558741037147,3.0579184281025857
LA0444,L,sun,high,pseudohypo,2.917675621630945,-0.6143390565122205,1.3353558687147096,0.3644949750175,0.01867827803213156,4.99065978175,0.010179547910264533,0.20824027519087582,0.11191835477346065,0.057778182559244023,2.4527509221665307,2.7940218957017446,2.9828735710319947
LA0444,M,sun,low,amphi,3.1737807321347677,-1.3362114258611504,1.3692840785354177,0.1348331230375,0.006697920242422738,4.47590010975,0.004454995451587837,0.1702533718561712,0.10592563006776612,0.07686329538186733,2.613352114750509,2.8244685583791336,2.9214738946468524
LA0444,M,sun,high,amphi,3.1737807321347677,-0.30315092802230664,1.3692840785354177,0.3229790251075,0.009379533453676694,5.334251481525,0.005339120541917587,0.3216826026037233,0.2198912927634775,0.14334795200671277,2.06875864402091,2.4295696493937875,2.695144062183212
LA0444,M,sun,low,pseudohypo,3.1257466389906488,-1.9852433736297381,0.8751138375522066,0.0521019028259025,0.017011009310144293,4.4616962716,0.012888917116589267,0.09733988679593546,0.062382483788546245,0.04303846777750533,2.8725978887265198,2.973945974580967,3.0381468503130744
LA0444,M,sun,high,pseudohypo,3.1257466389906488,-0.7141925040391811,0.8751138375522066,0.3791660436675,0.009047954096851621,5.042401490625,0.004513696650791173,0.23335871173356265,0.12016366037531019,0.05972587319207022,2.376620381919815,2.78113801026559,2.9977571486194843
LA0444,N,sun,low,amphi,3.0945268964359225,-1.7317298639801222,1.8166721560458485,0.139072699649,0.013137725196172836,4.6276916197,0.008624464113225655,0.11264195715026451,0.07834926178409762,0.05706642710621182,2.809223647932712,2.9199696456775466,2.9929934691418087
LA0444,N,sun,high,amphi,3.0945268964359225,-0.6587438226245814,1.8166721560458485,0.1841317910725,0.007312414055143569,4.93501921275,0.004588027630684825,0.23571715085067116,0.13927434384167794,0.08112853675451775,2.3964508314786652,2.715851764177118,2.9105216510758636
LA0444,N,sun,low,pseudohypo,3.0131782197825627,-2.042386190266928,1.344022914052975,-0.049050279843921,0.01593913338241311,4.8631314696,0.029553958733005894,0.08263007603820322,0.06881377263151597,0.06354970095276839,2.9019757774733814,2.9439315935934296,2.962701764218178
LA0444,N,sun,high,pseudohypo,3.0131782197825627,-0.7690037688179382,1.344022914052975,0.141771960614,0.046454739276216746,5.3702731874,0.040949064457245575,0.20541606837156265,0.13590446487996927,0.08601618292347224,2.4550562251617345,2.708539050592081,2.8849337898699767
LA0444,O,shade,low,amphi,2.844399647289059,-3.1379462037183528,0.6235088150493543,0.036065462217525,0.006918385155974068,4.2890207153,0.005973782343707652,0.03748203784397231,0.028899153671302025,0.025685769320202643,3.0607235152393963,3.078571699025468,3.093471195124169
LA0444,O,shade,high,amphi,2.844399647289059,-1.0851305959870985,0.6235088150493543,-0.16129810401975,0.01985766275184173,5.16591408655,0.024910541164908085,0.18620020575974344,0.13520885672985866,0.10408632731832516,2.5720932160124623,2.727661651643533,2.834460654942595
LA0444,O,shade,low,pseudohypo,2.7372995969556935,-1.9059317705440901,0.18505162876154632,0.39538344582,0.043949057595679894,5.1692147274,0.03326139957899981,0.09952363513049134,0.06982802485971223,0.026767418877511204,2.86034256923605,2.944585125433125,3.0870140555508514
LA0444,O,shade,high,pseudohypo,2.7372995969556935,-0.9976482486284942,0.18505162876154632,0.007935430238996,0.0161136326306707,5.251512042575,0.016175075141199355,0.19187833201941354,0.14684414553229333,0.11208580128038258,2.532484209790672,2.671518031816757,2.7965103403862583
LA0444,P,shade,low,amphi,2.8006537209953,-1.5039347270338748,0.7633047019547795,0.1564370973,0.00858738692332368,4.918171025375,0.005577619363955014,0.09962717246099649,0.06310177927941042,0.0467147466477908,2.859404327605745,2.9764818844624235,3.027072715168148
LA0444,P,shade,high,amphi,2.8006537209953,-1.106472007675977,0.7633047019547795,0.1035955506585,0.014092843471134106,5.39026264495,0.018233670186539028,0.13639984702618346,0.10732148575362999,0.08388043302693929,2.7428932311198726,2.8343106087926433,2.909434650518385
LA0444,P,shade,low,pseudohypo,2.765878202250663,-1.4605309393418129,0.5038600785870956,0.3721417446825,0.022479714075054395,4.881091774275,0.011171356784207363,0.09863991493930352,0.05878047149150802,0.03757182118899172,2.8544022622395655,2.9979296510117446,3.0541781322729387
LA0444,P,shade,high,pseudohypo,2.765878202250663,-1.1337549554037991,0.5038600785870956,0.14173835898425,0.034061893993574566,5.46239895345,0.029145313056017263,0.13460470291736362,0.08997738341137695,0.0605040654212952,2.7858390187933475,2.8912672492166434,2.9914426847994937
LA0444,Q,shade,low,amphi,2.9660424640404424,-1.3514763726510557,0.9225772179824856,0.0551698854226,0.007560078703144943,4.597152828,0.0059407770159667994,0.11363186270893989,0.08424751997375293,0.067642033732611,2.807358747255731,2.9050434541786783,2.959612460178955
LA0444,Q,shade,high,amphi,2.9660424640404424,-0.7875521332379369,0.9225772179824856,0.08938983504675,0.015748538196588464,4.9191732467,0.011605929301395531,0.18015765971546452,0.1553567091031042,0.13846408573233746,2.6557655128264175,2.6883033037801054,2.7409129651078192
LA0444,Q,shade,low,pseudohypo,2.9135426683778918,-1.0292063610338071,0.6006329374179349,0.32348542677,0.019123035195456713,4.865538861625,0.009978978620652416,0.1299026704264362,0.06813902712656614,0.05270561677996292,2.80156261868659,2.9545314123967286,3.000511920699867
LA0444,Q,shade,high,pseudohypo,2.9135426683778918,-0.9271842987416723,0.6006329374179349,0.12963657360575,0.016811668882324333,4.801944147575,0.012589251200532808,0.14469370508612622,0.1116494196400284,0.08876054703616304,2.758586784043826,2.818114955761944,2.8911121001535833
LA0444,R,sun,low,amphi,3.17888288626007,-1.3155271058202447,1.4443448212676302,-0.0084767421082952,0.01662137955570378,4.53705894125,0.013260407417250483,0.1599760337534852,0.10821395550167745,0.08578895921805628,2.6670658208387077,2.830222481500578,2.90140676113624
LA0444,R,sun,high,amphi,3.17888288626007,-0.19022331527914485,1.4443448212676302,0.26649663945,0.009584440009011328,5.36028192325,0.005842263892993724,0.33930284478946365,0.2147280175215145,0.12889906957534586,2.0731426705766767,2.4802921310142954,2.7600388285304875
LA0444,R,sun,low,pseudohypo,3.1146020094500835,-1.4157024305273327,0.9813328685308234,0.0028753727766191576,0.005092409746063747,4.70368424815,0.0038091291348040374,0.15638831633843417,0.10298929956980843,0.07685233751815569,2.662681179157095,2.826972944616215,2.921611066511024
LA0444,R,sun,high,pseudohypo,3.1146020094500835,-0.3410356511012225,0.9813328685308234,0.3531965300025,0.00945852764081749,5.508969775725,0.005303440727156731,0.30316000752267,0.21484103854850548,0.1370817344793963,2.1246875152906908,2.4844334558124723,2.7318025274081905
LA0444,S,sun,low,amphi,3.089921283090057,-1.6550605440284865,1.5511277952237126,0.01951117724293477,0.013525536294289113,4.25687791645,0.010685791601903647,0.1328578885521242,0.0955853407420756,0.08568577915049495,2.7545746311496924,2.8659151407352237,2.8997686722398743
LA0444,S,sun,high,amphi,3.089921283090057,-0.49664971975259964,1.5511277952237126,0.0470890469843045,0.02871001933464982,5.1399861637,0.02664443382220324,0.2938573665618787,0.20567611353042065,0.13886609418093263,2.2207336562996005,2.5025995421876566,2.7243278944600693
LA0444,S,sun,low,pseudohypo,2.9970676588134184,-1.3256321468066938,1.1631571200077753,0.2434597610225,0.012271446522934073,4.7095247553,0.007515479644604789,0.17583623935037218,0.11653467980597552,0.07637664983662625,2.5998372171534903,2.797897141336713,2.931235208065751
LA0444,S,sun,high,pseudohypo,2.9970676588134184,-0.5672845923883905,1.1631571200077753,0.1984834497925,0.01799394900460423,5.10256567725,0.012051468303436518,0.28171765290951045,0.19564002307631506,0.1317944149203592,2.231110834845777,2.5257056021445368,2.7396719075866494
LA0444,T,sun,high,amphi,3.062143768637956,-0.3541277037271117,1.8026641035528757,0.34832239117,0.015531512844384024,4.881643585525,0.008345115444082058,0.32037950774407126,0.17658518477308052,0.0642551959190048,2.0288766274643626,2.6119821392574596,2.9740497631992424
LA0444,T,sun,high,pseudohypo,2.993811682375869,-2.350809274678465,1.3860253230225734,-0.08984576190025,0.016828065275107888,3.9009481775,0.015476150785628473,0.07687362998750893,0.052457904121163926,0.04824378340910541,2.9170824260494768,2.991898416916109,3.0230857777617364
LA0444,U,shade,low,amphi,2.7285872965083566,-1.1899731680442078,0.7815470575719712,-0.328723410645,0.05873633104117866,5.299537360375,0.11462922179009158,0.11316105426692787,0.06001567942257832,0.033734583419656496,2.8239047711273715,2.981004187729209,3.069149836776948
LA0444,U,shade,high,amphi,2.7285872965083566,-0.9435483908567677,0.7815470575719712,0.1728752426575,0.0106056427727399,4.8536791962,0.006896701086179784,0.14613507358655192,0.09513702599524966,0.0704291175134062,2.7438609161406866,2.895294710579046,2.957522325681747
LA0444,U,shade,low,pseudohypo,2.6651248234414986,-1.8139465418974037,0.5616099436040314,0.20181820814475,0.03433034614084981,4.949483291775,0.024683530988957095,0.07142548076595873,0.04710805594185627,0.031166896421484035,2.978918416318961,3.0299065456031142,3.077637994221964
LA0444,U,shade,high,pseudohypo,2.6651248234414986,-1.1898625949344541,0.5616099436040314,0.0842743174855,0.009157497464083803,4.9394336246,0.006577913915341946,0.11953578342173926,0.08454170663287647,0.0626666001633804,2.812983910665798,2.912834324322292,3.007134105318041
LA0444,V,sun,low,amphi,2.7143766154196562,-2.1863779962993135,1.4264859485017964,0.01520379413522575,0.009433931417381351,4.89904269435,0.008417371167879103,0.057960086017460374,0.03952949627858507,0.032543858679463286,2.988409133457789,3.049351466943666,3.072181008731268
LA0444,V,sun,high,amphi,2.7143766154196562,-1.0572259675313413,1.4264859485017964,-0.105941791061975,0.02677387066185373,5.18872645335,0.026398227355800562,0.14816418933939346,0.09911938928785871,0.06406702632879967,2.69752484111535,2.853553664345208,2.9707687425802156
LA0444,V,sun,low,pseudohypo,2.6716704792094306,-1.8286891028941092,1.0599079714764952,0.2780413297025,0.02690511713835651,5.37625913725,0.015865966234770348,0.08810372778488436,0.04380663291611486,0.024400658156049915,2.880287451558057,3.0305464659147114,3.0975218829935955
LA0444,V,sun,high,pseudohypo,2.6716704792094306,-1.2350866110295462,1.0599079714764952,-0.09308215019025,0.016503719345505114,5.257208432025,0.01478330605389482,0.14147153410844956,0.10115907205917457,0.07156447639132922,2.7010557629851633,2.842174015843545,2.945939131141292
LA0444,W,sun,low,amphi,2.9872107776449455,-1.5701851093864723,1.2616413826352664,0.2056350603975,0.014696437029782152,4.513482828625,0.009286989759646924,0.1252013978545672,0.11423414802201236,0.11117706986322858,2.7626891414662618,2.806928142414678,2.8137645220585394
LA0444,W,sun,high,amphi,2.9872107776449455,-0.9715599691296638,1.2616413826352664,0.17433206166575,0.020084278580760007,4.338472099825,0.01379612893341532,0.18717670404355785,0.15056771368049607,0.13843185609241143,2.5867442435480634,2.692947472808055,2.7294206670428314
LA0444,W,sun,low,pseudohypo,2.955378704054952,-1.1866712129790908,1.0385190822685577,0.089079054177,0.01175897023534234,4.46000331585,0.0075883844714026705,0.1555636859941092,0.10660816267698793,0.09092337510599804,2.6338789981615154,2.7976866655756747,2.8603841033699986
LA0444,W,sun,high,pseudohypo,2.955378704054952,-0.3928593611454489,1.0385190822685577,0.378400731795,0.008246756332626835,5.351075541175,0.005599328056544225,0.2691399242094817,0.20235274227547284,0.14488028197776098,2.2612947218472503,2.4909428426838764,2.704308638137581
LA0716,A,shade,low,amphi,3.0173346213094545,-1.4974430667738825,0.890754468540991,0.158481501601,0.019206016716119816,4.8566423756,0.011924708964373133,0.14729044353417187,0.08088778315475587,0.0657144740572924,2.6789670353726365,2.912524427256149,2.9604553791713166
LA0716,A,shade,high,amphi,3.0173346213094545,-0.9510193497241207,0.890754468540991,0.12402351834175,0.01523907541214612,5.272604650425,0.013744871799748523,0.2757126144305671,0.24178331856503718,0.215946143971393,2.245469414235775,2.3717317852974906,2.46591538411482
LA0716,A,shade,low,pseudohypo,2.979157095183421,-1.7647157668095923,0.3192784627969082,0.25491393653,0.010781453017187009,5.678499575625,0.007231233689275682,0.14735753710923472,0.09745903967633586,0.06870769592630482,2.6785218059231717,2.852258087812481,2.9481896014867397
LA0716,A,shade,high,pseudohypo,2.979157095183421,-1.4416626573439237,0.3192784627969082,0.4109677689525,0.015022813146665552,6.060860873525,0.010973725704580073,0.17974355458305724,0.1475825763075406,0.1226328522974161,2.5580530061976248,2.666876087442092,2.7541723408512495
LA0716,B,shade,low,amphi,3.0587033227456253,-1.2789152115211324,1.0484236256733228,0.1352568005195,0.012510195421785423,5.142521208275,0.008966287589823596,0.15672689388212913,0.09592494497289886,0.05921515868531698,2.67324577735455,2.8650814011881574,2.984603419428368
LA0716,B,shade,high,amphi,3.0587033227456253,-0.6009199536863626,1.0484236256733228,0.4745222501675,0.010041356551511872,5.659894343825,0.005094217117740237,0.25479315736409497,0.18285594298646538,0.12874520186656155,2.354965279850829,2.5864245171230524,2.7619409034231275
LA0716,B,shade,low,pseudohypo,3.0038502989563454,-2.4500329887433803,0.48669365057346836,-0.0403064325000475,0.014484672173035257,5.470879768825,0.018144107082139854,0.07520856576793016,0.06627464011673029,0.05813097284063666,2.924438673637437,2.9526634159575735,2.981983192421083
LA0716,B,shade,high,pseudohypo,3.0038502989563454,-1.4930870739239142,0.48669365057346836,0.17580692229575,0.02017309099503603,5.475703305175,0.01713970009430041,0.16389691530772366,0.1364491338901153,0.11401009814030665,2.6680218059207768,2.737654295484609,2.8142708912036647
LA0716,C,sun,low,amphi,3.2120602912604315,-2.541078623665865,1.3271182724423425,0.38907643389,0.012350822208015207,5.071133283575,0.006561109619817636,0.08451522899381729,0.0648684242457776,0.050382007518067505,2.909709804106137,2.963169519921388,3.010303202590653
LA0716,C,sun,high,amphi,3.2120602912604315,-1.3879868529965207,1.3271182724423425,0.501632938435,0.00921312847134883,5.42698011335,0.004547848475969921,0.18966790155024305,0.12752047471047495,0.08051594946651623,2.539153034112136,2.7566850196613397,2.9186889061125023
LA0716,C,sun,low,pseudohypo,3.1501482658691926,-1.8844832288691047,0.731431690299568,0.2579261941875,0.015913020623258882,4.89753374985,0.012607691828666808,0.13190669683500605,0.04683904830530369,0.036801994446386106,2.749192839369748,3.0280439661173206,3.056853999833488
LA0716,C,sun,high,pseudohypo,3.1501482658691926,-1.2103889608082543,0.731431690299568,0.2817979542475,0.01394992579486933,5.85020059435,0.00915023237357339,0.21609097419383286,0.1394932872265789,0.08760097956482703,2.461760629740401,2.7103936776862443,2.8866463434251504
LA0716,D,sun,low,amphi,3.0775035320635,-3.037023974627451,1.2260266695399575,0.01737808099060525,0.05691781418590535,4.31720307,0.046319941230080444,0.05246810744306797,0.048973346794182165,0.047087694527684194,2.9860443709964968,3.0101766347400085,3.0235702995437816
LA0716,D,sun,high,amphi,3.0775035320635,-0.935579981030956,1.2260266695399575,0.01894984554638075,0.011879949584398409,5.114287512025,0.008270560072305881,0.2467099494440344,0.13266239363906815,0.0766459177909597,2.354277613640723,2.7610501825206306,2.9404387388698345
LA0716,D,sun,low,pseudohypo,3.120569432199819,-3.119693901953429,0.6973785762352737,-0.052758689651332,0.02337177081961466,4.8919766664,0.020099389330578577,0.0523994706664864,0.039335833338261704,0.030159578004159793,3.0281954334382317,3.048119166355012,3.0778418134337273
LA0716,D,sun,high,pseudohypo,3.120569432199819,-1.8748937783690487,0.6973785762352737,0.2451143145625,0.010900637299623022,5.9203508653,0.007279121670873192,0.1441590550473699,0.09995743106135008,0.06807369695032388,2.7505141956408927,2.8702353479859948,2.9687520611154206
LA0716,E,sun,low,amphi,3.1951687988894255,-3.0198241544048936,1.3785213275075627,-0.2068858301075,0.039873078785732145,5.327104456,0.05172735496888398,0.0833671733448304,0.08021983446027711,0.08392199390301174,2.88911975769203,2.9104251188446284,2.9033664667060437
LA0716,E,sun,high,amphi,3.1951687988894255,-1.8516415010437877,1.3785213275075627,0.1552809448475,0.01472839707941533,5.68586720565,0.010440306985781241,0.1538894555666243,0.11453426164223639,0.09678742144186597,2.6635477340630382,2.7942627430028137,2.8572933493757353
LA0716,E,sun,low,pseudohypo,3.0699720568275883,-2.3676963684257184,0.765062368534708,0.19410103646405,0.03879978779301686,5.3323598173,0.02545245577111283,0.08827636153117045,0.07376485530170926,0.06039053914731545,2.8952683895479163,2.9270471493673558,2.9727378555915918
LA0716,E,sun,high,pseudohypo,3.0699720568275883,-1.227416167030204,0.765062368534708,0.3980401741725,0.0098924000328795645,5.527136224725,0.005650334331920257,0.20617475178921782,0.14726224157884965,0.09810388875399753,2.4875041372829605,2.700512925387981,2.866760317190158
LA0716,F,shade,low,amphi,3.001623428895188,-1.9966164029906082,0.927003015057436,0.0172441007693975,0.00683362405360667,4.934070632725,0.005725624278779309,0.0965303746348689,0.06469846955066906,0.04697087088382729,2.8813501685725393,2.9636924650278313,3.0257825461136743
LA0716,F,shade,high,amphi,3.001623428895188,-1.4983137840936334,0.927003015057436,0.1741747511155,0.021708814641838537,5.3794469883,0.017466646286195573,0.14935422429831355,0.11479952750562282,0.0882961850326902,2.724352238082265,2.8068327209819675,2.8954634248611866
LA0716,F,shade,low,pseudohypo,2.954004544680055,-1.9687165708940484,0.2295873911559714,0.013742788579462425,0.006991357849560509,5.54323186545,0.011611374654472782,0.10469170429404023,0.08586866624330283,0.07094208560707274,2.8274707512914485,2.8897570831135715,2.939389421386173
LA0716,F,shade,high,pseudohypo,2.954004544680055,-1.3178018074815512,0.2295873911559714,0.00984156293463375,0.017454143871116594,5.628390462675,0.019586247569822066,0.16313339348357497,0.1388828470001741,0.11643509287443475,2.6263161384370055,2.6973399032324883,2.7761415062780705
LA0716,G,shade,low,amphi,3.036014955584151,-1.8721228939499164,1.0433827753254268,0.07260770073975,0.010150390851526992,5.223973406,0.009277487222840906,0.127624410164334,0.08641267279641647,0.06066169949602364,2.762431697527542,2.8935514581842074,2.979505620311355
LA0716,G,shade,high,amphi,3.036014955584151,-1.0001634404300994,1.0433827753254268,0.090165480312725,0.02125143324852749,5.575016989175,0.020877431176104827,0.23890365407556147,0.17527516805837676,0.12717460779276815,2.367510064889862,2.5786596945052054,2.7439388675716825
LA0716,G,shade,low,pseudohypo,2.9921341676497053,-2.28874432392572,0.429629699288369,-0.0433621081582195,0.01469012408882826,5.44197088145,0.017811999422090264,0.09518250427168616,0.07316140408252589,0.05626051854833239,2.8722638618188783,2.9309237153608296,2.989030837111755
LA0716,G,shade,high,pseudohypo,2.9921341676497053,-1.7823112987526581,0.429629699288369,0.09180597486758825,0.03689486275925877,5.46035988915,0.04192963994806636,0.14939878683960045,0.12522247080110208,0.10471365781537932,2.729248335174926,2.7821272580414584,2.845395378390957
LA0716,H,shade,low,amphi,3.036454274165837,-1.4865609996900782,1.1004944810060235,0.1833626433375,0.010277980456662098,4.98581774895,0.00703590603872844,0.1760013517264365,0.10746416335816553,0.06375033469432595,2.5938683954241117,2.815105927978315,2.9636469194279464
LA0716,H,shade,high,amphi,3.036454274165837,-0.6691849581201588,1.1004944810060235,0.12144654170825,0.023317665852870446,5.82748343495,0.021172329449787523,0.3000084170120969,0.21139352088205182,0.1457226924735641,2.1440588258301503,2.447866130795735,2.678648791702777
LA0716,H,shade,low,pseudohypo,3.0052412555679564,-1.9704662871001757,0.604224257097733,-0.05687239654825,0.00868143460606361,5.391696131375,0.018535917601770462,0.11613660255499562,0.09498657762290946,0.07752185745060068,2.807659778544638,2.851100713927897,2.913577132733487
LA0716,H,shade,high,pseudohypo,3.0052412555679564,-1.2224638196330297,0.604224257097733,0.22869275093,0.020554382190855813,5.521283404,0.015951313765932222,0.21048081603111657,0.1641642609310039,0.12711774679031765,2.5016765544107997,2.6298033853782505,2.7581882881260826
LA0716,I,shade,low,amphi,3.08445457500664,-1.6273884176513114,0.9645189649568456,0.078634014682,0.006293238648175873,4.987094913475,0.004801379089392017,0.14871929613251592,0.105032111246318,0.07403641602223812,2.6738899336610347,2.8168493703628794,2.9259209547932654
LA0716,I,shade,high,amphi,3.08445457500664,-0.7293405226716889,0.9645189649568456,0.17952141687,0.02269930775797405,5.668931186425,0.0184620810467801,0.2804201497669069,0.20592317055571532,0.14665633298599196,2.210307943163947,2.4851041846728767,2.6925345365666824
LA0716,I,shade,low,pseudohypo,3.0027078185266656,-2.2704736239290413,0.3597309969427563,0.07931461704075,0.007063654603512824,5.104915149775,0.006416122417840483,0.09980207666217107,0.0766513772344177,0.06166938633136334,2.844588318026515,2.926713775471229,2.96850868838115
LA0716,I,shade,high,pseudohypo,3.0027078185266656,-1.601060172329043,0.3597309969427563,0.2588561807375,0.016055917410434602,5.654395349125,0.01212296564578247,0.17089652805294436,0.13137090588539352,0.1030941879917389,2.688097893760257,2.753471256152727,2.850408660228167
LA0716,J,sun,low,amphi,3.262210117820557,-2.476812416270458,1.4233120375038744,-0.054041160609,0.0058011237098938104,4.81292694975,0.006265850156528313,0.07956687345914926,0.06990956569729204,0.06466338275213786,2.9301458154246998,2.949320339553717,2.966601148290021
LA0716,J,sun,high,amphi,3.262210117820557,-0.8941730118502834,1.4233120375038744,0.168958396168,0.022074028681435102,5.585161328925,0.016401378782242675,0.26823521696966357,0.15979986502435709,0.09040664393691757,2.289209852999781,2.65220980512482,2.8809099883535314
LA0716,J,sun,low,pseudohypo,3.182952417124815,-1.9796926229028562,0.7731247889724363,0.353091860145,0.010873463417372414,5.414431288275,0.005724446469997081,0.13342345526945662,0.08946773701958602,0.06772201785545957,2.740133381904499,2.8871523380940696,2.9573285368639297
LA0716,J,sun,high,pseudohypo,3.182952417124815,-1.1726437647023065,0.7731247889724363,0.188505236095,0.009770955709683074,5.8545768624,0.006937037222050286,0.22963961689801363,0.16613154146696904,0.1254978084059083,2.4292813479053015,2.634008274146039,2.771717492108692
LA0716,K,sun,low,amphi,3.2282333428850998,-1.406664905456552,1.5247398995746202,0.389045813965,0.00929290435028973,5.131159654175,0.004596297237985429,0.18452775023363757,0.10344686734041639,0.05655882831219522,2.567960729555287,2.837397403496312,2.9946351372921605
LA0716,K,sun,high,amphi,3.2282333428850998,-0.6310517919471167,1.5247398995746202,0.35865215166,0.012154561896409817,5.73521908905,0.006506238227830605,0.31833242508017423,0.20267847687346607,0.11431155297280317,2.1207004643571894,2.539037011630997,2.81736071884206
LA0716,K,sun,low,pseudohypo,3.1686057132767806,-1.8353093272880678,1.001203565988062,0.3077842267125,0.011373338601725338,5.180548272225,0.006517672262817265,0.13679463340040687,0.0850395594405107,0.051624955719565976,2.734505598230534,2.9005718038392887,3.010378951653315
LA0716,K,sun,high,pseudohypo,3.1686057132767806,-0.8821037923560074,1.001203565988062,0.3839979713125,0.020098129700815266,5.87582164675,0.010918442060723801,0.26106467051335325,0.18154775110018656,0.12102493052569915,2.301019332415067,2.569232151445357,2.7761669058582497
LA0716,L,sun,low,amphi,3.163888446667583,-1.7408808932915183,1.6809150288989287,0.38065495075,0.008588254936955425,5.241642324825,0.004977646348950981,0.14442257628454383,0.11075424392370536,0.08638077434661846,2.693045975920765,2.8070660067797624,2.8876400366323014
LA0716,L,sun,high,amphi,3.163888446667583,-0.38560208001141916,1.6809150288989287,0.370848700675,0.020538267584473024,5.5984991192,0.010937308272759098,0.34810735626018013,0.2542320799742617,0.18160001893924654,1.9606092419370655,2.30928425397534,2.571113111785933
LA0716,L,sun,low,pseudohypo,3.101098422081695,-2.1387328878367375,1.0788782846374743,0.018339716781739998,0.01135833706769426,5.12739279955,0.01229769201389581,0.10457597975299149,0.0846608673843851,0.073828425117700755,2.835367179827183,2.8873876882936957,2.926893365314342
LA0716,L,sun,high,pseudohypo,3.101098422081695,-0.9642245540737349,1.0788782846374743,0.3261911695075,0.01306494596519308,5.66984504555,0.008471578927777128,0.2399299435310479,0.19042217166767367,0.1470952601729235,2.337247625711088,2.5135992965517584,2.6691457997712593
LA0716,M,shade,low,amphi,3.0930833040143626,-1.7291243356125794,0.7265524816153079,0.13634003703975,0.024928417861477446,5.336830604125,0.023377578815735368,0.13991063373882506,0.09468525917690158,0.06343754646763672,2.729589202836565,2.8675910928455632,2.9711732069993495
LA0716,M,shade,high,amphi,3.0930833040143626,-1.4273565430928388,0.7265524816153079,0.03770228158175425,0.02429778021719358,5.5884167499,0.03159242209902601,0.17465086739315233,0.15104826522859754,0.13231217947646232,2.607569750359351,2.6774283293419914,2.743656637438359
LA0716,M,shade,low,pseudohypo,3.0666270704052745,-1.6617499160445444,0.14891932871666205,0.15139556969,0.01010856681422737,4.921492412,0.00666158059606355,0.12381702285307834,0.0825403151134198,0.06107404583681754,2.7515621220642954,2.8914323259100962,2.964991845759711
LA0716,M,shade,high,pseudohypo,3.0666270704052745,-1.0378863858298157,0.14891932871666205,0.07865647258599,0.022706184801489438,5.915755229025,0.030077267091509225,0.20563326014133876,0.16793656599347562,0.13651795264955374,2.4916032711834823,2.6186544054049588,2.7236365856383005
LA0716,N,shade,low,amphi,3.1121970376497075,-1.538400553661137,1.040736184102324,0.195620105945,0.015825503034788867,4.942211977025,0.011064407532979506,0.12314571584388867,0.08117984614257244,0.058187660826857494,2.7462460282320196,2.908993695192829,2.983687771083546
LA0716,N,shade,high,amphi,3.1121970376497075,-1.1361379183032123,1.040736184102324,0.06955921496275,0.014980771282019995,5.3747604067,0.013215424248905129,0.1799312937139676,0.1481784693306235,0.12656005146561897,2.591572857498039,2.6957711875590014,2.76766747878879
LA0716,N,shade,low,pseudohypo,3.0880027838209205,-1.735088605823349,0.5099135844428863,0.04575684293545975,0.012122381825219889,5.433943672025,0.01746526480713636,0.12142710584544797,0.0884145700487585,0.06529590663831293,2.765792812142063,2.8716943860136848,2.9516879204183537
LA0716,N,shade,high,pseudohypo,3.0880027838209205,-1.555045383192977,0.5099135844428863,0.03681920556346025,0.0174374751171136,5.434984879,0.021305325240495745,0.14010327300287373,0.12756464819773358,0.11649480726138518,2.697747978599938,2.736476405741979,2.7772290881153823
LA0716,O,shade,low,amphi,3.136646723165249,-1.3025525177169366,1.186817082141285,0.116084540312,0.030426733200103653,5.707867529525,0.031183382615398932,0.17608247504956803,0.10256012028447481,0.05771505350714555,2.6029722356515084,2.8474217386699494,2.9885666500110575
LA0716,O,shade,high,amphi,3.136646723165249,-0.8372500083541005,1.186817082141285,0.231375027175,0.02990844343126503,6.032943428,0.02888966714581169,0.28202884599581046,0.22956066610816972,0.19138953674131456,2.253410175627004,2.4266588965112534,2.546380081407107
LA0716,O,shade,low,pseudohypo,3.173675714979077,-1.9473630810132778,0.41221728977464434,0.1940794074,0.010044727815831326,5.482081669725,0.008658314806958103,0.10995991171418876,0.07346238160710306,0.04885271118882192,2.815691054357606,2.9333661035968213,3.0153039601940583
LA0716,O,shade,high,pseudohypo,3.173675714979077,-1.4720660900653066,0.41221728977464434,0.19972430885,0.013116384669560574,5.730827015475,0.010820076266033388,0.1684405658329289,0.13071269210402633,0.1018442134792764,2.6672761182456295,2.758874049490797,2.853142409283798
LA0716,P,sun,high,amphi,3.2538840222715857,-0.5165690440709861,1.456607616645723,0.2036468947425,0.021054985683659055,5.95053997765,0.015815725649854596,0.3355428969866282,0.24637670564440978,0.18150624198507873,1.9982198353597398,2.3168606551800313,2.5450962053625394
LA0716,P,sun,high,pseudohypo,3.1681454907524826,-1.2315734446543087,0.8552357597925254,0.29131087815,0.0060075011345883,5.639081762325,0.0035724620120464465,0.19795202710136042,0.11454332728862834,0.0637703284183128,2.5295877179223325,2.848866506617261,2.9834536944996373
LA0716,Q,sun,low,amphi,3.1488773681992366,-1.330983125894964,1.4519127837712207,0.2562998473175,0.013985136871250197,5.3172478693,0.009587061955814649,0.23409347166972713,0.16150395373353504,0.1223998604582778,2.411810347525513,2.6519266399950645,2.780254052854126
LA0716,Q,sun,high,amphi,3.1488773681992366,-0.3976782154548983,1.4519127837712207,0.10784348857075,0.018372243625100676,5.822435878625,0.012565443511809386,0.3777748515948182,0.3023116071076485,0.2485147080080679,1.9225207183428255,2.175286878788193,2.354572187597465
LA0716,Q,sun,low,pseudohypo,3.092395109068166,-1.9694320248884882,0.826552888966195,0.6970354028225,0.03636327708924554,5.835076961625,0.020308735466888765,0.1313567924399193,0.11104866734829329,0.09597106736069244,2.754717033894077,2.8146710234875827,2.8632806685898107
LA0716,Q,sun,high,pseudohypo,3.092395109068166,-1.1196712268091318,0.826552888966195,-0.098439754622,0.008046404030240617,6.162649138125,0.01165504902994329,0.22996952442768828,0.18936095454649882,0.1593221389143974,2.4368491807404054,2.572110148187403,2.671568704467316
LA0716,R,shade,low,amphi,2.962005674882778,-1.0064554402600674,1.209285290807148,0.08399013454675,0.009736933847008595,5.165711647525,0.009125338007164726,0.23057334464586102,0.17772288055446647,0.13563808375108347,2.383062360937312,2.567674181101962,2.7189245107580375
LA0716,R,shade,low,pseudohypo,2.9082112867520165,-1.539761344744415,0.4760113608451047,-0.09161390644425,0.01757335319834718,5.188594833775,0.023277368535083498,0.1485183675513767,0.11719980042068286,0.10069498387823714,2.6744953068307598,2.771480432109589,2.828907380256683
LA0716,S,sun,low,amphi,3.068172283810173,-1.4045007925104993,1.4423674189541988,0.246011546625,0.01235648980179821,5.008612685975,0.008272871696774249,0.177708442035841,0.1130870547035854,0.06824373219893685,2.57027352475635,2.798999101475145,2.9456435790480517
LA0716,S,sun,high,amphi,3.068172283810173,-0.34456463675431503,1.4423674189541988,0.27968818034,0.014806095961518741,5.85854440435,0.009797295984056568,0.34762505744762046,0.26645672268314446,0.1962854616990924,1.950112142319226,2.2470546088901298,2.4967498021610686
LA0716,S,sun,low,pseudohypo,3.0048640820692927,-1.9710052740857267,0.7839732498295882,0.0107720680521125,0.008023343053611433,5.15209982175,0.009421736810066991,0.10867676640547912,0.09012595877018117,0.07450914151291226,2.815615529281877,2.8727924428517646,2.9247553922084486
LA0716,S,sun,high,pseudohypo,3.0048640820692927,-0.8440101530879424,0.7839732498295882,0.21632008723749999,0.012501674842091842,5.691551671675,0.008629219318088978,0.24634606221415029,0.17739223861090103,0.12036978104747806,2.31476623201022,2.599330969808805,2.780778728807957
LA0716,T,sun,low,amphi,3.043426933786592,-1.263841003064185,1.4668931179374003,0.446699475075,0.008278817861317617,5.2661711261,0.0043408173760378175,0.1961153327564571,0.1243879174657715,0.07212953896775012,2.5138034807705605,2.762658413717422,2.939963230219314
LA0716,T,sun,high,amphi,3.043426933786592,-0.28746700168468664,1.4668931179374003,0.2089265564875,0.011749820038018279,5.72209071315,0.008178275645412987,0.34434165923219523,0.26046994155202885,0.1825081485734772,1.9470557220113962,2.293145253562381,2.5881779822934297
LA0716,T,sun,low,pseudohypo,3.0071716022988753,-1.710894667207014,0.9357107487514915,0.391308666885,0.008151116196083389,5.4024257858,0.005520931853287141,0.13516179637478698,0.09741828274374817,0.06927915575275281,2.734501493255328,2.84548535412908,2.9458955041623707
LA0716,T,sun,high,pseudohypo,3.0071716022988753,-0.7657496756415278,0.9357107487514915,0.2813342440125,0.007637232939044286,5.756358126825,0.0050271180429772595,0.27792412125977056,0.2059956729926244,0.14419748083904896,2.2892839862883263,2.5332406537518652,2.730198417366994
LA0750,A,shade,low,amphi,3.0956555696964587,-1.993362462992563,0.6171510757478609,0.26782468275,0.030466691080610796,5.18643224805,0.023065027521355475,0.12233350803085336,0.09569794613050543,0.08508037267658572,2.7587927383027773,2.842034184029147,2.873038203254458
LA0750,A,shade,high,amphi,3.0956555696964587,-1.25422072325915,0.6171510757478609,0.168457390924,0.02406064310801777,5.2542994903,0.021575844924365914,0.2114450197413534,0.17890945339392333,0.15175357792707062,2.459459293645982,2.5745143740167156,2.6651611169078278
LA0750,A,shade,low,pseudohypo,3.0476504443681383,-2.102359357711171,-0.18759233292193628,0.10884221816632525,0.06355022244864629,5.6533367469,0.06559573727771167,0.1121771953994425,0.0771826296053792,0.05318202589924874,2.80247022950157,2.9215497918402016,3.000458225436637
LA0750,A,shade,high,pseudohypo,3.0476504443681383,-1.6822506175992626,-0.18759233292193628,0.4671997233675,0.018825620421351517,5.6835705757,0.011281685245582077,0.1573892530451926,0.11688523325629137,0.08571920648318893,2.6604397431274553,2.7993096660815997,2.900469041630614
LA0750,B,shade,low,amphi,3.091987080936182,-1.2113294776356447,1.007827644051671,0.4970431088025,0.012552411913477966,5.43053805385,0.0055874463222228025,0.21938291157845816,0.10935876993149167,0.053674279644740905,2.441304776819283,2.8158561841914973,2.9992446251514218
LA0750,B,shade,high,amphi,3.091987080936182,-0.892980547899484,1.007827644051671,0.3196705646225,0.006522241979860476,5.813605898075,0.0041655669342431255,0.26208170827010074,0.16967754105212296,0.10719605404404507,2.2693176330859934,2.5929809888882556,2.808074595446171
LA0750,B,shade,low,pseudohypo,3.026968628764972,-2.083486610132141,0.3839918071810627,0.20560984530575,0.03939810506288413,5.799278460025,0.029210492489986906,0.115702614127203,0.07246421424252773,0.04890526522659168,2.7969424353434267,2.938999624895206,3.0154176102581287
LA0750,B,shade,high,pseudohypo,3.026968628764972,-1.423216262075699,0.3839918071810627,0.41909063387,0.06787843674136851,6.257498518275,0.05979869729635642,0.1806620891466086,0.12318831328698417,0.0842294158003195,2.559618941408008,2.7602607102793084,2.8916631909008577
LA0750,C,shade,low,amphi,2.980020460145579,-1.8444477496649228,1.1535448998274538,0.06869107747075,0.010372997117463208,5.096275913575,0.011214639166461704,0.13214459820054686,0.09752216709886248,0.07361861671629887,2.749928901323593,2.8616169272395973,2.938685459415887
LA0750,C,shade,high,amphi,2.980020460145579,-1.0711485501105111,1.1535448998274538,0.1652959113425,0.015187361219708408,4.90474839625,0.011819624200132781,0.23169742146658545,0.1687876905251097,0.13081674750562286,2.416929311116972,2.618511081793428,2.7446250932082847
LA0750,C,shade,low,pseudohypo,2.944683469254806,-1.7629350353557658,0.6155790523748683,0.01645180406649925,0.017205212952966717,5.59995019675,0.026819115230520107,0.13703805403088995,0.09424836027427588,0.06577124554504239,2.7219324924808275,2.8556882097098644,2.9608426704455444
LA0750,C,shade,high,pseudohypo,2.944683469254806,-1.4662148824666748,0.6155790523748683,0.2121941800925,0.015040911305841414,5.233424340175,0.012346196764365117,0.1827277853172116,0.14310104306491056,0.11262598246192831,2.6523437820416174,2.715919813938128,2.8167987288200518
LA0750,D,shade,low,amphi,2.9086780364798117,-1.412775165437704,0.8466364048489193,0.11301843372081,0.035150357997766044,5.37950530365,0.029860912337136458,0.1896232752436247,0.12759451413005363,0.08452963357693115,2.5410171241551724,2.75305130816988,2.8968898889482992
LA0750,D,shade,low,pseudohypo,2.7822624517230707,-1.8444197404332672,0.13928563013916168,-0.12156866074261277,0.06388485172518132,5.68333572135,0.11138073638236964,0.13194964144952373,0.08061786411505971,0.05369017410784928,2.740208760944987,2.9091258718952666,3.0009458976180294
LA0750,E,sun,high,amphi,3.0985485141341975,-0.31932521202385267,1.5448293760511775,0.2568948319625,0.009788440091638815,5.323990207825,0.0063276393913238305,0.3596116530191501,0.26170832192624943,0.168815596997008,1.902099826916878,2.2742950397523893,2.5961965613948124
LA0750,E,sun,high,pseudohypo,3.090638104531641,-1.1533932631951793,1.025466579891821,0.2758773134725,0.0098776753072703,5.0765494771,0.006723533750440249,0.21957015121313905,0.15121728033843845,0.10330273927135658,2.431605584798943,2.668603373346015,2.832134923701919
LA0750,F,sun,high,amphi,3.211252866894576,-1.1788193233354163,1.6054486687452718,0.2814531238675,0.021658815921235586,5.278005497025,0.013696914196896073,0.23870295752456003,0.1899561799414772,0.15095215588469,2.349591504498287,2.5237793576185874,2.656011123935877
LA0750,F,sun,high,pseudohypo,3.1427928746598677,-1.1460438359726726,0.9219020424201633,0.13383184574525,0.020369071617700615,5.077567578275,0.016617689840063087,0.2518513101979187,0.19636098500923252,0.15671660471486243,2.294935386445327,2.4973311267506713,2.6474750216075624
LA0750,G,sun,low,amphi,3.259593288476526,-1.9044190720230005,1.447823875548096,0.08964565509325,0.011305371075971358,5.309007785375,0.010730375799543031,0.12572024151713473,0.10918948108481966,0.09359554275849709,2.7550140858854766,2.811111972985408,2.866648819542017
LA0750,G,sun,high,amphi,3.259593288476526,-0.6610788511941601,1.447823875548096,0.304676346175,0.02015881283200825,5.76962198185,0.012299114669055896,0.2971227764951054,0.21424527036610364,0.15066724102779724,2.186415540078326,2.4563107588733275,2.669790986024605
LA0750,G,sun,low,pseudohypo,3.203824015528598,-2.251940247279185,0.8071833916581731,0.1194470517735,0.00926092101197313,5.25729097945,0.006847563801670061,0.10554384511001919,0.09063466369979448,0.07956178339063714,2.8258893122764803,2.8712782355985347,2.910405725904189
LA0750,G,sun,high,pseudohypo,3.203824015528598,-1.3321485884019948,0.8071833916581731,0.02212946960363825,0.01559342700668929,5.709518340775,0.01243287052599938,0.20743946176139016,0.16372853671723234,0.13158046400087559,2.5375936647924693,2.6485688433212222,2.7559617450301968
LA0750,H,shade,low,amphi,2.959139674075257,-1.9500758680106551,1.0820203809383764,0.234780766615,0.012277970933361264,4.90890576525,0.008141360066861184,0.13106795501879376,0.08853500433376973,0.0659459139346425,2.7448094993404464,2.889016605014823,2.9630741394346436
LA0750,H,shade,high,amphi,2.959139674075257,-1.1699173715728135,1.0820203809383764,0.1842298588325,0.011359608940071778,5.142710433125,0.009048134443125298,0.23754843942867096,0.1535481948908258,0.096569679162516,2.440969430774028,2.685480069912379,2.8692056615484316
LA0750,H,shade,low,pseudohypo,2.911760095155826,-1.9761126213690954,0.36966449842569704,-0.025541593621675,0.004967757353518564,5.540657355825,0.01116079518619432,0.14709973693739722,0.1305214758087637,0.12047991570951175,2.6853399554458703,2.7486881857003667,2.782490407048327
LA0750,H,shade,high,pseudohypo,2.911760095155826,-1.0808983333064295,0.36966449842569704,0.3012760537125,0.03285775841424037,5.720440721225,0.02643195633650342,0.24635428510341217,0.19778112561346411,0.15993644843496238,2.382719015561244,2.526278654012955,2.652172947300842
LA0750,I,shade,low,amphi,3.0565819606134816,-2.0385373449677866,0.7476802510510637,0.08199272084225,0.012683583457196966,4.791211063575,0.011165744195964,0.12313193831128563,0.09515020226025529,0.07822599180891493,2.7728011002546618,2.8625828976704892,2.9175519906784926
LA0750,I,shade,high,amphi,3.0565819606134816,-1.0454882156914562,0.7476802510510637,0.18751398727,0.009244233538527175,5.487936713675,0.007022620329824161,0.24286807135653254,0.1793751070686216,0.1305446515114841,2.3487694707388,2.579137878389534,2.7398769685626023
LA0750,I,shade,low,pseudohypo,3.0390870996839303,-2.5505445405559133,0.029006037864302617,0.0187874306221365,0.01415858800137092,5.212117003425,0.015651006191821335,0.081220376142987,0.0658642733620395,0.05365412413451884,2.9193890449878883,2.95741659156175,2.9996515028766506
LA0750,I,shade,high,pseudohypo,3.0390870996839303,-1.5465664742179763,0.029006037864302617,0.2667296581225,0.03238404055186758,5.6004438424,0.024303168780954724,0.17176426932831504,0.1201656731078155,0.08078611863744288,2.6132146766984343,2.776792741507242,2.9102394798316604
LA0750,J,sun,low,amphi,3.2062816524301834,-1.9730508900753656,1.4829419127477732,0.12162629660375,0.012414623073122674,4.857455457925,0.010389367387752325,0.12304777839880487,0.095107848978742,0.07459561147385634,2.7810057731118456,2.868397029045559,2.933895595219559
LA0750,J,sun,high,amphi,3.2062816524301834,-0.5250003294867486,1.4829419127477732,0.217832530605,0.012482736863793795,5.742069282875,0.009534031503540982,0.3349632438134313,0.22292928973528783,0.14088653944707966,2.053906979838556,2.433691760935811,2.7078312233398756
LA0750,J,sun,low,pseudohypo,3.1646003754088063,-1.417399707777276,0.867627236711662,0.112241791212,0.02300800946783678,5.436288871075,0.019388607924679238,0.18400647331153377,0.10292785893382073,0.05557517894926446,2.5643648264491494,2.8377727360203204,2.9963072405394633
LA0750,J,sun,high,pseudohypo,3.1646003754088063,-0.9006268426018537,0.867627236711662,0.3808830999375,0.006382185536974005,5.53153674925,0.0034828730124014775,0.2588442617562722,0.1549965434879628,0.08911492824634606,2.3089104784940533,2.6647520247111074,2.892849762613651
LA0750,K,sun,low,amphi,3.2188263757581765,-2.119095920131872,1.4070569628297467,0.0369933127185295,0.020450547236207428,4.764943836525,0.022159183550499322,0.10865429089292832,0.09956608927872665,0.09335703468560867,2.811759613602617,2.8415062977926575,2.8608121119645125
LA0750,K,sun,high,amphi,3.2188263757581765,-0.8995865154496827,1.4070569628297467,0.102143508603,0.004427092411578585,5.4840367819999996,0.0032709563930098853,0.2609102313428809,0.19317196159552136,0.13681484651994727,2.2825385591263823,2.515994457916228,2.714191411631566
LA0750,K,sun,low,pseudohypo,3.196394093129942,-2.2198797090903257,0.8631996909984796,0.02472915689112025,0.01294057680413498,5.072548602075,0.01210803458916271,0.09390246514040727,0.08244940030046499,0.07347023271695305,2.8526987685493665,2.883922049581329,2.916159531593599
LA0750,K,sun,high,pseudohypo,3.196394093129942,-1.409047635876837,0.8631996909984796,0.072253488731,0.008380083168541547,5.531545005375,0.008773083554283603,0.18108522802572527,0.14539910361821717,0.11799074889511385,2.5892473306160344,2.6956487051786233,2.791880634854847
LA0750,L,shade,low,amphi,2.98444198819376,-1.6777402171534204,0.8938722729483296,0.1743056719125,0.012995750378700491,5.115375092525,0.008962271325232689,0.16113993581324765,0.10082501918771401,0.0646753392321696,2.6465865057868587,2.84863389978662,2.9676673496619213
LA0750,L,shade,high,amphi,2.98444198819376,-0.9877818358444531,0.8938722729483296,0.2307244482025,0.005226394039974129,5.281335056875,0.0034836262235031865,0.26044020515744726,0.17346838026688816,0.11415043745165233,2.3175217465728934,2.6128384971301633,2.8049902921532115
LA0750,L,shade,low,pseudohypo,2.9497969729018436,-1.9698784822486772,0.2899183405153309,0.02156358271643915,0.017634781402823506,5.133939449825,0.019654326388182035,0.16079718501950607,0.13905917050917205,0.12504146275824501,2.647069654347354,2.7122547667543238,2.7584480070018884
LA0750,L,shade,high,pseudohypo,2.9497969729018436,-1.2861396665968676,0.2899183405153309,0.31720596748,0.014368586405378985,5.33302643155,0.009408983139495168,0.2482690177698878,0.20611124196684077,0.17628298846805343,2.4232188632733864,2.5312143718352003,2.631896861225225
LA0750,M,sun,low,amphi,3.262152656755373,-1.8974708396611002,1.3560458267452404,0.1589974413375,0.009733661442778206,4.7767262497,0.006756778894651848,0.1365422895853846,0.09682693675775939,0.07810526595851491,2.7219614195483652,2.854816538203537,2.9192927585544526
LA0750,M,sun,high,amphi,3.262152656755373,-0.5046396442277903,1.3560458267452404,0.3043829440825,0.006182573972836636,5.8149764668,0.0039000019999806124,0.32816663064197044,0.22738181601598587,0.1518867897184861,2.0282896898404728,2.4006250333841974,2.662994836868866
LA0750,M,sun,low,pseudohypo,3.15643279307689,-2.52069530694482,0.5887603545571115,0.04939260400525,0.008400283045595607,4.832289947425,0.0076120253861372625,0.07847465430019195,0.06023304840341771,0.04899539235815932,2.911788636988633,2.9768522365547376,3.014822980326631
LA0750,M,sun,high,pseudohypo,3.15643279307689,-0.874445058883151,0.5887603545571115,0.5219684213175,0.020453096716521697,5.6767552298,0.009997223930849144,0.25129311956940203,0.14414488807113895,0.07657439512834012,2.2830991913295855,2.6691100346343335,2.9135034996697087
LA0750,N,sun,low,amphi,3.102469311653474,-1.5975930613957947,1.5143299496839744,0.2864002970875,0.01972796312135329,5.17262738825,0.011425269691476118,0.1653223283267379,0.11020016366093843,0.07209533717080815,2.6461163916723454,2.814445273118997,2.942143445405575
LA0750,N,sun,high,amphi,3.102469311653474,-0.8496642248805135,1.5143299496839744,0.34810725906,0.014452631048260932,5.64277186625,0.009064833075181859,0.2814437397528254,0.18166227608140398,0.11045286409809979,2.2525043496430177,2.586524158940386,2.823710745664048
LA0750,N,sun,low,pseudohypo,3.0273790175299657,-1.6066543056113092,0.9368093022845352,0.34682409299,0.014072315481849756,5.0524686269,0.007282581304400258,0.15878991838079237,0.08472192768801433,0.04834640839729377,2.6563892760688286,2.9061753580898158,3.0172824897323487
LA0750,N,sun,high,pseudohypo,3.0273790175299657,-0.8185399185983416,0.9368093022845352,0.36862760899,0.00488367205747247,5.260480502925,0.0025744937040934985,0.2711360035835205,0.14368012775153338,0.07272260995935995,2.2855570897258346,2.711474610859643,2.9515080547685164
LA0750,O,sun,low,amphi,3.0621449426446796,-2.033236106180923,1.51217815418021,0.09436488354125,0.015057774155138757,4.206537394625,0.011308405998528732,0.1315353204313313,0.11522434117896461,0.11282083978639108,2.7413925534543604,2.7917708560671826,2.7980164268420036
LA0750,O,sun,high,amphi,3.0621449426446796,-0.7641341369836407,1.51217815418021,-0.019419238376877573,0.040515958656262584,5.073516083025,0.039279041670397107,0.2936197365626145,0.24591804176184817,0.20613124733215135,2.177876557165358,2.3225056229473022,2.475011852360976
LA0750,O,sun,low,pseudohypo,3.017178120286751,-2.0446979313858744,0.9201567697598322,0.16097525117,0.013251481150500738,4.49253153835,0.00951266666829626,0.10859447475405977,0.06356454381729763,0.041485469003998986,2.841016004615229,2.965480493448457,3.034526019009598
LA0750,O,sun,high,pseudohypo,3.017178120286751,-0.9645579351554532,0.9201567697598322,0.28024380711,0.005846091023373027,5.36857068005,0.003702597164013614,0.24396778141085176,0.17187550574225108,0.11770563730779135,2.346742409388103,2.5987756749293975,2.7806073653843297
LA0750,P,shade,low,amphi,3.0399384027285246,-2.29180625267831,0.8263468729704315,0.200021077585,0.013882986143797906,5.045639882025,0.009654563744694745,0.10219956850685884,0.0686254588208501,0.0466967142126727,2.861266315248784,2.95280895865427,3.025026017437898
LA0750,P,shade,high,amphi,3.0399384027285246,-1.307569906060962,0.8263468729704315,-0.263309461809,0.043663178056087,5.606290650175,0.05040834477701332,0.20755786211794683,0.1324274135655331,0.07907870260630145,2.499665771182137,2.7595123742396233,2.927507775392412
LA0750,P,shade,low,pseudohypo,3.1356973494380065,-2.0389652811863432,0.1805320452144938,0.12116756429525,0.006138129678071062,5.4380108413,0.006112865126123084,0.1056551349035588,0.07993660538058685,0.06057603659776911,2.8387759952131004,2.9107792441071485,2.977174819899149
LA0750,P,shade,high,pseudohypo,3.1356973494380065,-1.469372292099892,0.1805320452144938,0.047788061997946746,0.023062720451343367,6.158121373225,0.025209879442510404,0.16447499926799436,0.13190493765490036,0.10764919022093142,2.6371552295945073,2.7483579661505875,2.8317881347739497
LA0750,Q,shade,low,amphi,3.027636112257946,-1.8380335263300254,0.9402766726427635,0.19533978956825,0.02648654745782046,5.341866174925,0.022577554201823707,0.13338680520479262,0.10081192563739072,0.07109165606902303,2.730569461480721,2.8416513166050716,2.9413739792801334
LA0750,Q,shade,high,amphi,3.027636112257946,-0.9718237573472307,0.9402766726427635,0.07681546540675001,0.014262089503032519,5.58340611195,0.01555238661476113,0.24243611544935045,0.17912114840779675,0.1277411394571289,2.3386049015550103,2.5666033734761955,2.7417475430378353
LA0750,Q,shade,low,pseudohypo,2.9667170394145135,-2.153365940482303,0.3458405648312702,0.01845283947315425,0.045414579984060385,6.006703131825,0.13991763095230295,0.10658142916098833,0.08297009476084827,0.06562478797578543,2.825798250960589,2.8997303327527013,2.958377244008516
LA0750,Q,shade,high,pseudohypo,2.9667170394145135,-1.4492066100570968,0.3458405648312702,0.0795840540588,0.023188619059656846,5.74363063995,0.026322760943836072,0.17956829628716514,0.1392859550720003,0.10793178252824154,2.57144827113747,2.706241965129976,2.812998173144016
LA0750,R,shade,low,amphi,3.0866933678682713,-2.0062162012450475,0.6408258032326959,0.1352095618525,0.006364474612015455,5.293671414675,0.006743043390566973,0.1068526952143708,0.08217411309959793,0.06312090832146927,2.826078145800378,2.9049125935904048,2.9689851627489414
LA0750,R,shade,high,amphi,3.0866933678682713,-1.4545497117328046,0.6408258032326959,0.11422656561125,0.009859409538257842,5.083200657875,0.007837683234595836,0.16050871392093932,0.11500015539913723,0.08456841244566764,2.6366838325278152,2.7930546341709537,2.893729065767545
LA0750,R,shade,low,pseudohypo,3.077619661180662,-2.0485955998761787,0.06753859936103444,0.16936068037,0.01605189831614107,5.461366771325,0.01784386187485777,0.12300019000222895,0.10664778112817713,0.09512317352823721,2.7559785449522227,2.8111826230904358,2.8523276166392835
LA0750,R,shade,high,pseudohypo,3.077619661180662,-1.716520745464708,0.06753859936103444,0.15459193506675,0.020014328054943856,5.68858892165,0.019026203563847387,0.15833816051998897,0.13990689833048625,0.1257217175502882,2.6631908480374165,2.7166667665258424,2.7656210227605404
LA0750,S,sun,low,amphi,3.1857346264693223,-1.8068829119029344,1.3592590661511972,0.5781460962175,0.029377617454608696,5.483225546275,0.01446283043463128,0.1412159882834996,0.09413705857162002,0.06090920272673769,2.700858438770415,2.8697067801587486,2.9779248167075694
LA0750,S,sun,high,amphi,3.1857346264693223,-0.7712621397056729,1.3592590661511972,0.3908536291325,0.010827271886544258,5.36528156435,0.005818593887936097,0.28797724770632793,0.20404183760957625,0.14157313034830582,2.2016694720527474,2.4925645771172937,2.719789699588202
LA0750,S,sun,low,pseudohypo,3.1160451230243056,-1.86101738424629,0.6655798491401008,0.19458125931,0.008298698721460744,5.356174717,0.007071812119478592,0.1440045897321524,0.11537441844237273,0.09778812515792822,2.7048989255321083,2.79233717241834,2.855914951148766
LA0750,S,sun,high,pseudohypo,3.1160451230243056,-0.9203315179619943,0.6655798491401008,0.27889592507,0.025679364170255452,5.96402346765,0.01922639850033611,0.2619765338427671,0.1967204824733996,0.1491993252361691,2.3076075786228554,2.5314904237499154,2.6961628856013786
LA0750,T,sun,low,amphi,3.221359824990712,-1.7187421999374954,1.2798751558989285,0.21622939012,0.016213312301034028,4.917208201525,0.00993040413888859,0.14917908631411161,0.09647518366208918,0.07187854293592265,2.6813002343957706,2.856833090347833,2.936993816266305
LA0750,T,sun,high,amphi,3.221359824990712,-0.27003452461911975,1.2798751558989285,0.2990393678425,0.006317185339325568,5.827764443025,0.004198560256510942,0.36530166583015417,0.2590911100223329,0.17012481511241342,1.8760125190021362,2.2606215129761864,2.5902168219599395
LA0750,T,sun,low,pseudohypo,3.335969301782722,-1.8259582705882011,0.6588982688558366,0.23328651722575,0.060605677051999374,5.60262047385,0.07604261299648223,0.13359749664714687,0.08983962853674118,0.04771340033603425,2.733100876568685,2.8785180589267982,3.0156156395939338
LA0750,T,sun,high,pseudohypo,3.335969301782722,-0.9547025345486653,0.6588982688558366,0.2490351654325,0.01612117291680303,5.9750871542,0.011751718005406354,0.23865018088787307,0.15686573725349115,0.09813159612688624,2.343436429891999,2.6349345691699853,2.847899361465686
LA0750,U,sun,low,amphi,3.1327722314990782,-1.495171262731596,1.5229997741741528,0.504566077605,0.034588810296115186,5.4343666508,0.02120057448051867,0.17668537366633114,0.1428857195335071,0.11846986928350231,2.578215297681363,2.6921303279480515,2.779031594854009
LA0750,U,sun,high,amphi,3.1327722314990782,-0.6396724057668706,1.5229997741741528,0.31468199835,0.012577969804477654,5.538661832225,0.009476221394823197,0.3031126572947982,0.23249060433383323,0.1737846227495743,2.1143472465587836,2.370072323626471,2.5743756616976783
LA0750,U,sun,low,pseudohypo,3.0898960235812396,-1.589811492158701,0.8354824993028914,0.2401827082975,0.01136132685079239,5.414947100275,0.011664772497880498,0.19354607748124372,0.1792931715154049,0.1700283614969314,2.5137808719803285,2.5598613905835492,2.5955987763313138
LA0750,U,sun,high,pseudohypo,3.0898960235812396,-0.9747586957196084,0.8354824993028914,0.30841593229250003,0.02462080849449751,5.50063480925,0.016791829572869503,0.2680791877914568,0.23634749008533842,0.2114913002046942,2.255333404592383,2.3616710743198084,2.4518813502075067
LA1028,E,shade,low,amphi,3.230677548533248,-1.5206409832933037,1.374124532977845,0.500536537565,0.012060871973753877,5.5049644927,0.0058426857137967156,0.20484653557010807,0.15425555117627787,0.11658671974683138,2.4933914639460353,2.663472194601529,2.7887470255929174
LA1028,E,shade,high,amphi,3.230677548533248,-0.6704003483074892,1.374124532977845,0.1475111569245,0.013914962705531544,5.3574674004,0.010986492367547064,0.32255991201950507,0.2618989922286583,0.21016578056825017,2.063416283841083,2.2766989415012064,2.456112022854371
LA1028,E,shade,low,pseudohypo,3.1470956130916625,-2.2963919364493304,0.8735610473665357,0.088614865761,0.007935201776609549,4.65592508635,0.006111928946489856,0.15327501835016372,0.12548946087819662,0.1093847516445626,2.6755354377699883,2.7592765270210737,2.815787771631296
LA1028,E,shade,high,pseudohypo,3.1470956130916625,-1.0600566861685097,0.8735610473665357,0.2355253886875,0.011158987020092447,5.354874972425,0.0077527041189336746,0.2747006306617745,0.23185007773616345,0.19294537047522736,2.2406385107791023,2.3912716953733,2.5245094638071226
LA1028,G,shade,low,amphi,3.2106865343389006,-2.2341535960255405,1.2938269125525064,0.4273467972775,0.017700350237687356,5.5995000367,0.009281999829848547,0.13426253702939356,0.10646773708055768,0.08832089341491045,2.7323264104763876,2.8258612006730504,2.887792186867318
LA1028,G,shade,high,amphi,3.2106865343389006,-1.1397635826629238,1.2938269125525064,0.223920000765,0.011113270074474189,5.51763632545,0.007644613319956097,0.2406535994869443,0.18561675841978723,0.14550547208735667,2.3518370695409767,2.545685376468162,2.685896469517391
LA1028,G,shade,low,pseudohypo,3.0670938060434447,-2.871369602176094,0.7297926219593289,0.0322699840259385,0.017576465511676624,5.071476215975,0.014767177920787293,0.10210354014620956,0.09635809131177031,0.09093232188884649,2.8470610435750725,2.857687957632373,2.876184575824268
LA1028,G,shade,high,pseudohypo,3.0670938060434447,-1.5079522653610034,0.7297926219593289,0.14434724454475,0.014452584721751805,5.302028039525,0.011521981603230907,0.209456640840359,0.1827148204469122,0.15790785849015196,2.490108245702049,2.578445341885228,2.6610871578340034
LA1028,I,shade,low,amphi,3.147607893206295,-2.3238059989767663,1.2061232241145112,0.01522292123845,0.0035856002545773995,4.382260735875,0.0029509254331045735,0.09461447063941313,0.07126553955152327,0.06294845940320772,2.864119165495242,2.941499904928196,2.969642906873589
LA1028,I,shade,high,amphi,3.147607893206295,-0.4313753826182894,1.2061232241145112,0.4557783081925,0.023534129227437008,5.573605661725,0.012306815658267748,0.3434633874375796,0.25730174199050576,0.1813357495570012,1.9876157761606754,2.2924617543444183,2.5543264826553065
LA1028,I,shade,low,pseudohypo,3.0115841060065707,-1.296352004603574,0.7146109673094262,0.08702986788825,0.012643754964315286,5.3948902679,0.01028367218934409,0.19166853732795305,0.12435345542137957,0.07472925720013529,2.523888363716301,2.7571091628540008,2.9256250274035867
LA1028,I,shade,high,pseudohypo,3.0115841060065707,-0.64056399376359,0.7146109673094262,0.402735084165,0.01745454574261228,5.38316811635,0.009907074167910026,0.2904580344672475,0.24679751287833165,0.2045236467848911,2.166628018598151,2.323484026736389,2.47499077365019
LA1028,J,shade,low,amphi,3.057610348498841,-0.9024843253526769,1.1882530606974502,0.160275804145,0.0035043935507231587,5.34468466305,0.002255164639678819,0.2608114207753698,0.12918256485783927,0.06517273317294699,2.2533254185207126,2.735161640159336,2.9616538009643194
LA1028,J,shade,high,amphi,3.057610348498841,-0.28231625845819025,1.1882530606974502,0.481087361275,0.010385004051726545,5.889523288475,0.005397675230236853,0.3672005204127746,0.2647800288969106,0.18127090127713041,1.8617890718161676,2.2505301903597252,2.5627284641244534
LA1028,J,shade,low,pseudohypo,2.9212562347056017,-1.5593235900149736,0.760774530261457,0.334822843635,0.01439581368620774,5.342462170575,0.007612432006994012,0.17548037644907463,0.09181733722414166,0.04921891404069144,2.5919931705169565,2.8734187541542977,3.0146237874306583
LA1028,J,shade,high,pseudohypo,2.9212562347056017,-0.8398781742604673,0.760774530261457,0.62887277831,0.02030888232317616,5.64278716905,0.00880475762350158,0.2703830099560733,0.18618847605499872,0.12202565377847016,2.2390307785084422,2.5385752539783764,2.760060347464138
LA1028,K,sun,low,amphi,3.345001776608909,-0.9638213433221651,1.7090445402889172,0.58108748422,0.014208279310147724,6.061203109925,0.006134069378625365,0.28033252288960125,0.15034913580091047,0.0873810501865885,2.248234523824676,2.687195872235817,2.893224168264476
LA1028,K,sun,high,amphi,3.345001776608909,-0.1256214606923075,1.7090445402889172,0.211925104288,0.026094873292166105,6.290326568075,0.017866619226148153,0.4221285961367123,0.29553843119636963,0.19609934288938247,1.7518200000271313,2.1867924131060947,2.524138805932351
LA1028,K,sun,low,pseudohypo,3.2450602792612706,-1.0161634919814024,1.275483875302472,0.3310520600925,0.00824971822007951,5.705539256025,0.004332677860593793,0.24188674775057736,0.10352610241092897,0.03993447196996882,2.3726563774785516,2.8401919470890276,3.047973909935546
LA1028,K,sun,high,pseudohypo,3.2450602792612706,-0.4389846235300374,1.275483875302472,0.58051102948,0.011166837709873912,6.10757738555,0.004824099625329592,0.33664911856810154,0.19731708517559526,0.104582630883147,2.0514035686424004,2.5176511412040345,2.8360360912557603
LA1028,L,sun,low,amphi,3.1783284476327545,-1.250422172040602,1.6953550298641002,0.1461954891725,0.00977328234099265,5.1127312297,0.006457323347980799,0.24419302935609596,0.1776762357834195,0.14171494757637482,2.371314486726038,2.5944414621129024,2.7136659321189853
LA1028,L,sun,high,amphi,3.1783284476327545,-0.13792117519815797,1.6953550298641002,0.4297770944825,0.01085480799722412,5.962448022025,0.005771130660115605,0.43034168321168825,0.3139219268300124,0.22466098486522412,1.7289243958875473,2.127636063200004,2.4288110106414367
LA1028,L,sun,low,pseudohypo,3.0487111551699115,-1.0185695476828842,1.251434749544049,0.3564880054475,0.016327100709393826,5.231850404175,0.00957632305260803,0.23768085862326466,0.15039165567970897,0.0917085941068385,2.365993500606888,2.6774419241623133,2.8750684513238363
LA1028,L,sun,high,pseudohypo,3.0487111551699115,-0.4972534289305219,1.251434749544049,0.6923922842975,0.026442356005394768,5.662816860825,0.010175832778064643,0.32735206132571126,0.23599393818844777,0.1660739190843589,2.09007982806449,2.399160295879172,2.633616234231712
LA1028,M,shade,low,amphi,3.206300238505574,-1.7566049617302308,1.1960205414332712,0.2354551440475,0.01308433968590286,5.352777076875,0.011119944751510093,0.14467512736217777,0.10533294833036894,0.07638499309937137,2.703877744355192,2.8275094923613517,2.9273359343460426
LA1028,M,shade,high,amphi,3.206300238505574,-0.8305590032222161,1.1960205414332712,0.08104866587175,0.008759897580573479,5.8818571958,0.009192343546917392,0.29251741381845214,0.233716943152281,0.18422836625962094,2.243703956379657,2.430193390222439,2.5913068222176894
LA1028,M,shade,low,pseudohypo,3.1979870463933624,-1.9623440879594587,0.9128018634482603,0.2973378074275,0.026514942385906702,5.357430534875,0.017752926661914522,0.12105333944848617,0.08593249940383152,0.05782305350958079,2.803155574788625,2.8974802153392663,2.989108172879524
LA1028,M,shade,high,pseudohypo,3.1979870463933624,-0.9539825790834143,0.9128018634482603,0.6060675368825,0.0244445338855218,5.890808783925,0.011098603277662142,0.2569587088130283,0.1848052342341142,0.1283773596934207,2.3479238793635244,2.583173061954203,2.7655518886266934
LA1028,N,shade,low,amphi,3.1737203308297484,-1.1163802674157892,1.1241012191974131,0.2195687597575,0.0198153762636273,5.857629283275,0.01653258277151175,0.20370134870400594,0.11521628796418251,0.06177383194121608,2.459924591196442,2.7867746776551043,2.9709001721393924
LA1028,N,shade,high,amphi,3.1737203308297484,-0.5353959051067624,1.1241012191974131,0.445621918615,0.016214158333379237,6.068097266325,0.009197986681033212,0.3016622123614953,0.21819676803158267,0.14906683668697873,2.1134938369436647,2.4293331423278635,2.6779050752486215
LA1028,N,shade,low,pseudohypo,3.1521481557953672,-1.8001005617287404,0.7511311573251438,0.1656417979,0.01646115179528403,5.325620721825,0.012389723082590957,0.12450438320637959,0.07564497752880514,0.0474892337098295,2.8042998049529313,2.9249440716155677,3.0206594291537443
LA1028,N,shade,high,pseudohypo,3.1521481557953672,-1.0382957127561547,0.7511311573251438,0.3142295663625,0.016789821819870456,5.435451618075,0.010393445204967064,0.2194212675333768,0.14782526629996096,0.0946903853402639,2.4951679144941568,2.694214732586852,2.867598476736269
LA1028,O,shade,low,amphi,3.050686908970804,-2.3005620496804484,0.815035661147979,0.102237045773,0.010585654924655064,5.08826307205,0.009993481405908371,0.0847521858164546,0.05328875201446211,0.03432577109802756,2.901322377310679,3.0027040788866226,3.064049484774351
LA1028,O,shade,high,amphi,3.050686908970804,-0.9459597688104122,0.815035661147979,0.35518275741,0.024217749326278074,6.068015146675,0.018493518650115608,0.2361100204548973,0.15257806197998344,0.09103156788410148,2.3589731395662015,2.6532112600864095,2.8685201116470447
LA1028,O,shade,low,pseudohypo,2.994952683254635,-1.9012964101824106,0.47779603487175826,0.2079129239525,0.014956623956896594,5.4949773581,0.01681473889447267,0.12279954752991112,0.08563779859615678,0.059936844522654215,2.767884423992498,2.8892034471208676,2.9770474162346234
LA1028,O,shade,high,pseudohypo,2.994952683254635,-1.1541173920941497,0.47779603487175826,0.2757917931375,0.015275956870762861,5.89116209775,0.013160465770624704,0.21189952865763748,0.17079851899965195,0.13608908119103003,2.4527282503891112,2.594162410029523,2.716404883485606
LA1028,P,sun,low,amphi,3.448949670259818,-0.7869629214680068,1.7776824313270871,0.4616351066825,0.012391309129641483,5.724048546475,0.00548887901031623,0.30261877023882633,0.14975999504814602,0.07652254921792769,2.164001425220771,2.6868370012331257,2.928276077388117
LA1028,P,sun,high,amphi,3.448949670259818,-0.05776297503584204,1.7776824313270871,0.450862703165,0.009347170975696735,5.8532258664,0.004677025264712357,0.426801017296615,0.29659928255284046,0.19086028802400679,1.723762014721528,2.189093800848549,2.5534197777313126
LA1028,P,sun,low,pseudohypo,3.4019512646341843,-0.9892180243720302,1.3827296301862202,0.58787731666,0.024982259547052705,5.74112937155,0.010217814592580579,0.24114170169653185,0.12433549537949773,0.05669460302092997,2.3629323962745383,2.7681901124120336,2.989420785873721
LA1028,P,sun,high,pseudohypo,3.4019512646341843,-0.31972235401982807,1.3827296301862202,0.7655803499475,0.012412113417288958,6.113700467725,0.0044497515802741526,0.3562724324644849,0.20001412992211373,0.09683690764421442,1.9838249493309106,2.5251821063349107,2.8821516302880466
LA1028,Q,sun,low,amphi,3.2577717903957146,-1.1743859602325357,1.7973101457992773,0.26100090838,0.01229125483368803,5.1850051123,0.009472060057395476,0.22839633953114188,0.17731840564097534,0.14042749968238938,2.398802652131545,2.5718128303301526,2.6982126352484146
LA1028,Q,sun,high,amphi,3.2577717903957146,-0.07851777962334369,1.7973101457992773,0.4161085135125,0.00836411371744322,5.9930442744,0.004682802638361676,0.4093054032687845,0.32160863579505944,0.24692945008406614,1.7361577110670816,2.057367279664487,2.324333575275808
LA1028,Q,sun,low,pseudohypo,3.2034389762731155,-1.8490215700509918,1.396523941809484,0.04649470054215,0.011537846580500933,4.892809256025,0.009244156182215012,0.1295566285125358,0.10013518584778491,0.07863104056906545,2.7589745570661695,2.8357050887331177,2.912130665590535
LA1028,Q,sun,high,pseudohypo,3.2034389762731155,-0.702037576841151,1.396523941809484,0.56501208328,0.01406621292590315,5.786734834575,0.00661443154883211,0.2838291083075399,0.20490763715673835,0.1407454985112212,2.2057367874060434,2.4874340836289806,2.703850186778994
LA1028,R,shade,low,amphi,3.0907017572521736,-1.2839950409758896,0.9128283100961598,0.2929299845875,0.02200496699810516,5.525546800625,0.01759460676281579,0.20168255997437684,0.12888350483520294,0.07851611187600319,2.492624852513161,2.750191157616343,2.9199954797168655
LA1028,R,shade,high,amphi,3.0907017572521736,-0.4797604101286919,0.9128283100961598,0.441174007655,0.030817472967087138,6.29299622685,0.022849918353215027,0.3378142061442077,0.2642807062602672,0.19697903737237052,2.0242862176246765,2.2894937629367265,2.531736493553773
LA1028,R,shade,low,pseudohypo,3.0226818578681462,-2.012185975935941,0.5201953992330631,0.2389040670425,0.016453587581903253,5.173645319225,0.014023497950444063,0.11641298770983205,0.07859530299025941,0.05199608519041011,2.7983197286212773,2.9237392313481774,3.0077101265411477
LA1028,R,shade,high,pseudohypo,3.0226818578681462,-1.1565478638073428,0.5201953992330631,0.502687412,0.02983923484799325,5.88074467625,0.014619518899121697,0.22764380002489787,0.16353086936756792,0.11538449622193368,2.4504873831805134,2.6712704284117152,2.8295446464319696
LA1028,S,shade,low,amphi,3.189335696552536,-2.8123023021442073,0.9311271013056359,0.07218436161225,0.005458784271376084,4.54828405695,0.004321975999966647,0.06100229873351843,0.047552909405079606,0.04152950067805755,2.976708592641249,3.020459658294994,3.041575516139214
LA1028,S,shade,high,amphi,3.189335696552536,-1.0451681173222487,0.9311271013056359,0.3307445561625,0.034665928112482924,5.56301300775,0.02519465519088706,0.2067074263695264,0.13909049371667412,0.09116490078582382,2.461923249612991,2.7017955402210747,2.865823497677887
LA1028,S,shade,low,pseudohypo,3.1370494328203895,-1.952002856848379,0.6296967845341331,0.3590430785525,0.02687660838883439,5.6053986055,0.032164046775952054,0.10061828238185849,0.07322879619543343,0.053294315198837004,2.8424689128024645,2.9313945485740405,3.0010487402781365
LA1028,S,shade,high,pseudohypo,3.1370494328203895,-1.1599104821651622,0.6296967845341331,0.23252142806,0.028864668612914538,5.8111278854,0.025600823523416114,0.17890296957156065,0.14191475917072036,0.11109655478890447,2.557383504714797,2.6969197312872297,2.806315109177862
LA1028,T,sun,low,amphi,3.315012289038951,-1.4252644876709681,1.8161515115079774,0.155378536995,0.008391777187528874,5.120264702,0.006892804501566113,0.1852676011383034,0.1380153560602069,0.11419973226701799,2.5580003310178165,2.720133394885082,2.799252280868356
LA1028,T,sun,high,amphi,3.315012289038951,-0.176394330606748,1.8161515115079774,0.237309397455,0.0115403820202512,5.730593399475,0.007739836959908688,0.3834196236374581,0.2965154671033761,0.22069079104177425,1.8405892286033807,2.1503078345458184,2.415115084638722
LA1028,T,sun,low,pseudohypo,3.2309010161241662,-1.7968518082109426,1.3969904773185227,0.067065525438,0.0034115821675459955,5.152921129125,0.002962919639790665,0.12777557276154491,0.08095152564907768,0.05127626097554008,2.7476929158886887,2.9015043589326766,3.0052060129693574
LA1028,T,sun,high,pseudohypo,3.2309010161241662,-0.5998746561866013,1.3969904773185227,0.289921005295,0.013589961454068041,5.432501921325,0.008028621500781343,0.2828323249090028,0.19733533605702827,0.13083354610422374,2.182987289353952,2.494466568835001,2.7337110053581113
LA1028,U,sun,low,amphi,3.314745664555982,-0.8479582316068421,1.6889407997000077,0.21348173328675,0.03288417080306032,5.505006329875,0.02945047447750609,0.25319273499440453,0.17371668180478253,0.11968670958699305,2.3530245985683234,2.612394938160073,2.7886836077046797
LA1028,U,sun,high,amphi,3.314745664555982,-0.06261342790685955,1.6889407997000077,0.4731652730075,0.015089059441048928,5.762445840675,0.00766205048279233,0.39354258099088335,0.29939284167772784,0.2191133597801168,1.8682377699829091,2.1837758313228512,2.449499145326492
LA1028,U,sun,low,pseudohypo,3.2452078852282407,-1.401369947580188,1.2289757896286426,-0.003900207624485225,0.005452511380282024,5.01453870825,0.005228795748430191,0.16919485971123785,0.14318560411230283,0.13649183129840517,2.6201711571766926,2.705110176852108,2.727074790137033
LA1028,U,sun,high,pseudohypo,3.2452078852282407,-0.34551521756597825,1.2289757896286426,0.2652573531825,0.01483240157583008,5.474769509125,0.008436029864525333,0.2990232918943076,0.2403344180187677,0.1950906375359678,2.157092205674668,2.364503587589765,2.5251454866153056
LA1028,V,sun,low,amphi,3.170491283604177,-1.1940637343149088,1.7682339288641087,0.09803532694175,0.00535534027209306,5.0059383454,0.005296422703949675,0.2126237452176216,0.1266040756664158,0.09717107375185532,2.4609999882738984,2.7460521366374135,2.8509467373354287
LA1028,V,sun,high,amphi,3.170491283604177,-0.11395148239864804,1.7682339288641087,0.4939119173275,0.010696000836858779,6.009197544925,0.005676833526571073,0.39799385548404637,0.29083511612282875,0.19499281910052643,1.7835269110771106,2.1621017000268115,2.502347147843997
LA1028,V,sun,low,pseudohypo,3.1025500397681753,-2.0557409960182493,1.3028726726047744,0.106098693909,0.011039428372654968,5.090352118525,0.008890395466370238,0.11464568347497994,0.08834690028131396,0.07094755260402676,2.8007484996529577,2.881433474767036,2.93867236193253
LA1028,V,sun,high,pseudohypo,3.1025500397681753,-0.6379862027512754,1.3028726726047744,0.5461043329375,0.018863324587362555,5.737345400175,0.008709899015986913,0.2908718552179248,0.20003667316779122,0.1298525416066915,2.1520269493422113,2.479520874094394,2.728963907243828
LA1028,W,shade,low,amphi,3.168636393891903,-1.3204469998642787,1.0748460639464303,0.4674070635775,0.025435684987076327,5.4350177188,0.016005263241819122,0.17695561882880279,0.04102199733681855,0.0265768721957267,2.585006504624095,3.0508516141702513,3.0937917234809618
LA1028,W,shade,high,amphi,3.168636393891903,-0.8159718608962255,1.0748460639464303,0.541732412835,0.00846720716183485,5.878512651625,0.0035960135805013474,0.25668661150873184,0.1241710968828105,0.05688923096024109,2.3524394769898884,2.783124976356021,3.000559482521517
LA1028,W,shade,low,pseudohypo,3.1154193062519537,-1.4112838237697183,0.7144023077817303,0.3539979416975,0.01202539594256983,5.5958698212,0.006887658460987262,0.1649487438953011,0.09466117654023055,0.051391470589608704,2.630370449994599,2.8710303490369604,3.0114010503944635
LA1028,W,shade,high,pseudohypo,3.1154193062519537,-0.7998915064250065,0.7144023077817303,0.3135919665225,0.023705349970170958,5.753429537225,0.017645564149664138,0.2552535256176824,0.19291228137009359,0.14029831367365428,2.3418618670365343,2.5467720319045326,2.725363366576879
LA1044,A,shade,low,amphi,2.84838760657406,-1.3796839914303827,0.6634718767926334,0.034336642668781926,0.03402792637110501,5.145045178,0.027531726893085202,0.10417805987752557,0.049726205391835795,0.02649086374919927,2.840066494748971,3.018015087735229,3.088558323496878
LA1044,A,shade,high,amphi,2.84838760657406,-1.1216220992415789,0.6634718767926334,0.11436471208275,0.009030887004330645,4.858841010125,0.00632051574311066,0.13005788052410389,0.07529519458910616,0.04585810579731625,2.774754865666079,2.960799441517711,3.031629587179699
LA1044,A,shade,low,pseudohypo,2.8363882129962015,-1.7263431226483736,0.43097560305293964,0.08677330424125,0.011345139353218741,4.954344716425,0.0076550125027707834,0.10431035116791272,0.0525298079934768,0.028172451290148677,2.8371819936091396,2.9997543578085133,3.0868083756497064
LA1044,A,shade,high,pseudohypo,2.8363882129962015,-0.8863056100097945,0.43097560305293964,0.573587273525,0.0039485742352349685,5.383797830075,0.0016970999300029768,0.18861396614281797,0.09703353792589121,0.04662241884188415,2.541801911056939,2.8783881732465657,3.0273334786963226
LA1044,C,shade,low,amphi,2.9996133367815685,-1.0929953219066662,0.25065507434136697,0.234185747135,0.012121554543478092,5.196335078025,0.007640087515875203,0.15627862700945938,0.07899447126785823,0.0409201374758458,2.6648758016726233,2.920570378823339,3.0444257073098124
LA1044,C,shade,high,amphi,2.9996133367815685,-0.8151830705164533,0.25065507434136697,0.387581409345,0.014331960167430081,5.106357879175,0.007640318201589143,0.19444946839812682,0.1257024076345358,0.07370097588993271,2.5545126076622027,2.7700749693192055,2.939969994455593
LA1044,C,shade,low,pseudohypo,2.9840955453355944,-1.1371516669902357,-0.2612996034184981,0.401483802365,0.007729968378455358,5.3277584222,0.003880037375815681,0.1378845964179423,0.04647860344573179,0.018224628523743493,2.7146372033202346,3.022372194280485,3.119998090237943
LA1044,C,shade,high,pseudohypo,2.9840955453355944,-1.3748383894971112,-0.2612996034184981,0.1836152022725,0.007691295734913209,5.081304390525,0.004954883204211242,0.11572969294512915,0.06604986928037372,0.03748574679999767,2.7923082931422227,2.967722310994372,3.0532530113293728
LA1044,D,shade,low,amphi,2.946159441525675,-2.0964115839152764,0.9506075511636154,-0.15792442400025,0.015633932922465035,4.644532112975,0.02900977829501179,0.06764939059712576,0.05599981220275065,0.05180637905696323,2.9612709255078737,2.996945616198678,3.0104588810650643
LA1044,D,shade,high,amphi,2.946159441525675,-1.6425302653947682,0.9506075511636154,-0.026654715991025,0.004482724503409829,4.41432830685,0.0045684432331880576,0.09698544844313081,0.07780108388569626,0.07208759471916423,2.864067523656312,2.9245154545448555,2.9434266714775448
LA1044,D,shade,low,pseudohypo,2.946510422546372,-0.870379967691768,0.8750495689989879,0.2099596301175,0.003768793666724901,5.05225141035,0.0038643627514004693,0.20195067161986857,0.051534916381675906,0.04183080192488671,2.4670511397307733,3.007482329615481,3.04028547646792
LA1044,D,shade,high,pseudohypo,2.946510422546372,-0.9723887865687211,0.8750495689989879,0.1739502949925,0.012885846395198627,5.023333455675,0.007429771983589047,0.19492060744994724,0.10368998132182587,0.06177531586779251,2.556107955883129,2.830128321524764,2.9791315934636464
LA1044,E,sun,low,amphi,2.8923892624941807,-2.6072545500836504,1.7071176045751606,-0.02482337114028201,0.014164843956139865,4.5811490493000004,0.02888234669027766,0.040455992580340605,0.033610120623129645,0.029877482153115635,3.0430518641814737,3.067323727649915,3.081880398362813
LA1044,E,sun,high,amphi,2.8923892624941807,-1.0749790113956896,1.7071176045751606,0.1002821298855,0.007763297281905168,4.732233488325,0.007011873027102191,0.134696902924853,0.09241983017117555,0.06188935140713582,2.740337586170517,2.8795410117556726,2.9774216578789416
LA1044,E,sun,low,pseudohypo,2.8614149857253377,-2.174928567748151,1.3039293648468409,-0.06565316606076001,0.03024948664632115,4.647876383175,0.0524109366666183,0.058634991630672366,0.04683250263615695,0.04172408192210252,2.9765886572600055,3.0225183112465217,3.0364077275656203
LA1044,E,sun,high,pseudohypo,2.8614149857253377,-0.5383243629249239,1.3039293648468409,0.32274433189,0.00731176762669939,5.383696042,0.004036231919767926,0.1820706961496287,0.10560546779512989,0.0611836487369711,2.5965950626861725,2.8295748666051974,2.9830491793737113
LA1044,F,sun,low,amphi,2.837927549873336,-1.3257284595238703,1.7863498201338484,-0.0455623325833,0.009203581298806865,4.7373081441,0.010115951497593804,0.11426707026899009,0.07596076651497036,0.05913654049068299,2.8070775987015515,2.927067851350652,2.982994567135092
LA1044,F,sun,high,amphi,2.837927549873336,-0.6346059997099893,1.7863498201338484,0.1018092282025,0.006458526732281584,4.760452759125,0.0049661959808425605,0.1926062511934852,0.12438751415554117,0.0816603324543306,2.539840958060095,2.7654191066862612,2.9082748810980243
LA1044,F,sun,low,pseudohypo,2.8084390952609035,-1.6594838163188044,1.3324465086335897,-0.08786901153225,0.015239872520770246,5.0366140787500004,0.020796777704060118,0.0917147356164079,0.07227302325870115,0.05802088693782594,2.876624758179227,2.9322852446227894,2.980234646659298
LA1044,F,sun,high,pseudohypo,2.8084390952609035,-0.4366714549508078,1.3324465086335897,0.14000616745025,0.011299523440734406,5.5385120223,0.01845453661462657,0.22784024832719244,0.1693754025236618,0.12618909706486586,2.4355961776709547,2.6205973550458364,2.765595327529092
LA1044,G,sun,low,amphi,2.9461651105783053,-1.660281487620481,1.653942306921311,0.102359164262,0.011939864975163925,4.55934281295,0.008382336436169174,0.10487109347917394,0.060240510390597954,0.04632534043422319,2.8480968572529592,2.9784928335931826,3.024377542645786
LA1044,G,sun,high,amphi,2.9461651105783053,-1.0899291942848337,1.653942306921311,0.20659527769,0.006901606606011705,4.7847717053,0.004445884523650644,0.16303872806612724,0.1041496642393429,0.06715983834028481,2.6430016007585806,2.833644561647969,2.9554332624457245
LA1044,G,sun,low,pseudohypo,2.9180727824647223,-1.734761019062472,1.1880291070601217,0.009740221653937526,0.007031927634044426,4.78125529515,0.006048848078195119,0.09758616984732789,0.07043596271145465,0.05475733700295973,2.859806020165433,2.9457766751846814,2.9930027519678672
LA1044,G,sun,high,pseudohypo,2.9180727824647223,-1.2629313208337685,1.1880291070601217,0.01755654509964,0.005649714509788397,4.8197202031,0.005174854083984688,0.14653992470542054,0.1170656261415223,0.09493883688027689,2.6991144655229995,2.78938072851614,2.866024725755813
LA1044,H,shade,low,amphi,2.9640007533594557,-1.0129954591674943,1.0632272693246858,0.181993833005,0.007718340792535344,4.91414986015,0.004919774208290153,0.1878045378087499,0.076250664985441155,0.04080393525834837,2.5720065307487685,2.9385671183352353,3.047988451387825
LA1044,H,shade,high,amphi,2.9640007533594557,-0.6966579031465292,1.0632272693246858,0.34917890714,0.013815764476942466,5.010867505325,0.0072797375691791314,0.24362330644372188,0.12561990063972459,0.06606180060407847,2.414952689849537,2.78166611356005,2.9716386288197594
LA1044,H,shade,low,pseudohypo,2.92327248676562,-1.321029120037892,0.6302441263594925,0.17175829309425,0.02532807077905529,4.84396145595,0.016735134907824353,0.19039738508433907,0.1244491824209491,0.10783284419925504,2.5478222768865586,2.767305451430821,2.8260957264084476
LA1044,H,shade,high,pseudohypo,2.92327248676562,-0.8091090861192091,0.6302441263594925,0.4417955201375,0.017071801086993913,5.066833544225,0.008785696283114467,0.26030041404822857,0.18048268410438514,0.13176189822698833,2.3583003661831334,2.6078188560590365,2.7704855118561005
LA1044,I,shade,low,amphi,2.916334382406014,-1.1210325357126312,0.7489322351172953,0.03469063483211775,0.040629058619298455,5.8488288838,0.039955966105360535,0.13847631658764814,0.07374655580216995,0.03866498859452973,2.729556900479401,2.9426502920520887,3.0530663344495093
LA1044,I,shade,high,amphi,2.916334382406014,-0.7863057721865123,0.7489322351172953,0.24013782081499999,0.023063969401027493,5.127122191025,0.017000040006655254,0.18029545902436886,0.10647962538177073,0.06160023448486988,2.632911631755851,2.842661044954489,2.985935187023716
LA1044,I,shade,low,pseudohypo,2.9007155292088953,-1.1467821840191479,0.39822907057381207,-0.1216821472735,0.025870902462931965,5.3686691517,0.03225702804416648,0.11221524844310737,0.064270488560590755,0.03939531439381485,2.8107596632331573,2.964337204263543,3.0504251309441126
LA1044,I,shade,high,pseudohypo,2.9007155292088953,-1.2632313063148553,0.39822907057381207,-0.1303302868255,0.0325538271168146,5.168681939475,0.04591171964291555,0.11072330047946674,0.07769963099272567,0.05527946943764622,2.8567671121911653,2.9271564325010297,3.0180182144398575
LA1044,J,sun,low,amphi,3.057262988794063,-0.8920713304451113,1.6945990874737527,0.13848591899675,0.017055707657189792,4.9940245245,0.013487320913621285,0.201602216357039,0.1305788238148448,0.08301501240760269,2.5160557604251865,2.7436814438621577,2.8999909694512622
LA1044,J,sun,high,amphi,3.057262988794063,-0.07076014131473961,1.6945990874737527,0.35113819246,0.007130386718909361,5.321308871325,0.0038161133925738474,0.3470062012127838,0.21744542470861733,0.12238961532167958,2.034205934957737,2.471944696709716,2.789872861658335
LA1044,J,sun,low,pseudohypo,2.942676508441783,-1.8970852859497218,1.1549467146995,0.097665669312,0.017296196157137612,4.577224791,0.012824878355750354,0.09028548344484978,0.06138176682011515,0.04665558481128083,2.9204636628405134,2.9607540529228986,3.0174181692933733
LA1044,J,sun,high,pseudohypo,2.942676508441783,-0.437828710279795,1.1549467146995,0.245656279235,0.014072593865179311,5.0815377192,0.008842619504572553,0.24912573596748266,0.14758447135672745,0.0754959264319234,2.298029132924499,2.6684011405108725,2.9207750431448556
LA1044,K,sun,low,amphi,3.0829719112781238,-0.9409946849644045,1.5964897179797901,0.2047777537675,0.010646756380558883,4.795786074325,0.00669914014545901,0.19432522244038092,0.10715269725908955,0.06099235885923287,2.5576814843285742,2.8359590987574217,2.9822496284614872
LA1044,K,sun,high,amphi,3.0829719112781238,-0.010631729626470413,1.5964897179797901,0.390617717895,0.011271075609277583,5.1366966690750004,0.005536994116837999,0.3616271903952395,0.1941900527084694,0.09322124090472911,2.0402775235122634,2.570171931474615,2.8817179831068107
LA1044,K,sun,low,pseudohypo,2.960317972330433,-0.8623208598506117,1.0325886783071345,0.4156356924725,0.016206811390466206,5.17717859645,0.007886731759669512,0.20657046711257993,0.11610376566426334,0.0629205982485023,2.500685900318623,2.7955840155571234,2.9722273347976005
LA1044,K,sun,high,pseudohypo,2.960317972330433,-0.3677741018586708,1.0325886783071345,0.483839278005,0.011825373334517667,5.366508116025,0.005522041911088477,0.2909305280978711,0.17099360088031473,0.09098375214232221,2.2374011461316545,2.634718755665187,2.8892357662195893
LA1044,L,sun,low,amphi,3.1752634715932664,-0.8536441727855292,1.535216250021749,0.2379300581875,0.019615042122018214,4.737229819125,0.013092268120897312,0.14763470939235893,0.0903199750651857,0.055349953017119036,2.719308195342103,2.897783204140092,3.004043054889225
LA1044,L,sun,high,amphi,3.1752634715932664,-0.17898690230393877,1.535216250021749,0.3504700228975,0.009819828586595268,5.02756649805,0.00523474157880075,0.24426126298268994,0.1302521443890599,0.06748207307286479,2.4155088204383124,2.7757010467239294,2.9697384579102826
LA1044,L,sun,low,pseudohypo,3.100495312527535,-0.6921927919157874,1.104943422165476,0.1905438887175,0.008132491158271757,5.04253354605,0.005039847802859068,0.1421085604840944,0.09321746354526572,0.06374391684375164,2.6956588828909327,2.883096421332503,2.9714316558877436
LA1044,L,sun,high,pseudohypo,3.100495312527535,-0.38506923240621016,1.104943422165476,0.33997818892,0.0141716887521226,5.16115367185,0.007839684132660103,0.19025986397905637,0.125369556873826,0.07981136374722259,2.5907683894999254,2.806793268424379,2.9365177408687693
LA1044,M,shade,low,amphi,2.8378448207954476,-1.4880738757350778,0.9263760476439296,0.171004241535,0.005875568793870196,5.1239253922,0.0036220360523551262,0.1045788114875039,0.052857137031816485,0.030970237403654947,2.847437511378775,3.0087688294959967,3.0759737648617635
LA1044,M,shade,high,amphi,2.8378448207954476,-1.3358180114535052,0.9263760476439296,0.08515227497175,0.007699960741048668,5.022126217775,0.005427822161564061,0.11958869587182445,0.06230491291798951,0.03469499240988653,2.8120017043650782,2.9837461320439433,3.0712542428601157
LA1044,M,shade,low,pseudohypo,2.791036685531519,-1.589372155601195,0.4245058631324646,0.043331153455375,0.011175084510557437,5.132263460675,0.008492723329729387,0.09838888106798634,0.04375940550726788,0.019042008789463962,2.8605285528010915,3.0372939545337427,3.1188333126099574
LA1044,M,shade,high,pseudohypo,2.791036685531519,-1.2542034775279605,0.4245058631324646,0.1868090009325,0.0049599883640665835,5.183591329775,0.0030548941964606254,0.13433686155809554,0.05502901435874717,0.023649364952096238,2.808743353835972,3.00810767149158,3.1069303552016656
LA1044,N,shade,low,amphi,2.7724819930128746,-0.7565164756093286,0.8979567350530413,0.29569947269,0.013666389393515024,5.1991388821,0.0081074256460933,0.08939277157564775,0.04818079591777295,0.021993978408177718,2.944457193721497,3.0225097681088364,3.1083670581533163
LA1044,N,shade,high,amphi,2.7724819930128746,-0.6989912899722363,0.8979567350530413,0.5354887466975,0.03707438737897119,5.085123895525,0.017894334276012547,0.09723776416114811,0.062091984050690954,0.028116967462764944,2.8660663200138976,2.98446378835276,3.092432002509338
LA1044,N,shade,low,pseudohypo,2.7670796999182157,-1.1053171539370867,0.8663062158834457,-0.07612181315475,0.011306256428352182,5.053838708425,0.010506107914028956,0.07039037672770507,0.03957091265653181,0.024165896416195355,3.000119999715183,3.0482001104596215,3.101602740922966
LA1044,N,shade,high,pseudohypo,2.7670796999182157,-0.6444458473227374,0.8663062158834457,0.497205877235,0.013187922445061267,5.20726838995,0.006023382299803531,0.10125393946309895,0.05521925659788869,0.03013049815445909,2.872505993497616,3.009326570444748,3.0841289085831107
LA1044,O,shade,low,amphi,2.8563357048879756,-1.8414277455609984,0.8341155674437549,0.6020497325175,0.0580111987139062,5.2978255443,0.03557862612640664,0.11032298066252173,0.08106275327022935,0.039222462284869426,2.8456382247285403,2.9111193162149154,3.048515643694358
LA1044,O,shade,high,amphi,2.8563357048879756,-1.0877024056303162,0.8341155674437549,-0.070674164144455,0.03621152654573168,5.768336724475,0.04917126873878994,0.1911375072521326,0.11465683090708897,0.06719589192294304,2.5656565206646085,2.8084057553264268,2.9625125682371287
LA1044,O,shade,low,pseudohypo,2.8111949116000767,-1.9146286940332566,0.3653273469645013,0.5697426804425,0.09674691145013649,5.27437279845,0.05532492296227062,0.06350162129614707,0.043715046236554804,0.020764943144184582,2.9856942665089683,3.0356624791950826,3.108378960055661
LA1044,O,shade,high,pseudohypo,2.8111949116000767,-1.4941439157939336,0.3653273469645013,-0.05408652149788275,0.058662887240319976,6.04477515925,0.060006546430096785,0.08668470303172013,0.05397656807897085,0.033722691190927176,2.884088696301709,2.99887002609806,3.0651396169115217
LA1044,P,sun,low,amphi,3.1341895145410765,-1.233708789544427,1.6137451653429289,0.33298094871,0.025726948162834475,5.070035170125,0.014488249645611023,0.13737855423659953,0.07287093511363643,0.04031071218836263,2.7304266513105784,2.9429244296906374,3.042717083691432
LA1044,P,sun,high,amphi,3.1341895145410765,-0.14606514814403093,1.6137451653429289,0.2129650361425,0.010506461801556718,5.299410403125,0.006777579435874968,0.29520394762757146,0.14411549056973638,0.06287604088253226,2.198419988591709,2.714769921928619,2.9760128373003636
LA1044,P,sun,low,pseudohypo,3.0431862185731413,-1.4595268162845836,1.1044678029742476,0.116423063356,0.00846844875793483,4.70085108825,0.00584174442555691,0.10859238388935422,0.07535540545790627,0.05787908303185474,2.8010447338714695,2.9172785708118063,2.9723026520106877
LA1044,P,sun,high,pseudohypo,3.0431862185731413,-0.21817782009553263,1.1044678029742476,0.3108662609475,0.019084962437574474,5.048331506625,0.010157252518482754,0.2431039719819699,0.14253169774358115,0.07529310452046761,2.2762338540232294,2.68004233264263,2.921592103676298
LA1044,Q,sun,low,amphi,3.1011190869989167,-0.9754878909078722,1.647483407472879,0.1652984535625,0.010548239279945856,4.90360417515,0.007490237845874737,0.1768935216132931,0.10755719984736153,0.06372343496296244,2.6017581107346315,2.82628941842252,2.9708004527425773
LA1044,Q,sun,high,amphi,3.1011190869989167,0.06548363324171348,1.647483407472879,0.4670576906875,0.009016127387645467,5.20700706775,0.0044019051954304195,0.3501350328109165,0.18622007319574813,0.09219821077875072,2.0375497118688664,2.5867156305750223,2.8824496202779906
LA1044,Q,sun,low,pseudohypo,3.0139390496914418,-0.8310239357971861,1.1471557658852236,0.2004170499125,0.01642297139878658,4.904400254925,0.010204861174484357,0.18071272766565843,0.10178679806535469,0.0594468740263546,2.5366641354474706,2.8272241370657154,2.973120960540977
LA1044,Q,sun,high,pseudohypo,3.0139390496914418,-0.06003829852149048,1.1471557658852236,0.2779047212725,0.00599292747427624,5.23815829635,0.0035790543063766982,0.2783065879957814,0.16549615041951515,0.0876068506222654,2.1464456808775108,2.5919222651612266,2.878761570479129
LA1044,R,sun,low,amphi,3.1271112322974424,-0.11638591852272868,1.5173387749725173,0.2606184409975,0.013154831563104957,5.22864413625,0.0087216666231611,0.2826555582060674,0.1569697569962824,0.08470175128411468,2.146508767687937,2.6448605281541404,2.9003504584826585
LA1044,R,sun,high,amphi,3.1271112322974424,0.17177485019968047,1.5173387749725173,0.470179408845,0.010089527324475517,5.29465284775,0.004949895690370792,0.34675545500404964,0.20263855296045263,0.11174145295716915,1.970902276506976,2.5121496474565697,2.8366363202495566
LA1044,R,sun,low,pseudohypo,3.0305640619953214,-0.5108166858003151,0.9747529801150653,0.1780621417325,0.013773293394474738,5.090562169,0.009680214829049676,0.2352655478834019,0.13229070304454071,0.07415033780412558,2.364168699925035,2.7284524786122395,2.925798677756192
LA1044,R,sun,high,pseudohypo,3.0305640619953214,-0.5206158744882673,0.9747529801150653,0.4636572800775,0.023018928542233134,5.131201394925,0.013023405865842398,0.24965582337529388,0.16552252544412968,0.10674936812609978,2.369448419748312,2.6485540691011917,2.8365406778010307
LA1044,S,shade,low,amphi,2.899830210288751,-1.0282467590328421,0.8502110986564158,0.263333588179325,0.08880084805648283,6.078709624175,0.04837296402310466,0.17195550468067378,0.10558014544289153,0.04894890481269384,2.609051177694263,2.8346483562077847,3.0195071534610336
LA1044,S,shade,high,amphi,2.899830210288751,-0.8244973959211688,0.8502110986564158,-0.02362945307121695,0.03678927190076178,6.12632617945,0.05177078061123783,0.1990311861635771,0.12748022480648516,0.08011125778110402,2.536314754172654,2.7717239475742135,2.9241382758323193
LA1044,S,shade,low,pseudohypo,2.881639523924172,-1.0436559918515866,0.5566084324318703,-0.10699006704503,0.03779184983144611,5.7840667337,0.04062412842869116,0.1633799342650135,0.08315627897844509,0.04238330403281523,2.636870426448234,2.9099247600190044,3.039402972228224
LA1044,S,shade,high,pseudohypo,2.881639523924172,-0.9765837011787784,0.5566084324318703,0.16404820955225,0.030896161364372027,5.616462410125,0.027302986051950133,0.18529247184716857,0.13360028704859572,0.09493045355029991,2.6395980998309128,2.7518365076278695,2.8793400729844163
LA1044,T,shade,low,amphi,2.844693354399128,-0.8300609380378972,1.047416948773265,-0.1101180375360425,0.06285451158628069,5.0790940734,0.04806007945534534,0.1582413189164864,0.05962884312887371,0.04021171698569757,2.650565375365188,2.992029177341434,3.0498245192802442
LA1044,T,shade,high,amphi,2.844693354399128,-1.0440492673947845,1.047416948773265,-0.15422690187142502,0.0493192056518136,5.4237632538,0.0884896161263935,0.1468863432989418,0.08986508412562234,0.059783250965527675,2.7822793861974775,2.9048431802617514,2.9972974971949866
LA1044,T,shade,low,pseudohypo,2.830871568197154,-1.2326827425760902,0.6209098064896397,0.02646321665838245,0.03773800631382352,5.32252672545,0.04206412094525676,0.12890717429326848,0.07566086098599856,0.03271810940357015,2.74847616732279,2.9376488322747862,3.068999233196658
LA1044,T,shade,high,pseudohypo,2.830871568197154,-0.9278020160257567,0.6209098064896397,0.239011208775,0.014287141522613438,5.12248776525,0.008595049168096893,0.17028357209985362,0.07855466531300646,0.043370696322814595,2.692649644785729,2.9380473572194217,3.0453218320453965
LA1044,U,sun,low,amphi,3.08713320561518,-1.4161521920621116,1.6232410259219534,0.1145115272575,0.005200189926538525,4.479071727075,0.003651390742326501,0.1322518546873293,0.07945612377252267,0.060293220957547904,2.7480218447124596,2.913720087273791,2.980195804033171
LA1044,U,sun,high,amphi,3.08713320561518,-0.0998738973725959,1.6232410259219534,0.3387792660325,0.014740360149594097,5.0524462727,0.00810774135496129,0.32375548299409007,0.17977993776716722,0.08909645344057716,2.0777966173549913,2.583537152710856,2.8773108410916546
LA1044,U,sun,low,pseudohypo,2.97764808922676,-1.8183703177060007,1.1210950736713567,0.05584193928325,0.009801375125930576,4.678323212175,0.007524969979626685,0.0926274880159149,0.06491882858148348,0.052555529204680894,2.8699967161173876,2.954156221492031,2.998971311056734
LA1044,U,sun,high,pseudohypo,2.97764808922676,-0.4880160061704256,1.1210950736713567,0.16391443998,0.009625573188153583,4.8883692231,0.0061570046631634805,0.22129199385339032,0.12568939479803923,0.07238880121943325,2.3749682374783774,2.7380123654453428,2.932826085355241
LA1044,V,sun,low,amphi,3.182765137299077,-1.2597542795080168,1.5051352045785167,0.1624784751375,0.007591824283549363,4.673312071375,0.005120357392113246,0.15648164432040054,0.1045935461594311,0.07180968136758803,2.6647164187281938,2.833790033591985,2.9436960638886642
LA1044,V,sun,high,amphi,3.182765137299077,0.016415719703470753,1.5051352045785167,0.396672624005,0.013528936479237615,5.19091797735,0.0072095548968060036,0.3564520117396314,0.19921551207778032,0.09560810305056953,1.986036179629757,2.530000446606801,2.8676238802546092
LA1044,V,sun,low,pseudohypo,3.040586804229825,-1.300481662629364,0.950017088984395,0.2620327311,0.024538721994858105,5.09280325385,0.018078015095320654,0.14550163730121957,0.12025330924526889,0.10087566922439753,2.6912268928773737,2.7752401772968662,2.839524730099891
LA1044,V,sun,high,pseudohypo,3.040586804229825,-0.19868739538466548,0.950017088984395,0.5257684034375,0.010045341449786985,5.51477851295,0.004783787389162333,0.28447192629132645,0.17799166615452666,0.10322403643333042,2.2069650067382813,2.5874601181976624,2.8369301927472415
LA1269,E,shade,low,amphi,2.9758296964417874,-3.356552937312584,1.0062532924829888,-0.07182811099275,0.017245818005062495,4.4805002166,0.01818426985188064,0.05368542951674422,0.04847105121512085,0.04732367262681215,2.99720003789064,3.012463710045023,3.0215027987056997
LA1269,E,shade,high,amphi,2.9758296964417874,-1.1119696164909536,1.0062532924829888,0.204738525,0.007637914623836351,4.76438490065,0.004589789600967007,0.23404766454586284,0.11991603524302016,0.07111914677699284,2.3839062194598397,2.778200325213102,2.94099440261033
LA1269,E,shade,low,pseudohypo,2.8827790868891885,-2.8661942086197993,0.5204766005996554,-0.06971325476325,0.009205119373529807,4.34962004745,0.0076805418756494374,0.058668662979633426,0.03523596666196149,0.02713270178205832,2.9769515774469175,3.059987218110711,3.0889040735317828
LA1269,E,shade,high,pseudohypo,2.8827790868891885,-1.3758848523254275,0.5204766005996554,0.244303674945,0.010004577866555094,4.67435873065,0.005721549248228194,0.1935106205507248,0.08387783057414591,0.04396427394451305,2.5670910720281124,2.9250336948747853,3.0433949254954302
LA1269,G,shade,high,amphi,2.9293352551881613,-1.4575620749449862,0.7757264300317787,0.1435127718825,0.007456084545081971,4.53856801675,0.004849400503852118,0.18210811305667948,0.0754225253018809,0.04015232401739155,2.57706453039597,2.9379037866915616,3.0463776573258903
LA1269,G,shade,high,pseudohypo,2.8260476951191085,-1.6567394566772082,0.23212703052439318,-0.01648586022229175,0.011397870866761306,5.7016162744,0.01599752845500162,0.15125954093472826,0.0895750034774428,0.051041585932122345,2.6626329761123575,2.875888274879835,3.0086703549026166
LA1269,I,shade,low,amphi,2.972716249000923,-1.2174685746006808,0.9712992391864659,0.2788901595275,0.014500699406905857,4.999644799525,0.007701858314640823,0.22299043937500204,0.07715146554553458,0.031098663679534712,2.4305338407603854,2.92450906117874,3.0749988887870088
LA1269,I,shade,high,amphi,2.972716249000923,-1.0069923529972258,0.9712992391864659,0.289187972385,0.01754754438917318,5.244831622275,0.009985690499733125,0.24818597755399593,0.12490366030885047,0.06034094076493295,2.317903160971056,2.749129054568986,2.971225671978964
LA1269,I,shade,low,pseudohypo,2.939833841853747,-1.6726985458034302,0.4939662772181713,0.1457681878725,0.00537414603770929,4.458128462,0.006129492756537785,0.16074693975683851,0.034937478271991194,0.03028828745058488,2.647258417795047,3.0612774499071653,3.078959617432816
LA1269,I,shade,high,pseudohypo,2.939833841853747,-1.2985468675127794,0.4939662772181713,0.330353108905,0.026069261510919754,5.2706989163,0.013883960347586478,0.20489145045817328,0.10267451278485594,0.05203873164487039,2.4730013075462582,2.8263559062058023,3.0018267421419758
LA1269,J,shade,low,amphi,2.9024842624886285,-0.8817506991979419,0.7692151215693687,0.3635772073825,0.015215669911952664,4.97574281875,0.007910892618692244,0.27991041561152946,0.11287140509728552,0.045812256590805164,2.242239044944178,2.805936426375625,3.0279326923084375
LA1269,J,shade,high,amphi,2.9024842624886285,-0.6741773101989456,0.7692151215693687,0.3006822034575,0.015310139353469452,4.974844567375,0.008379973306908511,0.30346452618689623,0.17042307284077263,0.09142566032422214,2.122190806102522,2.5879627768941385,2.8613335072350057
LA1269,J,shade,low,pseudohypo,2.7997820086449297,-1.7190283331776162,0.1568051870610202,0.17995368522475,0.01758680922294665,4.413201862475,0.012969129698023699,0.15011751115300279,0.060833962787814416,0.04356221054744254,2.680812285086647,2.9727407946466844,3.0349449750603057
LA1269,J,shade,high,pseudohypo,2.7997820086449297,-1.0981779054300085,0.1568051870610202,0.241874536065,0.014930295397976877,4.8334858061,0.008948241291644477,0.2290925687993426,0.13306372897295543,0.07847144370012497,2.4024965920846615,2.736746007179248,2.919529556953247
LA1269,K,shade,low,amphi,2.9321443899734962,-1.6149790450168555,0.4536398960248984,0.10891433780525,0.004186012580248682,4.3832947371,0.00340861268162824,0.16589979693172235,0.04465192534275919,0.0357997416533404,2.6287290622790356,3.03226509947564,3.059744111069892
LA1269,K,shade,high,amphi,2.9321443899734962,-0.9991863820223826,0.4536398960248984,0.2491192623425,0.014490644692142781,4.617256158275,0.008320077699809312,0.24761428876164876,0.11681156498820253,0.06574269933376488,2.3209168971682,2.7753639641833265,2.951660877354803
LA1269,K,shade,low,pseudohypo,2.8246542115581814,-3.003311373015314,-0.04988135826522216,-0.07706341244675,0.012150203953164346,4.207000374425,0.010614826908864066,0.06379369402776282,0.0465953903029615,0.04210900526676695,2.9703856664633346,3.020330566026942,3.0390928608139083
LA1269,K,shade,high,pseudohypo,2.8246542115581814,-1.2723120301574176,-0.04988135826522216,0.269078811485,0.011940429909364175,4.695524639375,0.006783963754130884,0.2061624960652786,0.11837534250599502,0.07430980975207087,2.4738451372374897,2.7725375836396053,2.926065038704771
LA1269,L,sun,low,amphi,3.041608225571923,-0.3906573084938968,1.6664441614873804,0.4423257981225,0.003487984258535948,5.51437397435,0.0016020048917732405,0.3604318735250461,0.18553592730931734,0.08132044459638027,1.9461913532968604,2.5601421459745173,2.9092320706096406
LA1269,L,sun,high,amphi,3.041608225571923,0.0014858545826503108,1.6664441614873804,0.21446240284,0.00745155918110147,5.323560047625,0.004690965161924771,0.42059094768279803,0.25518532591529663,0.13324176577303753,1.6914993515769914,2.2902427429865293,2.7184054369990496
LA1269,L,sun,low,pseudohypo,2.8942552794677048,-1.394199545468606,0.9132174319898994,0.274569052965,0.01523782113477882,4.529024105225,0.01196836102116654,0.18067374921246018,0.04943941585673868,0.037921154196733343,2.5626137948228216,3.0223243177898143,3.052440001588468
LA1269,L,sun,high,pseudohypo,2.8942552794677048,-0.6466216637527358,0.9132174319898994,0.292569715535,0.005869866535831766,4.83976309745,0.003221009758407203,0.2810087908643718,0.11800142193793937,0.05227464616527736,2.170676459392646,2.7761645957711014,3.0066334212513346
LA1269,M,sun,high,amphi,3.041698165641861,-0.2532445325352555,1.5356945005985074,0.093722202895,0.004916373996491912,5.168499067525,0.0035919063492445597,0.37593309233821576,0.2514435010196928,0.15220795204296997,1.862577579232355,2.299694844219905,2.6469080212963516
LA1269,M,sun,high,pseudohypo,2.9790821445733835,-0.4756100301586585,0.8525019918049201,0.2705762815525,0.00794514333360811,4.96414076275,0.006564851368157453,0.3188455500755913,0.11216689730327399,0.07549303053864781,2.055961829069077,2.795926309563235,2.9231655710726354
LA1269,N,sun,low,amphi,3.1253302687061373,-0.7072112057177812,1.439153275407119,0.6328211785175,0.006165315745678212,5.16804563375,0.002579636084713945,0.3018263212754526,0.14301860505708242,0.06030551728447629,2.14676305247722,2.6989206003157182,2.9763444685173392
LA1269,N,sun,high,amphi,3.1253302687061373,-0.26009043354437406,1.439153275407119,0.2375415497975,0.010337411020089558,4.90170418845,0.006167193465223546,0.3730442767604443,0.20403199318573606,0.103094885039333,1.8647823830140313,2.474304605354888,2.8268443313987595
LA1269,N,sun,low,pseudohypo,2.9540705061958366,-1.794998302981022,0.5959785524426467,0.278868821225,0.022083825162969282,4.6375116806,0.012013897759554876,0.13943208689777614,0.07446351759168152,0.04888525239545822,2.7052295625793215,2.932739713262395,3.0154794056826546
LA1269,N,sun,high,pseudohypo,2.9540705061958366,-0.9112484247392809,0.5959785524426467,0.2821072741275,0.009640718054302357,4.62316080915,0.005460116106728501,0.2458458522863868,0.12108145187999808,0.06886106669545607,2.310932731549236,2.7620759938319384,2.9460080000436815
LA1269,O,shade,low,amphi,3.0034654214574976,-3.367472337084884,1.0253052738073074,-0.019312429268381,0.0063848626895517515,4.38142255785,0.005536634505523672,0.04572048284016977,0.03779852359515906,0.03459045341424345,3.0256285243774235,3.052522900969061,3.0635842454034066
LA1269,O,shade,high,amphi,3.0034654214574976,-1.1338666775543274,1.0253052738073074,0.278114227035,0.022023260733344218,5.32645228495,0.012226501445344921,0.2325201265831344,0.11728233587507522,0.05390895223417587,2.3927236851526814,2.7791303324882173,2.9958847185488304
LA1269,O,shade,low,pseudohypo,2.966148103775017,-3.4319377659032764,0.6532383728150601,-0.09637580013275,0.010613635092051344,4.5809457351,0.010841046977864355,0.053141251315193545,0.04575399910248357,0.04350478525871415,3.0007264705851626,3.0251162803606597,3.0356196936914674
LA1269,O,shade,high,pseudohypo,2.966148103775017,-1.8459524028224323,0.6532383728150601,0.227511619955,0.02292850998737367,5.384336853225,0.015500007639973909,0.1454452451565716,0.09291833959457091,0.06327355921623046,2.7072652785891718,2.8751433165509344,2.9724795750992987
LA1269,P,shade,low,amphi,2.9161377321045387,-1.4760692831662607,0.6502955120025677,0.2136652394625,0.007507609270390365,4.7723369423,0.00448628423236582,0.18658718625978488,0.08585473587286521,0.04377549488777892,2.57086589930457,2.8983572956917167,3.0367102695199435
LA1269,P,shade,high,amphi,2.9161377321045387,-1.0616452747361662,0.6502955120025677,0.3651242405625,0.007600515652607096,5.33897966125,0.004315675627869259,0.24528886691281956,0.13005353786032098,0.06547605644347607,2.356403067005944,2.746144894314338,2.962195275215656
LA1269,P,shade,low,pseudohypo,2.91122117389073,-1.4150293872916915,0.6063114855978496,0.2896580504425,0.0125518468822821,4.783645500825,0.0067140507018940325,0.18862866037034,0.0796043061340502,0.04001922698956336,2.557539361555464,2.922862283250078,3.049863383435908
LA1269,P,shade,high,pseudohypo,2.91122117389073,-1.0303005252128261,0.6063114855978496,0.41185592453500003,0.013909363212026743,5.287945639625,0.007106745014460736,0.24379436577812583,0.1273482405338927,0.06161788068780689,2.3677248421803654,2.7558251360764663,2.974644526375637
LA1269,Q,shade,low,amphi,3.0388935595626423,-1.626373253660136,0.8955062884777977,0.11355028100075,0.005821446062907002,4.541992430475,0.004513835509818811,0.16328360260124278,0.04816968811301817,0.031896815759483915,2.6386755197643303,3.0170912106806735,3.073131159948246
LA1269,Q,shade,high,amphi,3.0388935595626423,-1.1440773769124417,0.8955062884777977,0.284337536855,0.013145644480890686,4.984727189675,0.007526607329692754,0.22985540279903213,0.10282661572364281,0.0466742622940932,2.4022816754388776,2.8321269573954226,3.025079445472783
LA1269,Q,shade,low,pseudohypo,2.990350519821964,-1.9307376166952848,0.5306259205249623,0.134207701785,0.008707344855136766,4.588244490575,0.007349461770672619,0.12884829221493954,0.03908869270778918,0.026417260020230746,2.7498735312746247,3.045635792678436,3.0916371729121113
LA1269,Q,shade,high,pseudohypo,2.990350519821964,-1.2117310571536377,0.5306259205249623,0.23418266649,0.011371230171270395,5.197540732675,0.006449240879507082,0.2152884983549136,0.09759926599260038,0.04278488013255006,2.458382714358828,2.8605994855226697,3.041193856954508
LA1269,R,sun,low,amphi,3.077426588718173,-0.21672360305478738,1.972097603460351,0.42161597755,0.01050125273945521,5.234554082475,0.0073508055131470676,0.41139937714189884,0.08941083758912688,0.0612861531408011,1.8237817514147567,2.8888294532366614,2.977863972311692
LA1269,R,sun,high,amphi,3.077426588718173,-0.169777629362387,1.972097603460351,0.268027407955,0.006481612922330703,5.4969061028,0.004011844651073648,0.40474490553533793,0.24799904250777774,0.13437028093933462,1.7956797355414442,2.3470854211084524,2.7299728612877683
LA1269,R,sun,low,pseudohypo,2.9736363594540056,-0.9556332650532224,1.4422229788852834,0.146124051265,0.004607011009865617,4.902165166875,0.0037542287154277284,0.264649664458701,0.08729797498432085,0.06975168878796657,2.3071849169037555,2.8942730949261772,2.9510256867646
LA1269,R,sun,high,pseudohypo,2.9736363594540056,-0.3883526409988839,1.4422229788852834,0.4172172169625,0.01536084094057689,5.28758448415,0.007412947442019151,0.355447922302793,0.2081652455012907,0.11458846444298444,1.9788786982500073,2.479191285182109,2.794245507979017
LA1269,T,sun,low,amphi,3.0591541293201816,-1.596898385592047,1.8932005222459252,0.3346176694445,0.06451928957211221,5.56611884545,0.034234380903271126,0.15956919746432477,0.13816891503790796,0.1183090839955778,2.6476048840617565,2.7044080569250415,2.778492864737063
LA1269,T,sun,high,amphi,3.0591541293201816,-0.7564303109258703,1.8932005222459252,0.1917958047975,0.01962800509207242,4.645432920225,0.01259953679753016,0.2821107374932456,0.2094032863348759,0.152375369417914,2.2043201628853835,2.4619588665213863,2.668020421585957
LA1269,T,sun,low,pseudohypo,2.9847912372976193,-1.6086362813969644,1.3028969057906017,0.214427289915,0.015252249174340628,4.535879181,0.009806569112693515,0.16140750137772517,0.05749184152620145,0.04660848635370937,2.639720605642575,2.986001643942089,3.023902640336716
LA1269,T,sun,high,pseudohypo,2.9847912372976193,-0.8290002725899144,1.3028969057906017,0.35788286985,0.01286377213504554,4.860703994425,0.0064426374911205385,0.2651420403908696,0.12165153948816812,0.05845399819224831,2.2617114464829102,2.77241451073246,2.983589333181755
LA1269,U,shade,low,amphi,2.9041494173001845,-1.2853457337704703,1.0677482171820896,0.1462803335775,0.003754879399669845,4.411983486625,0.0039325345013374825,0.19980712522738692,0.040268928954206036,0.03170941064456704,2.51115520240729,3.041340917062337,3.073543351022086
LA1269,U,shade,high,amphi,2.9041494173001845,-1.0868396788065948,1.0677482171820896,0.28133388878,0.015177865403367645,4.589731857325,0.008741427329841914,0.23751523145371176,0.10229220871874309,0.05727566459795857,2.39308132805487,2.864396255828961,2.9966860077918827
LA1269,U,shade,low,pseudohypo,2.874915990222087,-2.57271005268657,0.8880977798287825,-0.0015759537207983801,0.005375107180845332,4.272085777925,0.004327631616298544,0.0758567138943995,0.04649879904348313,0.03719553232896513,2.9283905801733265,3.0202577450437924,3.0572028682436527
LA1269,U,shade,high,pseudohypo,2.874915990222087,-1.2820164318713247,0.8880977798287825,0.36029603929,0.02695228147550314,4.6234799339,0.014078832883880803,0.2065805190204,0.11708483780116795,0.06975422193738266,2.5161061370871716,2.8017845749035657,2.95301857644663
LA1269,V,sun,high,amphi,3.1139886113365915,-0.3156032670783054,1.7388245472520494,0.2747947462625,0.015319384116719924,4.999546857625,0.008279050466650397,0.36544568243744363,0.182306689538902,0.08457541629686394,1.8902205522212796,2.553602297113037,2.891866453545227
LA1269,V,sun,high,pseudohypo,2.9876709361939335,-1.0332064059678128,1.1927897412940256,0.1980211435575,0.013535882267657211,4.5464818239,0.008436871536343541,0.229347284266164,0.10974870450014942,0.061542755890012145,2.393754114198498,2.828053105961604,2.9731635984745872
LA1269,W,sun,high,amphi,3.117602503679642,-0.19974060824585577,1.6398692725745443,0.254911889315,0.026399745653215307,4.75898273615,0.015014809041948875,0.4033541493137012,0.21350673016372826,0.11178824264339964,1.827161634507945,2.467448489484488,2.808127438825087
LA1269,W,sun,high,pseudohypo,2.975824109801818,-0.6895613359556565,1.0882608575038548,0.2969555839,0.020621452531417256,4.93015846665,0.011116509089012142,0.2958782108538055,0.1424296209617784,0.06648593990727464,2.2083081914403735,2.7179836049878254,2.966128494798775
LA1269,X,shade,low,amphi,2.9096956206752558,-1.3872237894324828,0.6400146242661189,-0.08375286787125,0.01858512051297022,5.505422506325,0.021343322623976677,0.19188466573101717,0.10759646425921743,0.05947360868139149,2.5397181665001094,2.82539574866104,2.985058237533109
LA1269,X,shade,high,amphi,2.9096956206752558,-1.2156379032665623,0.6400146242661189,0.09261107308575,0.01697551891451875,5.14826073015,0.013366096104241448,0.22610716192856523,0.14603112365052384,0.0911270904322517,2.49371240868358,2.7104843174300974,2.891719556479476
LA1269,X,shade,low,pseudohypo,2.900633072618474,-1.577309171256353,0.5550673786844643,0.009885490240402828,0.04031501477536386,5.7980026319,0.0442993681894592,0.1643873569554353,0.08426673072381968,0.042656729327388995,2.6381566170162927,2.902923539937539,3.0421091585365607
LA1269,X,shade,high,pseudohypo,2.900633072618474,-1.3788598354087451,0.5550673786844643,-0.0636967856710675,0.03146335024863559,5.334315060675,0.03947196750783534,0.19708499923906825,0.13933164418688201,0.09541142747197372,2.588468413578135,2.733971751878243,2.8737472863498934
LA1269,Y,sun,low,amphi,3.1356587350114653,-1.2916130481825172,1.618844153863896,0.27118755626,0.010077938639688084,5.0646176746,0.006396696389821134,0.20967836495278144,0.15796961322888817,0.12224428273024024,2.4864824635367526,2.660529819053023,2.7770364198664055
LA1269,Y,sun,high,amphi,3.1356587350114653,-0.07654705190459538,1.618844153863896,0.37203451035,0.00986764167456031,5.0523306601,0.005148955022389377,0.4221932005058377,0.27640133533871025,0.15820664880656476,1.7446340283388149,2.2614007052185463,2.657669020183253
LA1269,Y,sun,low,pseudohypo,3.0343175177047748,-1.5999178110963017,1.1201569528875457,0.2224027512225,0.01663633983102196,5.170145166,0.010178500071774921,0.15810043392262735,0.12901952863175334,0.10735128020819219,2.6509233169547457,2.739408537592456,2.814493409837813
LA1269,Y,sun,high,pseudohypo,3.0343175177047748,-0.7337543082059615,1.1201569528875457,0.489995070145,0.01831913498357423,5.2243824705,0.00826073505270278,0.293129066473665,0.19665140634464434,0.12734752197698118,2.2329023574164757,2.5380654130984293,2.7833081203594503
LA1269,Z,sun,low,amphi,3.1575686945371872,-1.3297261800695364,1.8329901272407512,0.2206602619525,0.01327086629320249,5.0474248157,0.008809244474302005,0.20508975379501593,0.1459558807444338,0.10175073281985529,2.5006165367187796,2.701112981843937,2.8479829662260103
LA1269,Z,sun,high,amphi,3.1575686945371872,0.06785322303080797,1.8329901272407512,0.387644672335,0.009142305678951964,5.277110035975,0.004579961937552067,0.4505559742030796,0.2773609378838108,0.14562867687281497,1.6454713168535098,2.259524599163051,2.6989124801954034
LA1269,Z,sun,low,pseudohypo,3.0361265324337574,-1.8370074956445621,1.276501633011583,0.17648814829,0.006579516328036267,4.9551221832,0.004660693150449125,0.13378141734180593,0.1088523090006478,0.09529127345331748,2.741416556522679,2.818115815201637,2.8656076322543393
LA1269,Z,sun,high,pseudohypo,3.0361265324337574,-0.7187701706620238,1.276501633011583,0.45571982432,0.01621781281126148,5.07541324125,0.007570940795795907,0.2935907283825363,0.18266532846198505,0.10857779699549079,2.23114648427068,2.5897509386996767,2.8384306007634708
LA1316,E,shade,low,amphi,3.0115600840116703,-1.3694441611017132,1.0189279037529455,0.07554146373825,0.010159592571065973,5.007226857075,0.008039365408006456,0.18785354079294486,0.13195544162382122,0.09160448452678034,2.538303552983461,2.7287045607652685,2.8699074430423677
LA1316,E,shade,low,pseudohypo,2.9028903787612608,-1.7342441943418994,0.569695976629798,0.22934198627775,0.03378586161770017,4.9709268834,0.01983171559873457,0.14995572274407865,0.07623066136506626,0.04190085381996873,2.6845533055305313,2.927984648778157,3.0373128481498837
LA1316,G,shade,low,amphi,3.0400133050173057,-2.359720929465937,0.9494435897718757,0.0941805660675,0.003121111167897336,4.65383438795,0.002305373110588508,0.09849141877748953,0.0658865405773046,0.05050794394000329,2.856504195479479,2.9602558333628544,3.0093569350802998
LA1316,G,shade,high,amphi,3.0400133050173057,-1.1161450362189802,0.9494435897718757,0.2775188732375,0.03067290756876459,5.63794679165,0.019995256531457534,0.2315010247516824,0.1889504641507012,0.1542339716175253,2.3845755589798943,2.536652550426875,2.659519481393923
LA1316,G,shade,low,pseudohypo,2.960377500465425,-1.9274133815687868,0.6474677695054681,0.6378808398975,0.028008128462892464,5.408654164875,0.011425583219416625,0.15258274859007326,0.0959010830245276,0.06424733563582234,2.6712910397944185,2.8596456509020953,2.964142774460438
LA1316,G,shade,high,pseudohypo,2.960377500465425,-1.1813014063701623,0.6474677695054681,0.79743680395,0.009740512691935207,5.84634704315,0.003736301849057425,0.22140122153572145,0.17846418818620932,0.144849090793491,2.4110562694164877,2.560453183707735,2.6790970062671366
LA1316,I,shade,low,amphi,3.032906281679571,-2.027403218836806,1.0802794360345456,0.07387659271575,0.009574843811675912,4.7849484111,0.006865011411303041,0.18000986236642263,0.17285426489909927,0.17456176944331414,2.5783257866085765,2.6003429393391233,2.597500760320823
LA1316,I,shade,high,amphi,3.032906281679571,-0.8286136055032151,1.0802794360345456,0.24016288341675,0.03749998453614654,5.68439374815,0.031995544604668066,0.3125788952337735,0.28225416209588367,0.25710206447512396,2.0954394419538573,2.2015746175590025,2.2897273051736353
LA1316,I,shade,low,pseudohypo,3.0121746325938363,-1.8822253790216412,0.7539660373469365,-0.028342678085617,0.014360862414464335,5.132414802175,0.01377051317082952,0.1229826519263803,0.09009477380478181,0.07782731334457178,2.7643595442399582,2.873637285283906,2.9164959191220965
LA1316,I,shade,high,pseudohypo,3.0121746325938363,-0.9731495554524625,0.7539660373469365,0.1827031947875,0.00978688888296005,5.476963414675,0.00934715196013303,0.2363030597796271,0.20336021242634522,0.17456283626222344,2.375193636780819,2.491788488445056,2.589919644726464
LA1316,J,shade,low,amphi,3.067806554149209,-1.9335621429917516,1.0425788956410333,0.0698981410441,0.019513116471266054,4.845812388175,0.016990491930078552,0.12480163913601353,0.10711621636098292,0.09537852579220636,2.7714935504843394,2.8278208238660345,2.866485244273435
LA1316,J,shade,high,amphi,3.067806554149209,-0.7592844627651493,1.0425788956410333,0.26515505698,0.01900794846035782,5.638766399575,0.013929888926265059,0.28674082007951174,0.2289106399925865,0.17923466183990183,2.219592760557455,2.414005454270425,2.581099352971474
LA1316,J,shade,low,pseudohypo,3.054700692873108,-1.4563566590373564,0.7850196964639716,0.2177287351875,0.009599415979216906,5.086154890025,0.006227751881950978,0.17772116975444693,0.11167328516607447,0.06773020807698944,2.5949525407898797,2.814876147202699,2.958190856066956
LA1316,J,shade,high,pseudohypo,3.054700692873108,-0.8478152398490124,0.7850196964639716,0.6309436287175,0.044090292400926455,6.168713928575,0.022836574998486008,0.2625437330797387,0.19585376964558082,0.1396611528936828,2.2956267535936075,2.522795166370491,2.712551422789022
LA1316,K,sun,low,amphi,3.203898395094943,-2.312652280844554,1.6350274519913208,-0.2462732694475,0.03209397928327264,5.821371969225,0.04737050814179166,0.09242267741422606,0.079185373262609507,0.06839664385094377,2.8615911031896055,2.9152395504487014,2.9507075063964563
LA1316,K,sun,high,amphi,3.203898395094943,-0.4402083393407231,1.6350274519913208,0.14335616372999999,0.011554597139044545,5.384092775825,0.009074001874270887,0.3367796781665321,0.2541373220983064,0.18640015405533325,1.9918774542148603,2.296069543142869,2.5319540655270365
LA1316,K,sun,low,pseudohypo,3.1583998950568115,-2.110235128008052,1.2734578762387223,0.181901541205,0.018867803830177225,5.743367419025,0.012335250685694051,0.10693752814584637,0.0882153986120072,0.07445561031871696,2.8082154814761133,2.8772895576665296,2.9270542328135494
LA1316,K,sun,high,pseudohypo,3.1583998950568115,-0.7923451506372475,1.2734578762387223,0.092362618531,0.00614349081420697,5.3216312145,0.004840453726361713,0.26421662632783066,0.21265428604197933,0.16511759386985767,2.2587638744766556,2.4452186187283784,2.60903075383253
LA1316,L,sun,high,amphi,3.1463952084720885,-0.2614972535106059,1.7229125671167385,0.4027954085275,0.012765065372704583,5.52040941385,0.00733998201081365,0.3764408320045921,0.2856574410274584,0.21163809307501838,1.866003940209534,2.1829999300953142,2.4538366542238905
LA1316,L,sun,high,pseudohypo,3.0948901515898615,-0.8032274579580709,1.3979255671618458,0.49259059409,0.015624647062822138,5.4132296543,0.007642975889189175,0.2758417269973988,0.16718747984159035,0.09597526341956954,2.240581273230849,2.6171099392959785,2.860562942204041
LA1316,M,sun,low,amphi,3.0958416221810943,-1.4507767846661719,1.9662101043042401,0.086840668659,0.005840725039323168,4.871809884175,0.004148173708929865,0.19083861531876609,0.13468700335879918,0.10575194818161643,2.537399737870876,2.7256061559016915,2.823519450529216
LA1316,M,sun,high,amphi,3.0958416221810943,-0.4000525949619104,1.9662101043042401,0.3597123435475,0.012465598566530279,5.40247819665,0.007680989296408818,0.35186713340687586,0.28030635161041584,0.2178096992590218,1.9415276376791437,2.193290930521894,2.420751586390524
LA1316,M,sun,low,pseudohypo,3.0330337046212787,-2.2081106321478092,1.5412651553997971,0.06966323913175,0.008551249512740326,4.510002469625,0.006399792700075206,0.10617361921064666,0.06869896485206195,0.04796085574154559,2.840709981196332,2.9519620954065444,3.0196549548869736
LA1316,M,sun,high,pseudohypo,3.0330337046212787,-0.8217456089398945,1.5412651553997971,0.4057031109675,0.016686447314243354,5.564375330875,0.009699515164879513,0.26635000179494583,0.17285298646333264,0.1022295878702516,2.2548407496928524,2.6025963066704625,2.840244191539103
LA1316,N,shade,low,amphi,3.075246733635409,-1.6935904909298858,1.1583871118490146,-0.06118253558525,0.005391713366949007,4.761543742525,0.00558568884336595,0.14638343983579755,0.10868373035641068,0.08784142745008722,2.6770782192753995,2.808167830475851,2.881953643900364
LA1316,N,shade,high,amphi,3.075246733635409,-0.47188320082147855,1.1583871118490146,0.0219797131394065,0.06392864778631877,6.152173062275,0.041650358075298294,0.3314122765152716,0.26164832515362146,0.1993575991419594,2.0244602161829177,2.280986673662442,2.5071547632447193
LA1316,N,shade,low,pseudohypo,3.081263673388181,-1.8113443060991774,0.7842905346910369,0.03359393488333725,0.014343049904215711,4.8327229795,0.013167779151810213,0.13136360211106202,0.10503666409748792,0.09177716656116663,2.7359029341111074,2.815264619257791,2.8650786744344092
LA1316,N,shade,high,pseudohypo,3.081263673388181,-0.8615628989611044,0.7842905346910369,0.2908665198425,0.008648107277813791,5.36702615595,0.0058554898595543185,0.26380646397169766,0.22888633916596854,0.2010342444571803,2.2992590299139457,2.419459916648451,2.51682661747187
LA1316,O,shade,low,amphi,3.046169390454925,-1.1658017178595639,1.1184400964316275,0.3717339959075,0.019081880181472246,5.0954825969,0.009676081580174209,0.22605453839287434,0.13900568505998262,0.08356520500298312,2.438038090014642,2.727088850194823,2.905273764330799
LA1316,O,shade,high,amphi,3.046169390454925,-0.4733975113049221,1.1184400964316275,0.365587566265,0.039105398293292924,5.960532381,0.0313211928635229,0.3442393662420707,0.2648769413030416,0.1992828566395829,2.030534463962524,2.300722388423095,2.519034193469404
LA1316,O,shade,low,pseudohypo,2.966526528660504,-1.2089292044015891,0.7308752808376789,0.240978921545,0.022091850843069714,5.575839464825,0.01843814901490911,0.217839139979211,0.16507975029573152,0.12710609669412964,2.451535469446024,2.6276119490505674,2.758140411863831
LA1316,O,shade,high,pseudohypo,2.966526528660504,-0.6970466004507955,0.7308752808376789,0.3206373266525,0.033168394801165166,5.770601061175,0.02828173435058456,0.291774687889251,0.26499765354216864,0.2418348450642655,2.1932240070453695,2.288302535759801,2.3700385893340004
LA1316,P,shade,low,amphi,2.975085871374143,-2.258590431053882,1.1083025875679249,0.033591302244975,0.00810288385397658,4.39009923405,0.006834483720444201,0.10457319115159351,0.08328210840224698,0.07527630755055502,2.8413438993634434,2.908265954646842,2.9332723844317536
LA1316,P,shade,high,amphi,2.975085871374143,-0.7044410022140573,1.1083025875679249,0.384515754005,0.028217315143748926,5.573638631175,0.017891381094606515,0.30747139700056825,0.24138573284437465,0.18666146961684102,2.182350495719369,2.3877907554530333,2.5674606349812237
LA1316,P,shade,low,pseudohypo,2.885749195581267,-1.2070060641647673,0.7113783789764551,0.11602407986625,0.012820419033301568,5.101330006625,0.009876215146624439,0.20392006764405324,0.13456634874250617,0.08380566760221057,2.5104423123724455,2.7351076778732106,2.9038999739906677
LA1316,P,shade,high,pseudohypo,2.885749195581267,-0.9281785097894919,0.7113783789764551,0.249544635358,0.03872573095902008,5.697058456275,0.03761517223369262,0.2541979950560587,0.23337670862902285,0.21470012027248156,2.352869635011238,2.427917427337266,2.5010338732388067
LA1316,Q,sun,low,amphi,3.1828121594532672,-0.8361923621663454,1.852236572684457,0.1361271603655,0.009234574814084878,5.2744734204,0.006942125676209342,0.2710599898418747,0.15810446825839958,0.08842196289113768,2.247448397211431,2.637658552623524,2.8780818256035983
LA1316,Q,sun,high,amphi,3.1828121594532672,-0.05971049631938929,1.852236572684457,0.4424638203375,0.014678705150147894,6.04869931765,0.008643750194611149,0.40955430078502697,0.3187654767257496,0.24022182903912942,1.7377113423446393,2.066911004828726,2.3498532280001956
LA1316,Q,sun,low,pseudohypo,3.107259325080298,-1.6674952813136574,1.4359920861475663,0.051912250209,0.007558201881530263,4.56383317415,0.00574384754254496,0.15208000175058628,0.0853148709505914,0.05533032948943412,2.6841164221744576,2.89354367219645,2.993806536001478
LA1316,Q,sun,high,pseudohypo,3.107259325080298,-0.5990034310400971,1.4359920861475663,0.529410468275,0.026410014357448428,5.855732315775,0.01315671185587276,0.30335954467009923,0.22083520472317342,0.15621139899308834,2.1356544557014208,2.421294639360145,2.644975720002119
LA1316,R,sun,low,amphi,3.129075707177762,-0.7621302783010332,1.6651835274845352,0.453742743885,0.014806305714369796,5.397810828325,0.007251026649244387,0.30136125848590367,0.16748414354974273,0.08664474032452178,2.187014975179469,2.6317615098361666,2.895558908996405
LA1316,R,sun,high,amphi,3.129075707177762,-0.1878549128249843,1.6651835274845352,0.49059479447,0.014767516140774104,5.9168482546,0.008740199191894156,0.40545478961535586,0.29188442012159965,0.19431170216526658,1.8204040692649972,2.208099976685708,2.5325503723943994
LA1316,R,sun,low,pseudohypo,3.0796207021326163,-0.8763087850791987,1.319995802710442,0.509404912115,0.014429758958630594,5.305984388775,0.0067079686041420245,0.25899413873864774,0.17221099156963549,0.1091310034845236,2.317124796545316,2.598701933536109,2.814899083489497
LA1316,R,sun,high,pseudohypo,3.0796207021326163,-0.5108613232317346,1.319995802710442,0.7569934682225,0.022803133371656896,5.689887574525,0.0093350753076817,0.3262802304639197,0.2548030445606024,0.18950468968586393,2.0986157398899437,2.3361362202528397,2.5570356583901965
LA1316,S,shade,low,amphi,2.960392662614553,-1.5677396486197268,0.8826026740155217,0.170436594335,0.00736610482781536,5.042309857125,0.00518013268434373,0.17556569769953181,0.11109514785912677,0.07352390970210197,2.599751851820976,2.8118761950610107,2.937038592998078
LA1316,S,shade,high,amphi,2.960392662614553,-0.6255504992287219,0.8826026740155217,0.57638916203,0.021582904980136753,6.063288753125,0.01043480813154873,0.3260103683079282,0.2551247861736782,0.20106083682260992,2.0936891026838844,2.3336119279009373,2.51844509195673
LA1316,S,shade,low,pseudohypo,2.9282029840210027,-1.8728996990245945,0.5488788101620389,0.126456401032,0.016271825055805305,4.987652079175,0.013706176305576757,0.12771687188974884,0.09415032080776393,0.0701668143716838,2.755934430096208,2.8671086185960855,2.948139517141184
LA1316,S,shade,high,pseudohypo,2.9282029840210027,-0.9537161239185444,0.5488788101620389,0.308129537555,0.030114517959698876,5.707189411025,0.023197382030333977,0.2551379027424648,0.21567489161082332,0.18135181313227172,2.3544373363483286,2.486188368226525,2.5982972297086278
LA1316,T,sun,low,amphi,3.099132292777191,-1.2230716811315276,1.8283849028457684,0.0869698170565,0.004353968542411069,5.113482432525,0.0040623749896081295,0.21279511336302492,0.16757255483197706,0.1317485608954265,2.4689623481420417,2.6238274329316136,2.742987039630293
LA1316,T,sun,high,amphi,3.099132292777191,-0.024892385099713442,1.8283849028457684,0.45507256511,0.011348530202941794,5.793652584875,0.006163191929910998,0.4286049905526592,0.3550839428737499,0.27804607636537787,1.726419446626185,1.9988394340440863,2.2603091425590556
LA1316,T,sun,low,pseudohypo,3.0084444035480153,-1.2739339808175116,1.3136466672050897,0.1660859729825,0.010907728921604097,5.19657366115,0.009767998969019726,0.1910941253596501,0.1475105157582396,0.11259597598588988,2.5369813215724797,2.6833312932337314,2.8017352356841156
LA1316,T,sun,high,pseudohypo,3.0084444035480153,-0.48014313445352014,1.3136466672050897,0.3654684858925,0.011845649469776266,5.535291838975,0.0073339735921256095,0.31886389908365365,0.26884603978151383,0.21773639768315153,2.0923894982999753,2.280160863160875,2.4591639548299984
LA1316,U,shade,low,amphi,2.949673009424491,-1.5807652533368297,0.8558826794790189,0.1327236143525,0.017359370806486595,4.86194642225,0.01315407029403753,0.17353530610170978,0.12760591318379874,0.1001423688495005,2.6020691241939233,2.753900694901941,2.846098350753716
LA1316,U,shade,high,amphi,2.949673009424491,-0.6782810515152561,0.8558826794790189,0.2156643385775,0.023826722651174866,5.457659486975,0.022152384224582263,0.29183101341577283,0.24992010198865705,0.21445571054036758,2.1818684851569037,2.330143303159118,2.454123705162806
LA1316,U,shade,low,pseudohypo,2.929356792329949,-1.9109803328580846,0.6204550827675311,0.12347961155075,0.009553188267613892,4.8381887081,0.006928846786652716,0.11669847300288404,0.07505401435318848,0.04856336590488324,2.7916566693969513,2.9285521603972526,3.0156495675477095
LA1316,U,shade,high,pseudohypo,2.929356792329949,-0.9839710224164181,0.6204550827675311,0.29608568099,0.014955397156133138,5.4591846196,0.010766320948416756,0.22374845838450574,0.17244166175196954,0.13108167800444495,2.409715039103875,2.5917552502106336,2.734518553265179
LA1316,V,shade,low,amphi,2.9879147042772956,-1.5456911737145493,0.9352044000752874,0.16175402947,0.022953969324916442,4.952580280075,0.01642286859562613,0.15000347889334992,0.11001414727371303,0.08455866879533008,2.6774524268864814,2.807467700756681,2.8951374253611646
LA1316,V,shade,high,amphi,2.9879147042772956,-0.9779600862412642,0.9352044000752874,0.2648309545525,0.017827396325158913,5.322214087975,0.013531944309339142,0.22620463902658702,0.19518878674124743,0.1683745691637174,2.4175921124814086,2.5244258998603546,2.6150034179045134
LA1316,V,shade,low,pseudohypo,2.9262344207014808,-1.4299381570541816,0.6332060602953529,0.1305733371825,0.01753417923653898,5.365108217675,0.016581610527640334,0.1591261758555852,0.1312038251326332,0.10827909257353131,2.638097502842303,2.731832812582984,2.8127401951763464
LA1316,V,shade,high,pseudohypo,2.9262344207014808,-1.0840901486630112,0.6332060602953529,-0.08337257927922825,0.03334115840892263,5.450159311925,0.039929097670242546,0.21529457649282002,0.21050420079231769,0.20876969417668287,2.4375899601662128,2.4550333165784,2.462345710657801
LA1316,W,sun,low,amphi,3.1249758832533967,-1.7660063799003656,1.7838181871540495,0.01700931348012825,0.007743012654123639,5.16656345935,0.015810790886685865,0.13056503242789788,0.11691355615861268,0.10907883401977643,2.7327530306560694,2.782598010131001,2.809891189956105
LA1316,W,sun,high,amphi,3.1249758832533967,-0.7411010680405753,1.7838181871540495,0.15311930441875,0.02282024793815798,5.33801279905,0.021795437076498208,0.27304452285809333,0.24703656299463678,0.2236982225114676,2.238464966995456,2.3289004724976037,2.4134389227511224
LA1316,W,sun,low,pseudohypo,3.0655377007005558,-1.6514371620286032,1.359858464170096,0.023200728410975,0.0053321349570188276,5.374607092825,0.010065404468356395,0.14052462062255713,0.12149513765472934,0.10701529148125867,2.7020431767584405,2.765227528710951,2.8171820523519027
LA1316,W,sun,high,pseudohypo,3.0655377007005558,-0.6833561801806816,1.359858464170096,0.2525173274975,0.015256461678104275,5.3785133658,0.010730404480242253,0.2684959713839825,0.22807967707564963,0.19036318320078396,2.241332641245299,2.3927462235957107,2.5218854024895068
LA1316,X,sun,low,amphi,3.160945997695065,-1.3188839136054518,1.8029296647713011,-0.02737909175134475,0.013108663066246995,5.0772486978,0.013499267563158024,0.19478038929334032,0.170978250056024,0.15358543737535524,2.5314781917504314,2.600408991705991,2.662917666446887
LA1316,X,sun,high,amphi,3.160945997695065,-0.3731557481899618,1.8029296647713011,0.2422840480925,0.015476278741798324,5.3035946834,0.012423902348907868,0.3595618086163909,0.3101144959549705,0.2631606772128413,1.9653791686463276,2.1443155814541823,2.311475132167783
LA1316,X,sun,low,pseudohypo,3.0688438494685424,-1.3693834012329618,1.352163401876109,-0.08274528285172024,0.08389796383660249,5.577609995825,0.2716796154786847,0.17101120135207148,0.15747879887299981,0.14667533390628987,2.5514916139946444,2.6326392970035575,2.661126250061831
LA1316,X,sun,high,pseudohypo,3.0688438494685424,-0.730025792788336,1.352163401876109,0.12231827385975,0.009682304973928678,5.056713578025,0.007957969769851102,0.27198536465537965,0.24195328607714217,0.21826231433449159,2.2647316375556517,2.371018845650955,2.4565727002335924
LA1316,Y,sun,low,amphi,3.182802510545808,-1.1587157195068634,1.7257596726981559,0.09209952873,0.005941608087422715,5.037960586075,0.006218081487163364,0.2347876219157368,0.15684337607074972,0.13417975364972756,2.37697245210449,2.6439429095532576,2.723519884630129
LA1316,Y,sun,high,amphi,3.182802510545808,-0.038423068952162354,1.7257596726981559,0.38968484482,0.012941900966765438,5.9224728947,0.008536781252299902,0.41238448327852634,0.3442067743242561,0.27523529034300825,1.698830152351457,1.9745309048389497,2.2246868496450776
LA1316,Y,sun,low,pseudohypo,3.107834082349247,-1.352140545864869,1.258885666179063,0.009518191171331375,0.01036999962744713,5.07402598145,0.009337345465895711,0.18094209509570422,0.1247086425026581,0.0987252263417834,2.560763304747609,2.751738858599006,2.8417532906279113
LA1316,Y,sun,high,pseudohypo,3.107834082349247,-0.5087526461376416,1.258885666179063,0.4417849316825,0.010881059107543585,5.618709289325,0.006080299769463681,0.30062475797947213,0.240990013794462,0.1860070972200841,2.114973955644404,2.3339142518401923,2.526815298693734
LA1316,Z,sun,low,amphi,3.207252828966749,-0.6339959464721413,1.6210571022058209,0.5340733621925,0.030455516396383085,5.901070072625,0.020002446363220086,0.2565257104467012,0.1315493595481642,0.061299477027506905,2.3275047947765986,2.751468734766061,2.979221364054176
LA1316,Z,sun,high,amphi,3.207252828966749,-0.15189418369332186,1.6210571022058209,0.6023530925625,0.02041205302301032,5.989928859625,0.00961933696158226,0.3417029673524234,0.22393727427977647,0.13484014735210262,2.0471357730023847,2.443860718008351,2.737382703429792
LA1316,Z,sun,low,pseudohypo,3.1617709207107523,-1.088539337459751,1.1864802154885152,0.11006153685075,0.009965506245219552,5.3395842329,0.009322008329810855,0.18353908528426338,0.11835834849607912,0.0762022116584318,2.5603848610982043,2.7733954290954035,2.9176570494500504
LA1316,Z,sun,high,pseudohypo,3.1617709207107523,-0.3176668424535506,1.1864802154885152,0.6084067357975,0.019557928339679,5.887151078475,0.008618924216668367,0.30478431924969107,0.23319952938581495,0.16916609616608164,2.1473213554378168,2.4027337977889527,2.6222105120508403
LA1322,E,shade,low,amphi,2.9269035445601213,-1.4620625690100326,0.84911355596109,0.1417167299775,0.006588904911649698,4.47764874625,0.00444792437146131,0.17720522379927714,0.1067166230898623,0.0723215523004537,2.5943345597638463,2.827436686396058,2.939747265167059
LA1322,E,shade,high,amphi,2.9269035445601213,-0.5480973488266851,0.84911355596109,0.27171546627,0.011284071103348536,5.62891582125,0.007215387232562591,0.31054078078788816,0.2348358871326327,0.1725699707260191,2.1022235746604023,2.363974124982779,2.5807705631204123
LA1322,E,shade,low,pseudohypo,2.874045684608591,-2.1101930082005342,0.3764018504492957,0.03930781039712,0.013075592498902939,4.607779748225,0.010565553696547363,0.11300984692218302,0.09218396690857958,0.07753053320663249,2.794165236030178,2.8683647788003332,2.9185906836773023
LA1322,E,shade,high,pseudohypo,2.874045684608591,-1.0189660859763374,0.3764018504492957,-0.026370778837344223,0.018779392811826796,5.50725657325,0.018580941856342,0.2366598034754749,0.19896262102339635,0.16464564115703903,2.3657926950635595,2.499760876909691,2.6218488122114967
LA1322,G,shade,low,amphi,3.0101405321380343,-1.4448382799521093,0.8968056061195914,0.294854468735,0.015088749772706541,4.947216396675,0.008282749461072098,0.18477683284256094,0.08954403401108574,0.04418900452321528,2.554661776896253,2.879850810363628,3.033566133732899
LA1322,G,shade,high,amphi,3.0101405321380343,-0.8219051878540738,0.8968056061195914,0.230388889945,0.01671710028866036,5.48998487225,0.01260151425383939,0.27493504290705767,0.18439765930129637,0.11661865410490246,2.2274852432021337,2.5485593644219513,2.7871494131487355
LA1322,G,shade,low,pseudohypo,2.9281644774178215,-1.8702228349504986,0.47769920353361633,0.2260085224625,0.011195686439545932,4.9255071391,0.006666780324478603,0.13608900577461483,0.05372013612224453,0.026982646232259277,2.729311682569551,3.003554984111493,3.090017238117052
LA1322,G,shade,high,pseudohypo,2.9281644774178215,-1.0205654681369891,0.47769920353361633,0.380958972895,0.017292932116376333,5.7406399258,0.009856061549846026,0.237279708043393,0.13247661754765444,0.06961533527496425,2.358832637777117,2.7273173956631274,2.940683696158905
LA1322,H,shade,high,amphi,2.9246097792140326,-0.8045836159122892,0.651075213488906,0.002132397121470078,0.017684395651970376,5.301604310175,0.01879688329591197,0.27966832354463367,0.23236652564975005,0.19258800607502308,2.2217732442648876,2.384388944698048,2.522888965067562
LA1322,H,shade,high,pseudohypo,2.7504889049938552,-0.9040302600870334,0.15123489442377758,0.2352446132875,0.01056727058432147,5.43220048215,0.007372103306477858,0.25418553812027306,0.18337508291497095,0.12977822782823165,2.3072550231673943,2.554936512850031,2.740297577340707
LA1322,I,sun,low,amphi,3.151906713391419,-1.714496685706536,1.6332788951196693,0.29050253653,0.016171434493308698,5.164887246025,0.008050625159768034,0.15184495936274858,0.10505983903499763,0.09154855198784342,2.663253644246252,2.827310233558178,2.8724042460600505
LA1322,I,sun,high,amphi,3.151906713391419,-0.5502710929992479,1.6332788951196693,0.181707784,0.00748231583159996,5.2601647275,0.005156742685642781,0.3192943445991312,0.23943821027492368,0.17134599712254947,2.063056269118401,2.3448363111677755,2.586008324313696
LA1322,I,sun,low,pseudohypo,3.0940132551539112,-1.783142074833326,1.361724909895487,0.10275597966625,0.017830734064870474,4.861876934175,0.012572864197960392,0.13339092756778959,0.0958248362336212,0.07071220810701868,2.7204474322827745,2.850469581490397,2.9390387283954986
LA1322,I,sun,high,pseudohypo,3.0940132551539112,-0.7496143189690342,1.361724909895487,0.37761880064,0.009725244861499558,5.349776207425,0.00513903087769259,0.26524398055411474,0.1845647686260481,0.1245875505645817,2.2547350959307724,2.5446864316145774,2.759246080366936
LA1322,J,sun,high,amphi,3.1264966251007182,-0.3500749725248353,1.6880511110686556,0.504420247595,0.008472188140831699,5.564406817525,0.004034650927791974,0.36048032782335293,0.22321720971518913,0.11952475497818679,1.9205192138522453,2.405412885945754,2.766686687883083
LA1322,J,sun,high,pseudohypo,3.0511607287660296,-1.003614392494198,1.2222129793025152,0.529533027415,0.016535985653999496,5.41870893075,0.008412112569781211,0.2491100976512088,0.09437478681518933,0.05951956769964399,2.334900404548096,2.860780137537203,2.9791529162956896
LA1322,K,sun,low,amphi,3.102182316683248,-1.2722306731499287,1.8243275762931737,0.14682896278975,0.015502133749098219,4.81506161285,0.009744041607246236,0.21006791003194905,0.13265049419269884,0.0825032067076904,2.478596416855577,2.736789032012681,2.903467211545613
LA1322,K,sun,high,amphi,3.102182316683248,-0.14343134430248106,1.8243275762931737,0.349540675675,0.012495810920154584,5.75531238745,0.007018348835254675,0.39660206949868615,0.27791666951253585,0.18095104845854024,1.7884049373566027,2.208704937126758,2.5499640941859587
LA1322,K,sun,low,pseudohypo,3.0640446466579836,-2.2230655169211477,1.4219461423159092,-0.1889585454975,0.016430312331996866,4.65248679325,0.01727845550523661,0.10768345499015261,0.08492046935150274,0.0741376479937395,2.823753674831831,2.889235107940955,2.9285803991235233
LA1322,K,sun,high,pseudohypo,3.0640446466579836,-0.6439970608211872,1.4219461423159092,0.2632342711825,0.006515466748942139,5.51220034355,0.0042136963800455726,0.29065087452931193,0.19719956727279606,0.12823138906906015,2.1596304551886956,2.5088635917238467,2.7510562942568364
LA1322,L,sun,low,amphi,3.2856128610122055,-1.9326844879466576,1.6015794912564385,0.2954943595825,0.009746908855889976,4.85669085895,0.005416399601514433,0.12925218461527574,0.04929090166791504,0.024268551533991666,2.7585761738272576,3.0222477008976694,3.0986348937088657
LA1322,L,sun,high,amphi,3.2856128610122055,-0.5504994287601173,1.6015794912564385,0.3968504908225,0.004866377512900524,5.44890133225,0.0023524725429686275,0.32219079743203166,0.1325559455346208,0.0469847530879093,2.0569641296021466,2.7523753001462206,3.0222362157060463
LA1322,L,sun,low,pseudohypo,3.2075909309115556,-2.824557176220315,1.2688725153126619,0.1079242782215,0.020044756766938187,4.499635979375,0.012669391577968965,0.07765870873825118,0.05232883530799396,0.04506047511275398,2.918629389312297,3.0053386612125035,3.0300142927007405
LA1322,L,sun,high,pseudohypo,3.2075909309115556,-1.001227331471325,1.2688725153126619,0.549032819905,0.01324620196930659,5.322859782275,0.005580464543303999,0.24531415628594874,0.10365277691487679,0.049818322402136545,2.3157692934882403,2.8260927686551165,3.010724118806804
LA1322,M,shade,high,amphi,2.9799449739341246,-0.5748964540275819,1.168175561005695,0.35676937684,0.015786425632324946,5.704763834975,0.010140971627754555,0.3239706101662314,0.23792274804545724,0.16978269126752205,2.07273228118787,2.3539452370018243,2.604011571261154
LA1322,M,shade,high,pseudohypo,2.920130685652616,-1.0643514452717546,0.8580890540217239,0.350224997335,0.013043441179526761,5.34923839025,0.007527063283792341,0.23794103551260257,0.15831598462600516,0.10181986925126778,2.4054657676491473,2.6431324242376224,2.838750705225318
LA1322,N,shade,low,amphi,2.9768588271908802,-1.1355410395032302,1.1528493593679485,0.3087574102025,0.022111181968633566,5.319310248075,0.0125407862243353,0.23661133710918417,0.10898898830144454,0.04518113467270288,2.394894137444485,2.8248547055519344,3.0317762366662446
LA1322,N,shade,high,amphi,2.9768588271908802,-0.6105834100496084,1.1528493593679485,0.3257040851775,0.024603239669214527,5.8036934052,0.018561814240633096,0.3246943852856521,0.22152796519954268,0.14472054413162436,2.0977938043694966,2.4465222549190875,2.7023689314960366
LA1322,N,shade,low,pseudohypo,2.896434076772382,-1.3165031975792516,0.8312625521325622,0.563534653035,0.05234413105511179,5.642225423475,0.023588104271991806,0.20766675541575677,0.10478448830537276,0.04932190972680059,2.489578914342107,2.837356366559203,3.01738716203251
LA1322,N,shade,high,pseudohypo,2.896434076772382,-0.7196277971198406,0.8312625521325622,0.197880217275,0.01963240955948632,5.752103796825,0.021204326600407563,0.28935209401482115,0.2228044771865019,0.16897434354656043,2.2119422697744557,2.4348689646723662,2.621390397156359
LA1322,O,shade,low,amphi,2.9844275865805003,-1.366542090534277,1.0756433787996513,0.28102117943,0.012553091632811592,4.870436557875,0.012001447296712672,0.2020665267308698,0.05292228435637653,0.043613489805294524,2.5230221269641335,3.0072380392645766,3.0384854988626633
LA1322,O,shade,high,amphi,2.9844275865805003,-0.7330315251559738,1.0756433787996513,0.4792024369675,0.011849298774163389,5.35450627605,0.005455853011937575,0.3056519812586447,0.17798929614242842,0.09692518526124587,2.1734864110822714,2.5907701110209853,2.8591320877176223
LA1322,O,shade,low,pseudohypo,2.9362697011846364,-1.4708208246426393,0.7757879967404917,0.2459616563475,0.01354294642712951,4.78076208805,0.008673214797871948,0.16966115908520102,0.07699487686490926,0.060585296106450255,2.605734482228229,2.9208173381325917,2.97872824558816
LA1322,O,shade,high,pseudohypo,2.9362697011846364,-0.8346051195427967,0.7757879967404917,0.425448192705,0.015252896557918696,5.147755079325,0.007700734352672649,0.2691247968526366,0.1851179433138659,0.12170176531939254,2.333163604780218,2.569753490849684,2.7913719757488056
LA1322,P,sun,low,amphi,3.1280224705567266,-1.2274766337616747,1.6572337118044396,0.4161490108075,0.022541205359099564,5.208684242475,0.01793044096498616,0.23457787770858274,0.04717675196421494,0.039081357995597664,2.40998743777299,3.0276971108788553,3.0521421657968086
LA1322,P,sun,high,amphi,3.1280224705567266,-0.4962019350020148,1.6572337118044396,0.4694080824075,0.00820758824319727,5.5019081104,0.0041260745583832185,0.35631388040731177,0.13008789755957395,0.06662505106772915,1.9904373144312366,2.74858399273601,2.9604848171747267
LA1322,P,sun,low,pseudohypo,3.036379710987596,-1.0533340689373736,1.2099041506694705,0.539172776725,0.015752689044110067,5.429328342975,0.010317225903548714,0.24026941470798793,0.03248576793765466,0.01859533790258479,2.3886586302841044,3.0742617163085946,3.1204752638837463
LA1322,P,sun,high,pseudohypo,3.036379710987596,-0.5377168687854396,1.2099041506694705,0.605485641185,0.02120892110196062,5.592092455825,0.009413651536398773,0.31944881737837444,0.21658703787134478,0.04109297102790627,2.104756998797474,2.4511783741539754,3.045186183624452
LA1322,Q,sun,low,amphi,3.1023959371555097,-1.0862904490015264,1.739732035835199,0.4207768737425,0.017163372058859063,5.139936505875,0.008546202379001661,0.23951166008218072,0.12448622583012409,0.0657016078252964,2.390709076791457,2.7714022737194393,2.9634645467995258
LA1322,Q,sun,high,amphi,3.1023959371555097,-0.40721237887813605,1.739732035835199,0.354377815435,0.01629152440078425,5.49847976065,0.009103939377377962,0.35643181237716887,0.23359817365591087,0.14821294244552366,1.9889036231959856,2.3994019201756744,2.6826628913598394
LA1322,Q,sun,low,pseudohypo,3.028077741509101,-1.4625282823855714,1.322398504978641,0.399036708425,0.026075113847082908,5.23557372925,0.012332566293319257,0.18669428167954308,0.09307545679569182,0.04364909743785962,2.570417559747995,2.876821661402732,3.037036841653882
LA1322,Q,sun,high,pseudohypo,3.028077741509101,-0.6549188483134449,1.322398504978641,0.6543630453525,0.031163652023732644,5.62382805375,0.013125280748370941,0.3048337706338231,0.17990662158079046,0.09499269534027396,2.156715495986136,2.5772627201301144,2.8658333285084345
LA1322,R,sun,low,amphi,3.1018760115589057,-0.9076008946693924,1.4618287899873885,0.5456930607,0.014817107559603339,5.349184223675,0.005965783518597516,0.2618835098347581,0.12379027253359105,0.058680115817400215,2.2771447853363234,2.768686399807163,2.984002455031293
LA1322,R,sun,high,amphi,3.1018760115589057,-0.3391849145462201,1.4618287899873885,0.50655147367,0.006429674683879622,5.864247594575,0.003264276187009053,0.3626529026230038,0.2380754229257424,0.141755192442937,1.929585303490342,2.373637694307205,2.7136169775373915
LA1322,R,sun,low,pseudohypo,3.011922047681323,-1.7563504092906925,1.0896423584255894,0.248134020595,0.01633769011275481,4.7692575376,0.010347669811134368,0.13899530242906238,0.06744910834982677,0.03944579995407587,2.71787934028983,2.9621294183439555,3.047821597434815
LA1322,R,sun,high,pseudohypo,3.011922047681323,-0.7756820139793292,1.0896423584255894,0.5314623751875,0.007184922089358094,5.513140238,0.003170591582161942,0.2777375592270165,0.13481951711148732,0.060152815022052844,2.256309678628118,2.7334055377523434,2.985513485064377
LA1322,S,shade,low,amphi,2.9471513735505717,-3.2013856532336242,1.0880505859163696,-0.0980996857585,0.0083998678816904,4.45123827545,0.008330373512660012,0.04547192633807173,0.03821906253899595,0.0344218965926278,3.0272837316394248,3.051092845238916,3.0647062937808682
LA1322,S,shade,high,amphi,2.9471513735505717,-1.0700971730237683,1.0880505859163696,0.2922532529825,0.015514563245574021,5.119819465875,0.009653564431746827,0.22281577059174892,0.09924238927609529,0.05742894545640663,2.433942874328678,2.8476221325198376,2.985112247056372
LA1322,S,shade,low,pseudohypo,2.8836739566122933,-3.25909327999979,0.7504048156930333,-0.023979453696175,0.004024302273431155,4.42528433455,0.004118907857186214,0.05001909990337417,0.043211550678509146,0.04068058118452266,3.0119179089066326,3.0331463235358473,3.0403205506092403
LA1322,S,shade,high,pseudohypo,2.8836739566122933,-1.0639405084307934,0.7504048156930333,0.4216027845875,0.017706379866712744,5.425105237375,0.008730584405264644,0.22184165767721375,0.11633450155008666,0.06131066283164796,2.4076336223776913,2.780274444288133,2.9683317536194
LA1322,T,shade,low,amphi,2.9119008941756603,-1.9700020315287021,1.003116686394811,0.2916759065325,0.019005271975001705,4.842694329725,0.010230337677008518,0.09958814136736291,0.04477254340573596,0.022376518904540097,2.8550050816671497,3.0398484267308143,3.1053092378594234
LA1322,T,shade,high,amphi,2.9119008941756603,-1.0044858284910698,1.003116686394811,0.28109483951249997,0.03455220363418197,5.5970376625,0.027712380456740852,0.2054505862242436,0.10757799163097431,0.051314130334284294,2.474875291638786,2.8132178234796053,3.0031011890501107
LA1322,T,shade,low,pseudohypo,2.769761569414736,-1.8011733585158372,0.44878727861804907,0.2156104418,0.01450257090311085,4.743806940125,0.008743483554116617,0.10889554309312197,0.04665016539490331,0.023877008673661698,2.828154859752254,3.020584354293647,3.0977994703497007
LA1322,T,shade,high,pseudohypo,2.769761569414736,-1.0735762550356605,0.44878727861804907,0.3197390922875,0.02159866285905808,5.337566024875,0.014571321199386577,0.18515586201147796,0.11571930027411406,0.06819402758706876,2.5526268530957306,2.7872485084845637,2.9534111302056485
LA1322,U,shade,low,amphi,2.8386618040028004,-1.555876291856232,0.9027020108429868,0.2951899606925,0.02423519321338671,5.077724158825,0.016125124729382455,0.1493612990709031,0.0770665247225592,0.039593692301457796,2.7002873613861573,2.9283226740324495,3.0508508241306944
LA1322,U,shade,high,amphi,2.8386618040028004,-1.0200292683097156,0.9027020108429868,0.2733279711775,0.028924484675103546,5.305434965625,0.021247200143590602,0.21913036865648355,0.1387134090294776,0.084332586375195,2.463607902528302,2.7254093175723977,2.9022325999945506
LA1322,U,shade,low,pseudohypo,2.785119221874171,-1.9176398734793585,0.6211832825619384,0.24019597855105,0.07023490560968963,5.43538372305,0.04964248289891603,0.11038605765269405,0.062390889028039034,0.034211133159306274,2.8113375196750194,2.974599352512244,3.0670311660834555
LA1322,U,shade,high,pseudohypo,2.785119221874171,-1.1143231366275763,0.6211832825619384,-0.02273659507675825,0.01983860718826291,5.633777219075,0.02553769019187037,0.20345122518181857,0.13955812342961893,0.09300914764594681,2.556421575062251,2.7440238386894418,2.8893492646803223
LA1322,V,shade,low,amphi,2.821443627425915,-1.3023677036790815,0.8827252118270217,0.5453756115875,0.04277146235596042,5.618942505325,0.020839351405294797,0.1477963624807981,0.08381959854557454,0.04683933813165189,2.6840772676984423,2.9065037595772187,3.027678383565745
LA1322,V,shade,high,amphi,2.821443627425915,-0.8419823582603809,0.8827252118270217,0.1380368512975,0.02495552443691484,5.6020087315,0.026067672370151205,0.20859681824895815,0.16366463234451412,0.12862469021202244,2.527985539389856,2.645680824049057,2.7633558613241034
LA1322,V,shade,low,pseudohypo,2.741664382790466,-1.7197586886458045,0.5672935661856543,0.246959179395,0.03257402880161322,5.55750137915,0.02590803142998527,0.10405155280699044,0.0657953541809406,0.040728458039664864,2.8597247234287355,2.961834999972525,3.046103553463695
LA1322,V,shade,high,pseudohypo,2.741664382790466,-1.0764413498505394,0.5672935661856543,0.0517804967260505,0.03000974077536133,5.724813033775,0.040297999029724973,0.17152103548323475,0.13440160658671318,0.10729015380361785,2.6245439424021773,2.7448567963179284,2.8356103778741173
LA1322,W,sun,low,amphi,3.0994570688040803,-0.7373039010464006,1.7999720691053014,0.328028969725,0.01061698215444034,5.4677991831,0.005641164201864938,0.30363185071568327,0.13985256468404922,0.056860147111416355,2.1822552449668935,2.721128763171012,2.992417937941023
LA1322,W,sun,high,amphi,3.0994570688040803,-0.1422411078197729,1.7999720691053014,0.6298127473025,0.016625762015338445,6.11110810035,0.00773666259574891,0.40999199020506594,0.2775193092359983,0.17297980145600347,1.7970029438693857,2.2468697444717103,2.5963689767108917
LA1322,W,sun,low,pseudohypo,2.933024443392442,-1.426115887004118,1.0559051502555616,0.136554735461,0.01451430521217712,5.0280458737,0.010166915817308459,0.1667185250716726,0.11403286288893191,0.07766649296941447,2.635798991294159,2.8001691796276287,2.920127816540973
LA1322,W,sun,high,pseudohypo,2.933024443392442,-0.27899873709589346,1.0559051502555616,0.5005748132875,0.02336843058782214,5.813277793625,0.01201025416586986,0.33932249009521126,0.24366233607843432,0.16653112025148767,1.9985654002451476,2.348126601690833,2.6324701453261645
LA1322,X,sun,low,amphi,3.1079995260060067,-1.9821742860784834,1.64410734631278,0.3650250805775,0.01604645550636705,5.1406135846,0.008695201770967846,0.11979565599694127,0.08376333792085143,0.05954718726841789,2.7785917541566167,2.902691952019862,2.9801819441412456
LA1322,X,sun,high,amphi,3.1079995260060067,-0.641626131288676,1.64410734631278,0.3766716174875,0.016976481237447084,5.230356551,0.008695691125789128,0.30130044944775003,0.17030835625863755,0.0861818395942415,2.1288220667045454,2.5898497237090945,2.8815446019375743
LA1322,X,sun,low,pseudohypo,3.0077090674705933,-2.019684047552578,1.168810987153911,0.2676193248625,0.025933457610483678,4.704046774825,0.01477380714674998,0.11077234141508073,0.08237801285467558,0.06393229592869322,2.8154542333394144,2.9040620874463605,2.962203054718176
LA1322,X,sun,high,pseudohypo,3.0077090674705933,-1.0895842348658007,1.168810987153911,0.368436107535,0.01113177119596602,5.373026698275,0.00635935375462898,0.21802636467881786,0.13773042053591084,0.0801997388618903,2.427806848986067,2.7164190239924024,2.9134483154593473
LA1322,Y,sun,low,amphi,3.0878645913628384,-1.402658231702804,1.6153442304462733,0.26342102544,0.011954859448980629,4.861167539325,0.0068556428695589694,0.18919470721261025,0.11451406208965814,0.0763772579804939,2.5572064165223636,2.7999287525798024,2.9273243113456493
LA1322,Y,sun,high,amphi,3.0878645913628384,-0.36023569839076236,1.6153442304462733,0.415006072565,0.013782453337756783,5.564860253825,0.007737113820933152,0.36711025666576513,0.23941445192250385,0.13938379971818768,1.938130663716013,2.3864581954917976,2.720074336446905
LA1322,Y,sun,low,pseudohypo,2.9723329154334293,-1.6123702416185253,1.1233844992632454,0.26077461484,0.010334526489429438,4.983084512525,0.006087443373749178,0.14937360616530942,0.09909070725092826,0.0742432977862119,2.6760648652488546,2.8465701961020478,2.930311766040949
LA1322,Y,sun,high,pseudohypo,2.9723329154334293,-0.6094512455862572,1.1233844992632454,0.4822578341325,0.020581802025112065,5.5335822889,0.01040653459943915,0.29743129570910726,0.19793957915107338,0.12763848760383747,2.183337023773321,2.5297790004101532,2.771087444951353
LA1358,B,shade,low,amphi,3.029816093518892,-1.7731963376024618,1.068750379228002,0.05450199685075,0.009980243205900857,4.55800472055,0.00740288411478132,0.14144019817921977,0.1029399515114077,0.08445878602175427,2.7112142297466706,2.8373270301635696,2.898354969139771
LA1358,B,shade,high,amphi,3.029816093518892,-0.9522485126136457,1.068750379228002,0.24490976238,0.013606167701375325,5.324866176375,0.00797764493725721,0.24254043434946398,0.18337912928866174,0.13466684671921147,2.3442697479136614,2.5532327258338032,2.7196300414375014
LA1358,B,shade,low,pseudohypo,3.0086433284547054,-1.8424955377661194,0.7914088074181114,0.2091941595175,0.014243892533661835,4.82096932255,0.00858423699771737,0.14098582967624013,0.10577037235045855,0.07733575535996466,2.709692906654223,2.8294299990497223,2.9198379038711244
LA1358,B,shade,high,pseudohypo,3.0086433284547054,-1.1540619972852604,0.7914088074181114,0.31898692685,0.01843911022667483,5.203334143725,0.010535113843355875,0.21903345060597265,0.1672780621273991,0.12256032764107926,2.4430846503727484,2.616536104096774,2.7704189895991695
LA1358,C,sun,low,amphi,3.1314989786504865,-1.9160757215534252,1.533584367776345,0.18463576691955774,0.057114522430464304,5.68104237865,0.030316997775589567,0.10698483469103358,0.08168139934131517,0.06368979658481183,2.867946741619358,2.9087308445088986,2.9677408456625267
LA1358,C,sun,high,amphi,3.1314989786504865,-0.8058975744021253,1.533584367776345,0.48818275135,0.009006335138478828,5.5058880651,0.004342397657840851,0.20971823036327522,0.14061787917197066,0.09327908879247256,2.4637816695602606,2.711618646395453,2.866831424068918
LA1358,C,sun,low,pseudohypo,3.075522860870007,-2.4082556260184926,0.997732872270976,-0.4661146176625,0.06264639213931314,6.7084660822,0.2227603798443705,0.07641046079038598,0.06203015917803684,0.0517440238343292,2.9548352787117294,2.967791333977404,3.0060157427058702
LA1358,C,sun,high,pseudohypo,3.075522860870007,-1.0929901819226715,0.997732872270976,0.2847729845625,0.011381176796601214,5.159956594975,0.006710232197314606,0.17081985893351542,0.12298311565286131,0.0876327606245398,2.591121729552621,2.7679987558119734,2.8895372878157017
LA1358,D,shade,low,amphi,2.9010510452884346,-1.9312964996973594,1.057140423148208,0.06449886193925,0.011778716258420452,4.5591116454,0.008723420254774463,0.08727824693849962,0.05916350718228676,0.045306214031140164,2.892170608258662,2.9834417300911418,3.0298506737814073
LA1358,D,shade,high,amphi,2.9010510452884346,-1.2734207254206533,1.057140423148208,0.20389328416,0.012127893603801584,4.842031849825,0.008013826824927645,0.1437304163449805,0.10250865240842112,0.07760595771117564,2.6939961986337564,2.8382566936019367,2.91876740130705
LA1358,D,shade,low,pseudohypo,2.8932021647999413,-1.8905248992072623,0.8466647197050144,0.0467668582016225,0.014604012255422244,4.9470518386,0.011293182166601556,0.10138574550049959,0.07914058279944905,0.06152208212798562,2.8652218523457633,2.9068614735800757,2.971252893004872
LA1358,D,shade,high,pseudohypo,2.8932021647999413,-1.200888554700165,0.8466647197050144,0.003198576744622668,0.022205242809129794,5.572330496925,0.02874803905729717,0.17251473608474518,0.13750638251039837,0.10962052789856991,2.616093299280008,2.7277574565893503,2.823331275114875
LA1358,E,shade,low,amphi,3.0439611642767517,-1.987029864562507,0.6072260832044488,0.07795560707275,0.00592521212531943,4.5325712058,0.004345948119273308,0.10614818837849714,0.069440454408059,0.054409121077671,2.828592269479701,2.9472147723972975,2.9988199614333837
LA1358,E,shade,high,amphi,3.0439611642767517,-1.2776061175814242,0.6072260832044488,0.222416239235,0.006889168294535588,4.90970452825,0.004484249971902156,0.18242577116235031,0.12825302471046576,0.09433913874179546,2.571024329433308,2.758889439658079,2.8665618373997908
LA1358,E,shade,low,pseudohypo,3.0320777595045367,-1.9529640319245467,0.505020040138948,0.12239294924175,0.00769036168657184,4.7639983094,0.005273864796597455,0.11300577500247741,0.0861544788761016,0.06837189168440845,2.7959438378896104,2.887958762246953,2.9502549356739496
LA1358,E,shade,high,pseudohypo,3.0320777595045367,-1.3192715214958977,0.505020040138948,0.388039671285,0.013610337640912072,5.21478894135,0.007371077568848503,0.18402507078298444,0.14592628009975833,0.11324686856572645,2.5733717879166726,2.708862757985055,2.8118595800153963
LA1358,G,sun,low,amphi,3.004643513054017,-2.216326969895498,1.4621394457911367,-0.156345519115,0.01803099750153844,4.8485806222,0.01832937434206334,0.08720372321475632,0.0679847189623258,0.05777779179357703,2.9008067253029868,2.9541312657172925,2.9894465239560053
LA1358,G,sun,high,amphi,3.004643513054017,-0.9418824929738774,1.4621394457911367,0.3338273397,0.007826746196525127,4.792437921475,0.004525352927772222,0.2232716951649959,0.15765758229012056,0.10647065630782357,2.462577194387038,2.6632626651659987,2.8371032501890574
LA1358,G,sun,low,pseudohypo,2.8990589500005064,-1.9710055606692547,1.0193388751635688,0.1150587584185,0.005994555440151715,5.3838653551,0.004685754994587992,0.10062092585048858,0.07392511149289217,0.05345691776079567,2.8529795783050815,2.9337402148155762,3.0037132210408357
LA1358,G,sun,high,pseudohypo,2.8990589500005064,-1.037763089199556,1.0193388751635688,0.2668053952025,0.02068196038826374,5.24177696085,0.014828970168578214,0.2061412426034326,0.16297858780838348,0.12882331423306068,2.5674917799131274,2.653470802854582,2.7686419584447055
LA1358,H,sun,low,amphi,2.998653196926666,-1.539127653213741,1.6605304045224731,0.01887390186702425,0.009273491117562118,4.55322817845,0.006990213942753257,0.10360408253768698,0.06554604404863658,0.050429811532093805,2.8511670022854,2.964889137636219,3.015416117098225
LA1358,H,sun,high,amphi,2.998653196926666,-0.5205537853142201,1.6605304045224731,0.32007997955,0.011436245738351017,5.156975859575,0.006458372362163732,0.22253555577687714,0.1264040790266126,0.06772857209896216,2.4782031114186327,2.773951711355735,2.9624583656034194
LA1358,H,sun,low,pseudohypo,2.9572439048517247,-1.8843404759721243,1.1953068656711705,-0.0591270762817,0.00835009659545515,4.506245037125,0.007001412853128233,0.09102522365539534,0.06635179956322064,0.052820172831750695,2.8771585532710477,2.958608501737157,3.0050729356041384
LA1358,H,sun,high,pseudohypo,2.9572439048517247,-1.205490766841668,1.1953068656711705,0.137042063775,0.007534061393632039,4.432983137375,0.004988857145156009,0.16055827795425656,0.1025344347303336,0.07947505178717867,2.6926008746371926,2.8770865507040053,2.9290931822431454
LA1358,J,shade,low,amphi,2.8695914208762843,-3.088237169646328,0.8503697864283204,-0.15312155043375,0.015736973152953162,4.58532844425,0.02045333839542708,0.039072422096857906,0.029507958339637992,0.02503094260808395,3.0516461225689517,3.0825730192716314,3.0977140608411236
LA1358,J,shade,high,amphi,2.8695914208762843,-2.7257238675008453,0.8503697864283204,0.03811587238,0.00447151034534983,4.09327171295,0.004913012860867557,0.055552776336949675,0.04072489041629003,0.03691011681955923,3.01579529351568,3.0546485147353533,3.064970366264325
LA1358,J,shade,low,pseudohypo,2.8541553566507445,-1.9885117603060385,0.7309029939749556,0.02659854261323575,0.015889885368004873,4.952601408825,0.014755039937106949,0.08736806458948253,0.06387575388384081,0.04903492240244477,2.9279688108840585,2.9643219140057795,3.019665646242797
LA1358,J,shade,high,pseudohypo,2.8541553566507445,-1.566348847187344,0.7309029939749556,0.2899416408325,0.0122865237447807,5.12343401835,0.007181986640337665,0.13018810414248994,0.09546574575092573,0.06855276883301187,2.8112458836193523,2.8818681461639626,2.9742647837670835
LA1358,K,shade,low,amphi,2.870141460814362,-1.6618764715202468,1.0704640936509608,0.053550679802975,0.010263914422267794,5.0503134167,0.009576754071948121,0.107304356747141,0.0751253369177711,0.05775412711803602,2.8322893309230683,2.9272450191558357,2.983439921755514
LA1358,K,shade,high,amphi,2.870141460814362,-1.1044702095622616,1.0704640936509608,0.01766551121731675,0.007180382418064574,5.4479134802,0.00706111556191319,0.1670871959587874,0.12911166014351683,0.09964771966473358,2.6286036942074675,2.751466034411968,2.854479790590761
LA1358,K,shade,low,pseudohypo,2.8456486647509935,-1.6966306533782853,0.8674885171008032,0.052306348703,0.005507884757981757,5.17671851975,0.005794274827738998,0.13900493189421542,0.11320227392021982,0.09143435699984527,2.699385028972554,2.786962444523483,2.864032091213249
LA1358,K,shade,high,pseudohypo,2.8456486647509935,-1.1654152652567764,0.8674885171008032,0.0397487045302245,0.02098844696055849,5.7359668542,0.026216240174600964,0.20045124402883635,0.1723370161128777,0.15347039481933789,2.497345634177308,2.590618977773099,2.655600185317532
LA1358,L,sun,low,amphi,2.8490897221983693,-1.7431673497994709,1.4256070808430195,0.08121854426725,0.008808951058811706,5.360035401875,0.0106049763091927,0.09363408887919446,0.08239394524809315,0.07603486926182607,2.8807989219556056,2.9125114580210107,2.9325322066448933
LA1358,L,sun,high,amphi,2.8490897221983693,-0.9778595170356544,1.4256070808430195,0.350918248115,0.021064044616687344,4.94756825275,0.011514647597555534,0.1564711877388082,0.11822973615123897,0.0899014853616584,2.7003416267481737,2.8082447114585887,2.897988990707759
LA1358,L,sun,low,pseudohypo,2.7773931997587056,-1.8758254558918246,0.999119741258458,0.143735934745,0.0079020063023025,5.315395258425,0.008295454212375672,0.086994945522909,0.07473399113388829,0.06379458530832914,2.907647090798879,2.9304731399750796,2.9658318066123437
LA1358,L,sun,high,pseudohypo,2.7773931997587056,-1.1579443955367192,0.999119741258458,0.304617639545,0.01937931047240508,5.085434973225,0.012019735958285125,0.15347464487549342,0.12359694421381487,0.10015871361409145,2.699185141535236,2.780072659873341,2.8564056030331577
LA1358,M,sun,high,amphi,3.0414163743283673,-0.8938289286481671,1.3068783093359275,0.12530766834025,0.012233986781075717,5.061270639075,0.009842403751171293,0.1574230206702637,0.12463196205739316,0.10061233867590594,2.6710475638738678,2.7735574940303636,2.852328184718446
LA1358,M,sun,high,pseudohypo,3.003773142731022,-1.0980289449064784,1.0111409624722976,0.2398407772525,0.016118745621798897,5.2843173722,0.010756896199487501,0.1501574747002917,0.10747913702637325,0.07196379757320787,2.680884945171703,2.8383122046464515,2.9430839714625185
LA1358,N,shade,low,amphi,2.7067226130484072,-1.3747115553789766,0.7540957674033819,0.2433318802675,0.013797899764113828,4.711782981825,0.007517964460485598,0.14322923230104798,0.09296809370852446,0.07541215975012427,2.711697597632598,2.873082029107642,2.9325246115874157
LA1358,N,shade,high,amphi,2.7067226130484072,-1.2776266025101692,0.7540957674033819,0.2250231524125,0.015085702232413997,5.2317274808,0.010776390841391108,0.161121925457097,0.1342235319007822,0.11164443345972598,2.677428454479251,2.758685254063965,2.830029391338862
LA1358,N,shade,low,pseudohypo,2.697047953744144,-1.6067451866944542,0.6985678036029965,0.014628816315798,0.004759990228692889,4.776020370675,0.004302251943608038,0.09930706351529504,0.07161794152762636,0.05882122440117662,2.8693504581903073,2.9375020737877398,2.9817889421137873
LA1358,N,shade,high,pseudohypo,2.697047953744144,-1.5037066231400364,0.6985678036029965,0.594174791855,0.01316137667537374,5.858880310175,0.009607182776703574,0.11632166353339259,0.10772264222837863,0.1004473919691569,2.8171551462546267,2.837124223251294,2.8587087773019695
LA1358,O,shade,low,amphi,2.8455283457641203,-1.6634965447522234,0.6135876773378305,0.11264662530825,0.011784074945973232,4.5759573282,0.008247859849574875,0.09909507065845931,0.07035495951807383,0.056046863290230196,2.8599595999537657,2.949243387948939,2.994961371795399
LA1358,O,shade,high,amphi,2.8455283457641203,-1.181521222694388,0.6135876773378305,0.25702353569,0.019848731912004557,4.894153500475,0.012103905827682802,0.1463928742184476,0.10788178079691906,0.0834701962092145,2.737565443527874,2.840254792379217,2.91615237852743
LA1358,O,shade,low,pseudohypo,2.8277693853039696,-1.6906445692531944,0.39556945939705823,0.150589891505,0.009848193590273285,4.773901220975,0.0071572189311805865,0.10765582986751013,0.08207280508391421,0.06527556677370264,2.8381636160200134,2.910626520190119,2.9635897433183516
LA1358,O,shade,high,pseudohypo,2.8277693853039696,-1.3059168640409688,0.39556945939705823,0.21388895385,0.018259745229594986,4.67250238165,0.012052488009879556,0.15029026842743035,0.11972001603585672,0.09910246198345705,2.7386574303800146,2.8006074799555556,2.8674719606676464
LA1358,P,sun,low,amphi,2.7245115486338607,-1.1812940231889133,1.467829088169842,0.2247611513275,0.021971477019255024,4.74725624075,0.013243565839594573,0.06187957498513244,0.0344058701633906,0.027204414475808344,2.9752271273538593,3.0664621190774795,3.089151858981666
LA1358,P,sun,high,amphi,2.7245115486338607,-0.9719819492419162,1.467829088169842,0.2425853398575,0.01064494067869263,5.36845323005,0.007014395735255077,0.0755277621309452,0.0564324703967785,0.04717744461354854,2.948976464111836,3.00239505914459,3.0288772404003357
LA1358,P,sun,low,pseudohypo,2.6461043807071976,-1.2445536179666326,1.0905037745244721,0.34204147978,0.008570775285837731,5.07697412745,0.004760515633340084,0.06725598935247315,0.046820848516573775,0.033105170916390377,2.961293045858133,3.0176595293573962,3.063583622813832
LA1358,P,sun,high,pseudohypo,2.6461043807071976,-0.995543014861078,1.0905037745244721,0.1293678262745,0.009419703419436874,4.92234318125,0.006167751733019785,0.08227666905837136,0.057564157281785475,0.051500398625586086,2.909362365416798,2.982945150602116,3.0029183207242487
LA1358,Q,shade,low,amphi,2.7808554033067456,-1.7068833005493054,0.7404529467793345,0.079719837386,0.0088729099320743,4.765656223875,0.00638667019912259,0.07742733331868605,0.06429245567507294,0.05571691219986546,2.9261014173759965,2.9573964563829973,2.9871018171796098
LA1358,Q,shade,low,pseudohypo,2.769092893575099,-1.9554571939101295,0.5555013638170058,0.05691009618425,0.00885670403950838,4.57296323845,0.006636834162748275,0.06547069485320849,0.049647203566035455,0.04152677728734203,2.9633877845600147,3.0096186071231927,3.0381337438660325
LA1358,R,sun,low,amphi,2.8237791461595334,-1.0498138900464427,1.500694231119881,0.09979408222375,0.009860451785019007,5.012032502025,0.008760012317797019,0.11905157208571654,0.10545720150141161,0.09412780827279851,2.79334835861738,2.8371168278166152,2.870958924388866
LA1358,R,sun,high,amphi,2.8237791461595334,-0.6846988808815722,1.500694231119881,0.270595747695,0.014698246698776996,5.2274956585,0.010205244290477072,0.16105285501799718,0.14235549869675418,0.124926432786281,2.669221111527605,2.7282611705281443,2.782794886832954
LA1358,R,sun,low,pseudohypo,2.8021308857141776,-1.0577347857229575,1.2198111327979424,0.031144508306945,0.012860354414816874,4.93542409725,0.012087583912819793,0.1074267428514283,0.09592082476096997,0.08780837429125062,2.7871532763526727,2.828567185875904,2.8592979610011855
LA1358,R,sun,high,pseudohypo,2.8021308857141776,-0.6319407240551367,1.2198111327979424,0.306708667095,0.008650678005029581,5.3099018405,0.006420211529996669,0.151735730562271,0.1312132515260482,0.11524770410996897,2.643155930990387,2.7229157719929695,2.7814529665782532
LA1358,S,sun,low,amphi,2.977196756985535,-1.4804910392227133,1.5749394022454666,0.41303637342,0.014618695573067334,5.272036994725,0.008960726268537023,0.10488193152262344,0.08077096470976133,0.06166760184926658,2.839028913779002,2.9150951601700035,2.975458233836088
LA1358,S,sun,high,amphi,2.977196756985535,-0.5255348432396627,1.5749394022454666,0.33725524739,0.011920314391983522,5.2326532211,0.006459977258104995,0.2122253575258793,0.14046099167944412,0.09077387583386412,2.4626183153299155,2.7099374397614535,2.873612296051898
LA1358,S,sun,low,pseudohypo,2.9118485392817037,-1.6784847830964085,1.1591281552060737,0.282650854565,0.013437927841443252,5.132471802325,0.008779774977551896,0.09154960677803023,0.0741736687920405,0.06274272895975853,2.8656972042835074,2.9231171768857447,2.96002513974112
LA1358,S,sun,high,pseudohypo,2.9118485392817037,-0.8361003967105791,1.1591281552060737,0.12236072684275,0.007651748999334946,5.352930467325,0.005908414858963123,0.17246400110603297,0.13219687486670584,0.09960965482991901,2.587581391071642,2.723089371703682,2.8379532232217732
LA1358,T,sun,low,amphi,3.0178904310481647,-0.9152436132742,1.6284743442564211,0.4329359565575,0.00947388610352562,5.1342233461,0.0048480229667057385,0.24177358420134568,0.16621009480528573,0.10964702997415936,2.352931334482747,2.6212830498130444,2.816744215492191
LA1358,T,sun,high,amphi,3.0178904310481647,-0.27101165339106487,1.6284743442564211,0.2077335344425,0.021708309211137516,5.666191554325,0.01818286642486154,0.35790927159546426,0.313781268777586,0.27134829221059514,1.9606899577368324,2.11996121969277,2.2733769575893783
LA1358,T,sun,low,pseudohypo,2.986128117953217,-1.3721532290151486,1.289163533525201,0.14531549987125,0.011564112544809827,4.704973331775,0.007218886632850133,0.1686327592694318,0.10929505247297541,0.08430133316192674,2.6043183591635737,2.8066944512900895,2.894781171392413
LA1358,T,sun,high,pseudohypo,2.986128117953217,-0.6305489790637788,1.289163533525201,0.25561990534,0.03385638247143709,5.35306683185,0.02117089999142683,0.2792094441758014,0.2282983307532014,0.18263571911091,2.2434895054295154,2.4272702154211503,2.582404724487723
LA1358,U,sun,high,amphi,2.9649827722200977,-0.7944916406106867,1.4976482483358984,0.5229692595975,0.022516079463312237,5.290284323825,0.010295298723078104,0.2640622058867981,0.18596694550213566,0.12445185861444809,2.263013530766622,2.55493893669397,2.767011296162396
LA1358,U,sun,high,pseudohypo,2.90057304361422,-1.1155681363518826,1.1861025416725894,0.2295861876525,0.0051051883566129155,5.081051706525,0.003256423062622641,0.2070764421983506,0.12379049157172042,0.07085818528257247,2.4625593603346365,2.761000431428745,2.937360157674663
LA1358,V,shade,low,amphi,2.7279383717546346,-1.4284646023697978,0.6437789348701235,0.5419091447025,0.01704993564799446,4.985088774725,0.011514749052695412,0.10667970018931637,0.051928814620017825,0.04176938302622973,2.8365219598060447,3.0234259165198436,3.043883682723536
LA1358,V,shade,high,amphi,2.7279383717546346,-1.4598223326762751,0.6437789348701235,0.3438578417625,0.009956053464895077,5.068758821125,0.005939122340806429,0.1090011333353916,0.07978434081779433,0.06103905868306963,2.8829816320661648,2.932248553994813,2.9908412553582213
LA1358,V,shade,low,pseudohypo,2.71737939929029,-1.602920376913721,0.5359910100268318,0.2354527031875,0.016479278338298056,5.0164193976250004,0.010421937168658638,0.10635692014860235,0.07665280714554358,0.06028930743011914,2.8107979497934648,2.9196950955354644,2.974110245962796
LA1358,V,shade,high,pseudohypo,2.71737939929029,-1.6740014953284443,0.5359910100268318,0.747445911735,0.03757487109649841,5.900088341525,0.01472709124903871,0.10822276370520524,0.09389170412571386,0.08223738732684645,2.8320270566835672,2.8805940781179706,2.9194838348683114
LA1360,A,sun,low,amphi,2.9313058054967325,-1.5791425829720875,1.3235194461434368,-0.02762139421873725,0.025009315109068793,4.5573982388,0.02161678132870267,0.1581664025691792,0.14349413721829712,0.1380647622798237,2.6654320573233736,2.695002620659441,2.71469061891283
LA1360,A,sun,high,amphi,2.9313058054967325,-0.5623582414705689,1.3235194461434368,0.243781790285,0.015596226846204106,4.89264402565,0.009800218251197998,0.30831649389233257,0.2428589511029893,0.19535943865625982,2.120043879997874,2.34821419895247,2.511121703638666
LA1360,A,sun,low,pseudohypo,2.8474931213012646,-1.6193163633142449,0.9493756813246108,0.036975198643471,0.025001618294030845,4.96636066695,0.01806752445627035,0.1534684212273559,0.13524599241177593,0.11953077664020512,2.654387629430439,2.706127664875577,2.761369968207098
LA1360,A,sun,high,pseudohypo,2.8474931213012646,-0.7870794986634052,0.9493756813246108,0.298704584945,0.013210385105692711,4.93253317385,0.007771920721663803,0.26551949772315486,0.21670887069164438,0.17664942828172678,2.2493981522436965,2.4313340373667516,2.5765394234545393
LA1360,D,sun,high,amphi,2.772922232401327,-1.237964563255926,1.6759614968140217,0.0870038599035,0.009955810623066767,4.595465695975,0.007360634051342018,0.12784913433125128,0.08775573648648499,0.06808670158460402,2.7583213222850618,2.895090278267802,2.9549666883460253
LA1360,D,sun,high,pseudohypo,2.7124895372504483,-0.5124877082359726,1.135955721401257,0.109808849193,0.006661946456845124,5.193405738,0.0045124286404202105,0.2673221858681104,0.15488458173085268,0.08387665094896375,2.203456468138047,2.635094695933232,2.893516253921173
LA1360,G,sun,low,amphi,2.984249550369402,-1.3005769583478066,1.7645829676624971,-0.004363299874070525,0.01794959302395485,4.829404718525,0.012597362645630874,0.1934473174777534,0.12639492825280568,0.0999555365406463,2.53381365494951,2.758553906110202,2.8480520803811493
LA1360,G,sun,low,pseudohypo,2.9856570569911702,-1.7878111689093008,1.3679005253180245,-0.14152379903375,0.00934915112411909,4.58404421815,0.008350731877043535,0.1339520892083927,0.08892691524592566,0.06824725409942878,2.7676020712233513,2.8608834020869924,2.946820191503256
LA1360,H,shade,low,amphi,2.9144429033419628,-1.4297122738557264,0.7710556322571177,0.130989451425,0.004587359944866909,4.458698777325,0.0033225413855591077,0.1597996295491422,0.09839955329792888,0.06896643627718863,2.65085914023953,2.854404187055506,2.9493726514414518
LA1360,H,shade,high,amphi,2.9144429033419628,-1.1082362155085719,0.7710556322571177,0.12424566702475,0.009662179643033755,4.54993389275,0.007062428227789686,0.19838790921551716,0.14866574002609198,0.12236621747068858,2.5065268754754753,2.6782461518039318,2.765914407125943
LA1360,H,shade,low,pseudohypo,2.841973785815984,-1.1185237942895117,0.3491492380926377,0.2015183184425,0.010430441039447331,5.089468523575,0.0065878506478263665,0.1872074966651168,0.11461255448893677,0.0674330301256289,2.5239231922760195,2.7769379856583623,2.946628563276639
LA1360,H,shade,high,pseudohypo,2.841973785815984,-0.8115329073653409,0.3491492380926377,0.3367595295375,0.010004471582535472,5.17006069255,0.00555546194223508,0.23157561551872513,0.1709611022275733,0.12757990786406087,2.384427619497142,2.5857151925383555,2.7401429413305785
LA1360,I,shade,low,amphi,2.98630147840246,-1.26463583827247,0.27393266339455075,0.21921302846,0.02248071412846641,5.08904779365,0.015117354920990676,0.1697742352353518,0.10426631509468141,0.06503716297961634,2.608695490316637,2.8291981796572827,2.9611738000366965
LA1360,I,shade,high,amphi,2.98630147840246,-0.7463331062846325,0.27393266339455075,0.149805574315,0.010706360000221139,5.7037078294,0.009709702032644261,0.23767880011125267,0.19056041121309786,0.15019899637457132,2.3656257284540168,2.5247072860254356,2.664280426771329
LA1360,I,shade,low,pseudohypo,2.9665126285187013,-1.5299895551863987,-0.14535112761086866,0.175726046965,0.019063486332825317,4.98175535575,0.012324659977748224,0.1404877714610907,0.07887239161776846,0.04244289468166791,2.695415536056335,2.912977294282051,3.036974112172995
LA1360,I,shade,high,pseudohypo,2.9665126285187013,-1.0828199383695973,-0.14535112761086866,-0.06680598882,0.008220133106235627,5.391387876925,0.009403989478736084,0.186668728133072,0.15003384743592518,0.11888540364982698,2.530603358135687,2.6592155470894534,2.7697700096759474
LA1360,J,shade,low,amphi,2.9221035042485792,-1.1908773859549024,0.47623593961300403,0.41121635817,0.012599403813175706,5.09600630115,0.006086469077118559,0.17736663636004454,0.08384540897612894,0.04291286147282583,2.587100738552631,2.90422273457344,3.0372085366315393
LA1360,J,shade,high,amphi,2.9221035042485792,-0.9734360240477402,0.47623593961300403,0.4047042891725,0.01551979449808785,5.163497234475,0.007934924506590802,0.20321755776662484,0.12364150966462853,0.075871293161078407,2.4948953492840515,2.7683411526696857,2.9281936524319603
LA1360,J,shade,low,pseudohypo,2.9146538810178866,-2.0129486515693817,0.3725582842877576,0.09914328591025,0.004693374126777768,4.53829464405,0.003262064453750069,0.093499575592598,0.045295098753903085,0.02747036901944905,2.8677739314888298,3.0307367435229673,3.087963795427081
LA1360,J,shade,high,pseudohypo,2.9146538810178866,-1.0960629509751203,0.3725582842877576,0.39971620878,0.013892901754739144,5.0862400082,0.006955847407440496,0.1798546540404013,0.09280119473373351,0.045272578374284944,2.550072293748098,2.860262466945573,3.025086709691303
LA1360,K,shade,low,amphi,2.958398733650599,-1.5820064853147884,1.1441932659242882,0.06846883025325,0.011038268207139119,4.7329217086,0.009202449467257923,0.16092456811127853,0.12232822875228799,0.09931702585507607,2.633554844734448,2.7627190093106657,2.8426505927708465
LA1360,K,shade,high,amphi,2.958398733650599,-0.8114101411250884,1.1441932659242882,0.3450369101825,0.018093084671163634,5.01547225395,0.010143930710337519,0.2721856341093779,0.19229468402461128,0.13380592309582123,2.240520816204546,2.516202070966971,2.7216808142983107
LA1360,K,shade,low,pseudohypo,2.928857828551751,-1.9159611550754305,0.8945529518924583,0.106572184136,0.026082059325926558,4.935209972475,0.018902237683301272,0.12376874064324156,0.08929833601924854,0.08285622584863599,2.7537443136183484,2.877168728808928,2.895987691864631
LA1360,K,shade,high,pseudohypo,2.928857828551751,-1.222233096649842,0.8945529518924583,0.117255023819,0.006979962358222576,4.607601430425,0.004979986313423178,0.2045389893405106,0.1467939446245403,0.11857153055851155,2.4887148671961405,2.6883412728420297,2.7857293893500157
LA1360,L,shade,low,amphi,2.975043386602283,-1.7100353158288495,0.6976403440992361,0.28003462189,0.0111753166259457,4.580063480675,0.008202682767496859,0.15222730050100713,0.053398988514399365,0.036960790219756574,2.6723850746566367,3.0133682066172,3.056295121594211
LA1360,L,shade,high,amphi,2.975043386602283,-1.391763906112252,0.6976403440992361,0.305802585365,0.01251325255068248,4.7884675058,0.006782496445640441,0.1938673620800237,0.0992214436466052,0.05564790250041211,2.540754561713736,2.855391582087749,2.996208567616254
LA1360,L,shade,low,pseudohypo,2.9121881408595187,-2.6341158629082604,0.39503149247664165,0.06372116987025,0.004285057460135932,4.22938976975,0.0030189129942334576,0.06982364212443301,0.040870646498593725,0.03221822180423379,2.9509886695275,3.0385704490339216,3.072207634545509
LA1360,L,shade,high,pseudohypo,2.9121881408595187,-1.6014020807556095,0.39503149247664165,0.1779781388775,0.007407578818285465,4.664124513175,0.0048646029839008054,0.16010616775250908,0.09408153383510565,0.05906303871982008,2.655747982759218,2.8804562135736727,2.985589826956671
LA1360,M,sun,low,amphi,2.9197598799718425,-1.3697120530260631,1.6560696823504188,0.12257457188425,0.0089467998367208,5.1861871109,0.006694589021036428,0.16148058011177502,0.10845145027956994,0.07134607552547334,2.640659413800088,2.820805789907345,2.942297999344578
LA1360,M,sun,high,amphi,2.9197598799718425,-0.712456402488894,1.6560696823504188,0.2266077114225,0.019724778609456158,5.32904830585,0.014218051665303348,0.25149907767599455,0.18759373792717604,0.14005759348925453,2.3423449678042094,2.545674937330501,2.7094330247334195
LA1360,M,sun,low,pseudohypo,2.8543723521501687,-1.0855229414061156,1.310007819234369,-0.0076852356373825,0.003721128936756673,5.273628128275,0.0034500741620273755,0.20922661228657902,0.14200940907798973,0.09581061197588289,2.4524858161618766,2.6840184892635337,2.8509054808774823
LA1360,M,sun,high,pseudohypo,2.8543723521501687,-0.6016497568860196,1.310007819234369,0.2846892490625,0.016452581372494602,5.587131476025,0.011352855859773157,0.28763728167933816,0.225446130397574,0.1725076924531615,2.1865652046842277,2.400458356522414,2.5897981015863145
LA1360,N,sun,low,amphi,3.079196390382256,-1.3788067196958407,1.7620638738698986,0.12499258984675,0.02816185876120113,4.92438629425,0.027418873479452554,0.20121257648347549,0.1719517276632897,0.15499532219110956,2.526895778972791,2.617047089368132,2.673006707238027
LA1360,N,sun,high,amphi,3.079196390382256,-0.5670711899568323,1.7620638738698986,0.48838651461,0.01593770656424398,5.091925138725,0.008319241622473838,0.3357198403129679,0.2587859375077696,0.197201543302937,2.0584485600538756,2.3178552227562035,2.522980362969394
LA1360,N,sun,low,pseudohypo,3.066840752988072,-1.6532291500559604,1.2956013211452044,0.2889335965525,0.035152449100357856,5.3554239691,0.020818144694682857,0.1561898614625704,0.13962056836660627,0.12520244678378217,2.6601319556285867,2.7153846297513264,2.760616466978516
LA1360,N,sun,high,pseudohypo,3.066840752988072,-0.892310786836558,1.2956013211452044,0.574604348845,0.015169598264529622,5.4972913697,0.007001711582487385,0.26235810096452333,0.20745242762859967,0.1606234792167286,2.301309562686679,2.4880772467917884,2.643979666131958
LA1360,O,shade,low,amphi,2.957699112280317,-3.024668080689065,0.6802960697772698,0.04012427650025,0.0057045484878151965,4.441144648975,0.005167834367594573,0.058063510299572386,0.046620967489494666,0.04237811417793619,2.9866375368431415,3.024143373786143,3.037156514738207
LA1360,O,shade,high,amphi,2.957699112280317,-0.9403829078535396,0.6802960697772698,0.295462905975,0.016453277225696183,5.47680069545,0.010015847088162461,0.2636194488890239,0.14954494195755932,0.08329542777231161,2.291170220073221,2.6682856821800844,2.8966900120855796
LA1360,O,shade,low,pseudohypo,2.9450051767434005,-3.1974802332142187,0.5082700956710978,-0.028753174276075,0.005079710563447271,4.54829908845,0.004897721201779378,0.048738745809367864,0.03943194384576197,0.03506218785141951,3.017387243828659,3.0462599465979796,3.0617718691641413
LA1360,O,shade,high,pseudohypo,2.9450051767434005,-1.2192488479566401,0.5082700956710978,0.2201074669125,0.01454308717222764,5.194249770625,0.009095967334034363,0.21360821897724647,0.12307461156680401,0.06867101399023393,2.506052708329558,2.7756016013016804,2.955784259919729
LA1360,P,shade,low,amphi,2.824678126214525,-1.4988268804454605,1.1035630815542261,0.05525844256525,0.0060507067182971035,4.717483179275,0.005090538168827045,0.1538978263536223,0.10869922866869909,0.08888611157826415,2.6615851731643376,2.8154034141519615,2.882267811748834
LA1360,P,shade,high,amphi,2.824678126214525,-0.7661278580497716,1.1035630815542261,0.2693608552625,0.01781964813859025,4.93856663185,0.011443143390626114,0.2534867698804627,0.1808800674645213,0.12856016388578564,2.322996509732087,2.5723673538900584,2.7474491720936745
LA1360,P,shade,low,pseudohypo,2.7897073177143072,-1.9613690938714026,0.8968808953720693,0.05163341733675,0.00879909414138671,4.577563851525,0.007161600558006281,0.10261136721921055,0.07825360274192483,0.06425886463547457,2.8367095588440203,2.9209980300665066,2.959098259781349
LA1360,P,shade,high,pseudohypo,2.7897073177143072,-1.1073280118504627,0.8968808953720693,0.116270114296,0.00643480760960868,4.871595344925,0.005179094527525589,0.18750948925469552,0.13296524598631587,0.09132162159818039,2.536418225672318,2.7249605645464228,2.870693060809229
LA1360,Q,sun,low,amphi,2.9297741287922427,-1.2718177244418614,1.5514604558048044,0.1753469131505,0.027940522889134962,4.9617545149,0.022398171264900194,0.21169156101400058,0.17470240125413208,0.14991181182423988,2.46924077813509,2.5900445098831097,2.6743235233285274
LA1360,Q,sun,high,amphi,2.9297741287922427,-0.4431046705126238,1.5514604558048044,0.351356382565,0.016617740597866287,5.22095808905,0.00999167064265269,0.3384829408565098,0.2752206783410327,0.22648438333441281,2.0183269975258593,2.2378001944082198,2.4120788926751446
LA1360,Q,sun,low,pseudohypo,2.8746554820261028,-1.4449314594919587,1.0916650336477163,0.102693410017,0.009895703603267293,5.161139375825,0.009666159976272614,0.16124759751680295,0.1214034007569364,0.09429229997707325,2.627569290451702,2.757346804979444,2.8549839037707008
LA1360,Q,sun,high,pseudohypo,2.8746554820261028,-0.5894733943965876,1.0916650336477163,0.30402514844,0.008939773534108575,5.503573819775,0.00540805424931206,0.27916554723278797,0.22689035323095377,0.18192394192375713,2.178151176113272,2.3703554475695534,2.5410621338947004
LA1360,R,sun,low,amphi,2.9360451865445856,-0.7862147542785727,1.4600525999172715,0.12714170791,0.01046780842979695,5.1023873265,0.009589108869690218,0.2737016595719547,0.2150194890463046,0.16913059849528567,2.2569115714872368,2.4599920186702873,2.6171553493112816
LA1360,R,sun,high,amphi,2.9360451865445856,-0.379817898074992,1.4600525999172715,0.4204027364575,0.020126590200066373,5.5101295246,0.012494363246753725,0.35221970706613615,0.28698033505585796,0.22817255605940873,1.9935540215793437,2.2313207961038093,2.429121792040133
LA1360,R,sun,low,pseudohypo,2.888817216722641,-0.9925568692794443,1.0474160061878404,-0.05861765341297025,0.03164549384340475,5.42410707715,0.049656513776421954,0.21762918881665166,0.19065949114520642,0.1695512972311505,2.4176424045616445,2.521685671528882,2.5986624976357033
LA1360,R,sun,high,pseudohypo,2.888817216722641,-0.700735383719855,1.0474160061878404,0.361175238195,0.026516089114114648,5.70258361255,0.020069210200215223,0.2785086188882969,0.2527313072358579,0.22744641950592076,2.250947669807447,2.345664763271799,2.4347881563403324
LA1360,S,shade,low,amphi,2.9160052180659997,-1.4993639976811184,0.9204533277039405,0.07789909825075,0.004681879158378227,4.858128992525,0.003776125146446697,0.12787219880129683,0.09139028194453366,0.0700487059249361,2.755609324380208,2.8768383117326675,2.9490029815372902
LA1360,S,shade,high,amphi,2.9160052180659997,-0.7736801389692409,0.9204533277039405,0.15027496722,0.020859306541638763,5.4385299294,0.01789590078243759,0.2163007436574001,0.15752241090505337,0.11109393746116038,2.448924974345542,2.6504305687508576,2.807522400590679
LA1360,S,shade,low,pseudohypo,2.888115884162084,-1.7357087728683793,0.6107128416590366,0.065412296139,0.003367454925544024,5.1982682057,0.003825591760981293,0.1319443523211329,0.11287052157574962,0.099227650248813,2.7268476184289128,2.7926549043293676,2.844017109409127
LA1360,S,shade,high,pseudohypo,2.888115884162084,-1.2033493074084143,0.6107128416590366,0.12037627487375,0.009412432638376123,5.423979367225,0.008410210396698606,0.1796976257975799,0.15071730781311796,0.12844343382856177,2.5597729726267344,2.659332737239375,2.739727086386712
LA1360,T,shade,low,amphi,2.905785441272121,-1.3083338080957454,0.9670670256732278,0.0403072748889,0.011529746698121207,5.0451726751,0.009369039484874745,0.19384212007077478,0.10357728917308201,0.05306412053033434,2.5191340594722305,2.834417040697249,3.0040173831234163
LA1360,T,shade,high,amphi,2.905785441272121,-0.9215496896198107,0.9670670256732278,0.109335789247,0.0084611764735392,5.2691620658,0.006732079054722247,0.2631860883580159,0.16537524019794442,0.10110830204536696,2.323398965729611,2.6374185621561166,2.856987579711638
LA1360,T,shade,low,pseudohypo,2.8785140221616587,-1.547844891067279,0.6316477035186934,0.10159219472775,0.012891056610527132,5.06997487925,0.009631534036766915,0.16864555369601064,0.10050282238472168,0.061794180415364726,2.612409339569769,2.844512930828395,2.9760583154627613
LA1360,T,shade,high,pseudohypo,2.8785140221616587,-1.0049675804312632,0.6316477035186934,0.096500749657775,0.020746055593096592,5.4294302848,0.018497857234824614,0.2486737976828664,0.1654936606941964,0.10865513085669012,2.3741215590912956,2.643329311504699,2.830076767222138
LA1360,U,shade,low,amphi,2.9435257607996053,-1.427525772672392,0.9567075504063007,0.2652633598725,0.024022298976308035,5.286185446775,0.01331748384954607,0.1566119781948213,0.0724132199059403,0.03059754582151716,2.6670381201096194,2.952006237501062,3.0779288075720954
LA1360,U,shade,high,amphi,2.9435257607996053,-0.7841503838958278,0.9567075504063007,0.251306581975,0.016788387325833175,5.645823051125,0.011329053932036105,0.2507164792173579,0.14783111682658304,0.07854100739329571,2.364534641264114,2.7157506669510054,2.927796204716654
LA1360,U,shade,low,pseudohypo,2.927043090923799,-1.5363132937508954,0.8202655654515151,0.2975668514775,0.024810007347164768,5.311456239425,0.01276482360010621,0.14490251224984488,0.06304911968931685,0.02535645271216783,2.706704224086417,2.9891543231806086,3.0961262258628666
LA1360,U,shade,high,pseudohypo,2.927043090923799,-0.9725374929594203,0.8202655654515151,0.1897619511875,0.011401633186027122,5.57915309485,0.0077418012393670925,0.22325148994402216,0.11571577980493145,0.054329846027972445,2.470164894874231,2.826263080435157,3.0176903737800727
LA1360,V,sun,low,amphi,2.898768874308901,-0.900441384210069,1.4835032060558322,0.089380646319,0.007939284054547177,5.1326061964,0.008694293101682949,0.22346761993350867,0.17312375661994123,0.13909299762883806,2.4237863061364378,2.598722890588371,2.7149207166157807
LA1360,V,sun,high,amphi,2.898768874308901,-0.3515086988141999,1.4835032060558322,0.14732033472225,0.015123408167605249,5.16125159155,0.012209894225086887,0.31935951450251227,0.23882092096598778,0.18144666474599316,2.110650168901228,2.3787870093250243,2.577985005758898
LA1360,V,sun,low,pseudohypo,2.8460648862168685,-1.151954985941916,1.1337994568335519,0.0403725770685,0.005459062733981573,4.9722846114,0.005443682849115157,0.18262772425993862,0.1415838134252381,0.1160109673683409,2.550127200512065,2.6908765058983612,2.780760508564537
LA1360,V,sun,high,pseudohypo,2.8460648862168685,-0.732729376064207,1.1337994568335519,0.1159546860005,0.015161182510410603,5.2573160752,0.015413888305605413,0.25078568284579483,0.20853780043739795,0.16970784519703155,2.34452034748604,2.4851181484098124,2.6179853238080777
LA1360,W,sun,low,amphi,3.0183890477920317,-1.4300596671797823,1.3925841829360577,0.11474487628775,0.018794163700058826,4.689966409025,0.015164701713285999,0.15766571137805838,0.13122033599179886,0.12143834249742921,2.6384941972814726,2.733540348351494,2.767174451343877
LA1360,W,sun,high,amphi,3.0183890477920317,-0.5766193730911829,1.3925841829360577,0.1448822747325,0.012642988541730644,5.030641211075,0.011050375136869845,0.2722234448973207,0.21163215376228625,0.17021956976236818,2.243438476231547,2.464249916215963,2.603544781406089
LA1360,W,sun,low,pseudohypo,2.9841613195008185,-1.3045241114728008,0.9095409056630663,0.0650124065154,0.012579171500490585,5.07555430865,0.012689157317940975,0.15674430768900802,0.12365929692909897,0.09751798373077084,2.6272480527710145,2.7448392186472494,2.8361484281589764
LA1360,W,sun,high,pseudohypo,2.9841613195008185,-0.6435829040653483,0.9095409056630663,0.325040005005,0.011636335759979341,5.210916546375,0.008558250890841815,0.2455375750198829,0.19864774234317062,0.15806083844811916,2.3142577898213847,2.487458757665358,2.630888532252719
LA1360,X,sun,low,amphi,2.9274536383766985,-1.2475501022412954,1.4566648796244113,0.1188744692545,0.007903632149181569,4.709786110725,0.00552816183418401,0.2125262374398982,0.16750445532223202,0.14785090087846833,2.4752700595354966,2.6272157726732868,2.69333982914471
LA1360,X,sun,high,amphi,2.9274536383766985,-0.5234047208078711,1.4566648796244113,0.2234693631445,0.03473787917621311,5.0257691958,0.026871801789615107,0.33589238542998984,0.2443099985005524,0.1686919725805191,2.0615332359183243,2.3697022714865694,2.61748332877018
LA1360,X,sun,low,pseudohypo,2.88380819192133,-1.54532423380732,1.0323313293977878,-0.15080938248,0.00956530827842122,5.040206619875,0.012351646042241328,0.15318128884617918,0.13626735880168844,0.12762818730322964,2.645217932921084,2.7054152684076573,2.739276183468709
LA1360,X,sun,high,pseudohypo,2.88380819192133,-0.920524390300825,1.0323313293977878,0.2432800426275,0.025210918876401187,4.99234900795,0.018138407707873807,0.2515382283276389,0.20010087861461343,0.1612877633868232,2.3906810018805067,2.533112841132981,2.6584982124802696
LA1364,D,shade,low,amphi,2.9188176831429704,-1.075995260400662,1.082416483024875,0.28828390886,0.017334333093162985,4.788450634825,0.01872377240587876,0.22749347796687727,0.045235298491177175,0.04021474969575176,2.428993813148588,3.0331955292193418,3.047662510452791
LA1364,D,shade,high,amphi,2.9188176831429704,-0.47345493420040996,1.082416483024875,0.2620275955525,0.024544816508522277,5.7517972952,0.02009953220549378,0.33006948899492505,0.19683556413489806,0.10815319418334485,2.0738663467216885,2.5219010888036677,2.821616619850852
LA1364,D,shade,low,pseudohypo,2.841365045664669,-1.1187951584671185,0.6843256854114973,0.463976714085,0.03282592169734512,5.31732486105,0.019915007263376742,0.2289714835674014,0.16059027330488657,0.05235743221766465,2.4066914818763334,2.6467769021525527,3.0090405859404536
LA1364,D,shade,high,pseudohypo,2.841365045664669,-0.8225018772608597,0.6843256854114973,0.51940495456,0.021781070550745373,5.31559511405,0.010176019040384846,0.272975391440146,0.18366258040140335,0.11369712069227296,2.257496777760674,2.568577993053184,2.802543623953975
LA1364,F,shade,low,amphi,2.944130547251573,-1.5046226828535645,1.268626013843326,0.1769403662425,0.009663726384447343,4.976887943925,0.007364334379262362,0.17085429172634312,0.06507829155684114,0.04380008609596544,2.6032240255834305,2.9633032925141443,3.0348049258145173
LA1364,F,shade,high,amphi,2.944130547251573,-0.9452237277175274,1.268626013843326,0.3966145710875,0.018497897572497105,5.49542100065,0.010507701407455241,0.24888171003493176,0.14428853185968651,0.07976399857667728,2.3214390441147,2.687554974108248,2.90750353591212
LA1364,F,shade,low,pseudohypo,2.8804889731348373,-2.178328639686222,0.7802261286837472,0.02177953318469675,0.02005872820812682,4.85165777415,0.016062446304645615,0.10241196887689458,0.06908220481275824,0.04732309842364933,2.848529771320521,2.946772148907871,3.0225003982606116
LA1364,F,shade,high,pseudohypo,2.8804889731348373,-1.5729133443867163,0.7802261286837472,0.266048919085,0.014990538157355906,5.125643290075,0.009131453061819833,0.1621127289542515,0.10517670193743117,0.06603145043412507,2.658325543743665,2.8277213187533716,2.9566968926867854
LA1364,G,shade,low,amphi,2.793267729152608,-0.8329774276727748,0.6327860247084632,0.6007543580775,0.007060594135539372,5.271763786675,0.0029663448740643635,0.26518820840609697,0.14634095967628344,0.093355916024455865,2.250251047715879,2.6843494073212053,2.8655969137262787
LA1364,G,shade,high,amphi,2.793267729152608,-0.5897565457900439,0.6327860247084632,0.3814915637075,0.012935598885809132,5.49518736845,0.007499846779045013,0.29942582098263054,0.22275499188029121,0.16883435571076136,2.1248077740811793,2.4065462997605924,2.601869179439867
LA1364,G,shade,low,pseudohypo,2.6754780358381214,-1.08600702196759,0.01559940345160866,0.6214878354375,0.011946400942890002,5.272156678025,0.004337599252875859,0.19561643683816526,0.10446523539983721,0.05179365130874922,2.4805352478368823,2.8478614955736474,3.0034636211012367
LA1364,G,shade,high,pseudohypo,2.6754780358381214,-0.9005111734222423,0.01559940345160866,0.4009651942625,0.02058926642391682,5.180366179575,0.011274078358831178,0.2256798790244601,0.16533117835857286,0.11630907700311927,2.395650449594233,2.6198739048626516,2.787778977390272
LA1364,H,sun,low,amphi,3.1163221353276978,-1.614209120761434,1.6350984992828315,0.15158060295925,0.0161642254747435,4.862833286675,0.010852149191351806,0.17014685244720534,0.12170941876694572,0.08796159368240085,2.611435273117915,2.7718125358248313,2.8847063535605466
LA1364,H,sun,high,amphi,3.1163221353276978,-0.35615136167411443,1.6350984992828315,0.2723256740075,0.008347588663444918,5.63146851055,0.005123723038340098,0.3562081018686914,0.2500799807324609,0.1641002233865319,1.919056688252892,2.309163500746373,2.6121185487567407
LA1364,H,sun,low,pseudohypo,3.0298488511353554,-1.4044483472884741,1.2205095730602178,0.11876196472425,0.0115462826035038,4.844386178525,0.008126313904863416,0.17774162336390129,0.11090383683492266,0.06585339629789547,2.575794174295942,2.801776820115666,2.95637355235485
LA1364,H,sun,high,pseudohypo,3.0298488511353554,-0.5323743412939677,1.2205095730602178,0.4364348080475,0.010602397781416887,5.55097205795,0.00577543786388199,0.29848651152353745,0.21860822598187854,0.14644492408626067,2.1088128940571913,2.41671303012801,2.677920551993142
LA1364,J,shade,low,amphi,2.818896170219413,-1.6207579412329147,0.682265681597448,0.213726523025,0.008789599437552515,4.875614860925,0.009222008591832493,0.17296362427671808,0.04196475406605397,0.03670636399408824,2.6071242150880782,3.0403416838129407,3.056613051034656
LA1364,J,shade,high,amphi,2.818896170219413,-1.0419982753240804,0.682265681597448,0.43892762322,0.015874105870471184,5.225107162725,0.012713335862684003,0.24613148219207892,0.06446072596325349,0.047707900320116514,2.326281726004073,2.956312185844725,3.0136542320136726
LA1364,J,shade,low,pseudohypo,2.8144668855684283,-4.090042456852429,0.1602539907175928,-0.09739657626725,0.016617562915876086,4.50903239625,0.01824944547575458,0.07274282179747467,0.06762523198523857,0.06446444283165464,2.936596513548289,2.953534234442038,2.9672613556874547
LA1364,J,shade,high,pseudohypo,2.8144668855684283,-1.7528491985555374,0.1602539907175928,0.410151835425,0.01768075338056034,5.174992302675,0.009176538682649286,0.1849854532206919,0.1286457252977362,0.09716643812108734,2.6186304253440955,2.7631294169356884,2.8642667733556846
LA1364,K,sun,high,amphi,2.9870066642711945,-0.7864546556100087,1.9678884154478236,0.178819716135,0.011542713563303813,4.774091110075,0.007775515060368646,0.29197370574829984,0.22459912757726008,0.18532779240851155,2.166166897024202,2.400769612748055,2.5377410168106334
LA1364,K,sun,low,pseudohypo,2.891331023944568,-2.0781725747463713,1.5224365728736213,0.089695529585,0.019181531285909336,4.934057439,0.012786453168936235,0.10939873451734734,0.07778664045506295,0.05595769341948781,2.8186648863984867,2.913171807625445,2.98949640977617
LA1364,K,sun,high,pseudohypo,2.891331023944568,-0.9890242864172112,1.5224365728736213,0.2047680249475,0.011946014091459295,5.150687734725,0.008023140085118353,0.23478344621086145,0.1621865549843448,0.10695978593572908,2.3683700225563795,2.627014147130212,2.818367084784292
LA1364,L,sun,low,amphi,3.040639356791134,-1.923555791955197,2.0226218235439486,0.12971991070225,0.013252885081979252,5.235777077525,0.009665684817450096,0.1444286113490582,0.12283170763649028,0.1153738925104845,2.685334562549648,2.7660747394646665,2.791334409080215
LA1364,L,sun,high,amphi,3.040639356791134,-0.8978726703874588,2.0226218235439486,0.255506710595,0.0165579469127889,5.07850469695,0.011055552503691574,0.27123073522508406,0.2200527095418707,0.17930635009350468,2.235461045890888,2.418135500828655,2.5632676223069883
LA1364,L,sun,low,pseudohypo,2.936738120523335,-1.8576375012916861,1.5771749968812725,-0.04656438679369825,0.01962134424211999,5.469709387775,0.020507500208850202,0.13613415381001903,0.12208359830785313,0.11237869212082169,2.7092337043777004,2.761755838063289,2.795228053106724
LA1364,L,sun,high,pseudohypo,2.936738120523335,-1.294766728380603,1.5771749968812725,0.27124091243,0.011612405222576958,4.97320691495,0.007099298251508912,0.1998288591100103,0.16305129465516405,0.13247378300200197,2.5063559725820275,2.6265698696239714,2.73477467489211
LA1364,M,sun,low,pseudohypo,2.8350554367367424,-2.880262261891359,1.4049502546208987,-0.06967324584575,0.012830175319941331,4.490782308875,0.011627796696887351,0.054639597808602024,0.044122183422384983,0.03912526360305817,2.9975547748188762,3.0223131187719483,3.04570768933572
LA1364,M,sun,high,pseudohypo,2.8350554367367424,-0.9424048391309024,1.4049502546208987,0.158429137705,0.010700720795299828,4.837544982825,0.0067733780447935986,0.22863410253998814,0.13920754626423104,0.08039456670145738,2.4091035417696536,2.7184351832535887,2.9063164122253857
LA1364,N,shade,low,amphi,2.9672335004216768,-1.3821609063034601,0.7203671817787117,0.14061967751925,0.010420731413526039,5.01649847265,0.007392044276473754,0.15207266457885105,0.10869297965476611,0.07464512977347042,2.699792807970645,2.827084513919691,2.936842824079673
LA1364,N,shade,high,amphi,2.9672335004216768,-0.8403008425118277,0.7203671817787117,0.24452547076,0.005364479112291697,5.410516053975,0.0036135325756277733,0.22230960090343524,0.17293988164186552,0.12962499474930816,2.466917620269238,2.628370639444509,2.7661559604541965
LA1364,N,shade,low,pseudohypo,2.9241485652011314,-1.5893714854792222,0.24128041458992017,0.347784684765,0.016043977591469503,5.289942070775,0.009821685082280816,0.10523337110483699,0.07970820366150289,0.059795799192991696,2.834046457291755,2.9147298525629104,2.9822806061574014
LA1364,N,shade,high,pseudohypo,2.9241485652011314,-1.1419703401490409,0.24128041458992017,0.17523548197,0.015059490522123919,5.3204729309,0.010640267771988652,0.1558776946038031,0.12486711165214177,0.09908203386927246,2.678859504387691,2.785970406306291,2.8634763482297365
LA1364,O,shade,low,amphi,2.850062815488969,-1.4254431171850512,1.2343082864864963,0.3865169421325,0.015380373936227902,4.950478891175,0.007443207331294007,0.18470082200765195,0.08739759966225169,0.04699684845273921,2.5374376602976856,2.8896121257096676,3.0226625364375255
LA1364,O,shade,high,amphi,2.850062815488969,-0.65312233378329,1.2343082864864963,0.3009731592425,0.014280687157556551,5.57587346175,0.009727286293526647,0.30278941335397236,0.19015955749762437,0.10733939930297985,2.122515710053137,2.5374523851841175,2.819349284043023
LA1364,O,shade,low,pseudohypo,2.7932417937176925,-1.7707919431665478,0.9593312549120488,0.1616929510775,0.009226870753532835,4.61794488675,0.00587379256825802,0.1340987326962935,0.06946654518697101,0.04043129338163016,2.7299709332159283,2.953212115830236,3.043357340085025
LA1364,O,shade,high,pseudohypo,2.7932417937176925,-1.0020215718927656,0.9593312549120488,0.3348737686675,0.019951285670277326,5.459187286975,0.012201526733792649,0.23901120041872562,0.14464845495475182,0.08019692274662932,2.3717822210605375,2.7195779906222812,2.918162146352653
LA1364,P,shade,low,amphi,2.8913745122605947,-1.582342961168541,1.1702594676002958,0.319580189275,0.052206373795564906,5.24458671315,0.03506597480006563,0.14782807733507727,0.07384612786484337,0.04963692423116415,2.6825531920239003,2.934608527293248,3.0139806603232464
LA1364,P,shade,high,amphi,2.8913745122605947,-0.7389158278948486,1.1702594676002958,0.01154319239683425,0.013623800088105866,5.632927789875,0.014933298722998119,0.2611234305174066,0.19606492911000947,0.13857960948267237,2.28185029682497,2.519523929697215,2.7194463416903982
LA1364,P,shade,low,pseudohypo,2.8372089507959526,-2.058559945151984,0.7751673191650602,0.2683501204965,0.03944480705427049,5.015960612125,0.07157001122270512,0.10063031026030315,0.07767543837376656,0.05656216918958016,2.836795540897371,2.9183486775625216,2.9863464555265824
LA1364,P,shade,high,pseudohypo,2.8372089507959526,-1.0886069860784704,0.7751673191650602,0.0513507517755,0.009743942796799182,5.610671095425,0.01087463219194582,0.21117949415912057,0.17013413465466373,0.134018529951056,2.475309319685156,2.6226565667394413,2.7421915420834977
LA1364,R,sun,high,amphi,2.986262965243044,-0.21931527550417648,1.8164754876580655,0.3470778108725,0.006506091376510565,5.541636945475,0.0039665635886243136,0.3280211339358415,0.24368326242807836,0.1697891321118905,2.0188593249331017,2.3263596851649804,2.597538367362321
LA1364,R,sun,high,pseudohypo,2.958285785586471,-0.9878691552134305,1.473559518990402,0.029950917663325,0.005615302117718689,4.867774361575,0.004542849089366524,0.20548417886648268,0.1519265344059263,0.10797403290631503,2.5224167442195253,2.6764890841465068,2.8276144780108976
LA1364,S,shade,low,amphi,2.911880217682242,-0.7621560926966747,1.2469354444889977,0.214796929664,0.031716506613125035,5.45441042425,0.023965043492756338,0.2653079984059443,0.15605400416416246,0.08384672852432172,2.2679255600846626,2.6658437915421627,2.9044951698375407
LA1364,S,shade,high,amphi,2.911880217682242,-0.4518216660555636,1.2469354444889977,0.348024002305,0.021299660719780778,5.495278747725,0.014308056772289517,0.3281239144056387,0.2500598101595047,0.180515400621646,2.087897093107159,2.355560656090442,2.594265469381804
LA1364,S,shade,low,pseudohypo,2.8365561197547304,-1.3888794204008266,0.8497379093614259,0.224677969325,0.01917476178395792,4.870308106475,0.011529140354198027,0.17257750089655044,0.11685607222468698,0.08083510712748071,2.626504251841955,2.8032693513674185,2.9123633264838853
LA1364,S,shade,high,pseudohypo,2.8365561197547304,-0.7261764786271432,0.8497379093614259,0.08718120674975,0.01202113790909369,5.672363080825,0.013561821751041281,0.2663871853792778,0.2153120420807515,0.17304913190892773,2.2991776338583056,2.4808598481441146,2.627155196407016
LA1364,T,shade,low,amphi,2.787481000079864,-2.755353903143196,0.8348541544348387,-0.04446039414217,0.017640041651177812,4.544745820175,0.01592393301929303,0.04290239832538483,0.0343246120054123,0.03094566502438992,3.033826946918358,3.0616538373236324,3.075311651286445
LA1364,T,shade,high,amphi,2.787481000079864,-2.048392795503962,0.8348541544348387,0.02204872105690225,0.011198585078791996,4.490956601,0.009126585783142467,0.07216199801950848,0.055719877160589584,0.04939725239503227,2.9497437541679075,3.0002983954477176,3.0261857983983744
LA1364,T,shade,low,pseudohypo,2.7303626733611215,-1.7646517012184368,0.4984220049348316,0.361885778915,0.02857499346773371,5.10860908375,0.016860429372570065,0.10791789100907569,0.07093711492078818,0.046520141492284055,2.8260294820406386,2.9381460684685026,3.0207727032824865
LA1364,T,shade,high,pseudohypo,2.7303626733611215,-1.361203724911025,0.4984220049348316,0.35873820393975,0.056517802722216515,5.411219314375,0.037841496768747665,0.14964188237227175,0.10629853622253688,0.07396631006850049,2.681945391793723,2.827722894366307,2.934602631926637
LA1364,U,sun,low,amphi,2.8044911539431667,-1.4247390251036747,1.7540504339907546,0.0052078724199383,0.005200322386648098,4.576919717975,0.004584706678306253,0.1477312216865913,0.12054740226595985,0.11268984188941683,2.682769145241007,2.774671369767511,2.8025619466599814
LA1364,U,sun,high,amphi,2.8044911539431667,-0.47184697836903566,1.7540504339907546,0.09345335439775,0.007126516873368424,5.0644145523,0.005658932189154583,0.28402164681431263,0.22536822820665817,0.17840685212418725,2.2022077672319647,2.4079400280363217,2.570300663585275
LA1364,U,sun,low,pseudohypo,2.7477685154242932,-1.5149857927035986,1.1846064365409912,0.007650289190067125,0.006303787895688205,4.772503119675,0.005826182634723494,0.14878605387490865,0.12329537907004814,0.11055771674781602,2.65439905517444,2.7469005248667027,2.7944180368397618
LA1364,U,sun,high,pseudohypo,2.7477685154242932,-0.6922889835471304,1.1846064365409912,0.13378466184275,0.007776100207206042,4.949257790225,0.005767405314317427,0.2539647167559077,0.21332474623670103,0.17642932484429155,2.2746804746494753,2.4235606753637096,2.561677435448886
LA1364,V,sun,low,amphi,3.076594224799495,-1.2317139735582385,1.5077232816958723,0.2534119608175,0.014231002607373026,4.931876538325,0.008381956209916623,0.1669822267066893,0.10934797114469219,0.07052215236103541,2.632993793667063,2.8207450994932026,2.9510269362386854
LA1364,V,sun,high,amphi,3.076594224799495,-0.36511290881835423,1.5077232816958723,0.3829556815725,0.012192555170842228,5.5042091894,0.006613389811841462,0.3032110605811033,0.19306385096265694,0.11099972911791528,2.1749107997340325,2.5507882599831984,2.8198980979637356
LA1364,V,sun,low,pseudohypo,3.006044230873062,-1.460512590612254,1.0864782474889247,0.2381134117275,0.017281541889605324,4.799171374525,0.01014253729170083,0.13199915901964487,0.08923818396605698,0.06801192896978138,2.7219670134188623,2.8851729537070674,2.951148769552417
LA1364,V,sun,high,pseudohypo,3.006044230873062,-0.5572052502224978,1.0864782474889247,0.349284290245,0.02152373902197155,5.704208881525,0.01282747517953657,0.2521736412633024,0.1677367076979696,0.10094161993134709,2.334680093412586,2.628884950305844,2.863139425831553
LA1364,W,sun,low,amphi,2.7429277659509146,-0.9723666649323018,0.7444476158097671,0.306578603925,0.015937836552715075,5.1520063378,0.009591651179889752,0.20810156755313203,0.13912669689625695,0.08989232066284683,2.500205380622448,2.723506277382012,2.885390443818435
LA1364,W,sun,high,amphi,2.7429277659509146,-0.4296291145558901,0.7444476158097671,0.471612277995,0.03205249081361731,5.573679312575,0.016656469332703643,0.3001745619827273,0.22025370021198043,0.15931139420622265,2.2075836525832884,2.4621236036051033,2.662900537905027
LA1364,W,sun,low,pseudohypo,2.7257340882079406,-1.046004048045111,0.5686947279547687,0.2609993697,0.015350679195074239,5.129150123775,0.01029089089509897,0.172540061606008,0.11185398881704624,0.06847953331053076,2.5965751164012127,2.8019502788777655,2.949374150018735
LA1364,W,sun,high,pseudohypo,2.7257340882079406,-0.47076133031791323,0.5686947279547687,0.31802664728,0.024515189473862088,5.599145216025,0.016717645219280885,0.2560588302985191,0.1924380258420353,0.13659008724080873,2.324793894627248,2.54118562037584,2.7267579347305104
LA1364,X,shade,low,amphi,2.684003948322132,-1.1120475252522581,0.9717385189388154,0.4017029628725,0.05843415059413216,5.65547269885,0.038272430974346114,0.21850023987938208,0.13976826441014,0.05471819567810335,2.4293996661742288,2.714302324293662,3.001220957572952
LA1364,X,shade,high,amphi,2.684003948322132,-0.7322950402666468,0.9717385189388154,0.4447829549475,0.021555876734354773,5.743199762325,0.012630414276820833,0.29074647925549923,0.17279744630160515,0.09619645839197291,2.2209193428435636,2.627437104773604,2.875351601883128
LA1364,X,shade,low,pseudohypo,2.627206432421032,-1.305692788928392,0.5959364594568933,0.4024091209425,0.05044495096374078,5.8237233678499996,0.03864351113612841,0.1868418086833812,0.10579560699779647,0.05548838144552726,2.533228227778427,2.8291475990631154,2.9964763251579063
LA1364,X,shade,high,pseudohypo,2.627206432421032,-0.9014377641282079,0.5959364594568933,0.4081676482825,0.020330394323796692,5.76241306515,0.012328368502805248,0.2580305721691381,0.1684022117680653,0.10403638316477314,2.384765788875404,2.6453770658525473,2.852917123829061
LA1589,B,shade,low,amphi,2.7783728323335857,-2.5478619281170682,0.8313325933972003,-0.29651419811,0.026782373828267952,4.7738003767,0.03648825867476671,0.0821431949463214,0.0709262731297152,0.06808190868570009,2.9089981013660413,2.9437026969086464,2.9539166271537187
LA1589,B,shade,high,amphi,2.7783728323335857,-2.2361802438758587,0.8313325933972003,-0.11426584295275,0.015278711955070327,4.209809227525,0.016358892334487608,0.09474762857315623,0.08594602628178327,0.08355464018714245,2.8604045266521583,2.8894088983113306,2.897461510306815
LA1589,B,shade,low,pseudohypo,2.7862388018757827,-2.666586309750695,0.7397013567808557,-0.086417339391,0.009895379057665174,4.600743107825,0.00989973334487556,0.05761053947283923,0.047221891892776646,0.041656839213833986,2.984284977387799,3.0214844094887634,3.0405198161787474
LA1589,B,shade,high,pseudohypo,2.7862388018757827,-2.0331568867169363,0.7397013567808557,-0.081927744436,0.011630682281171248,4.306816738475,0.01078449035472097,0.09525804931747946,0.07429135512759062,0.06633189607502184,2.858529378747261,2.9283502253751483,2.9542528851116074
LA1589,F,shade,low,amphi,2.813126025861223,-1.1895353837634826,0.6211180677703041,0.301301205465,0.011001503325362021,4.767817443625,0.006033804618613223,0.2209720844442265,0.09663723538590917,0.04910488584187052,2.43302161398015,2.854080208245625,3.012955015260872
LA1589,F,shade,high,amphi,2.813126025861223,-0.9924468734306676,0.6211180677703041,0.3616916955725,0.011764618179978259,5.185796107975,0.006747621788140829,0.2477268878072201,0.1686985917344518,0.1130891088256362,2.3255374195641223,2.6051526795119315,2.7918987311841716
LA1589,F,shade,low,pseudohypo,2.807488854904063,-1.801098816462998,0.4945791239441058,0.08925607972575,0.011495967664409563,4.494704421475,0.00789687076905671,0.1380302752535098,0.07897932868751463,0.05014179909076512,2.721854590230405,2.9215197430566326,3.0128988579276266
LA1589,F,shade,high,pseudohypo,2.807488854904063,-1.1166512952379712,0.4945791239441058,0.1759003743825,0.010257190879222968,4.79809491665,0.006830308072268656,0.2183293432343075,0.14610304579128797,0.09222389082771251,2.4233794222164766,2.671953200986338,2.8593746348714744
LA1589,G,shade,low,amphi,2.861845753815009,-1.6532185712652399,1.2360408889590353,0.10563783844975,0.00874682419712299,4.016480869475,0.005997887156022517,0.15515112737962414,0.09892473671700147,0.08790411829937328,2.6657901716233026,2.8469624010078913,2.8850735578522255
LA1589,G,shade,high,amphi,2.861845753815009,-1.0662192548215,1.2360408889590353,0.1211304729305,0.011719772296891173,4.149098244275,0.008208289012551008,0.23039139085304514,0.18564900090091796,0.17419537609799246,2.388410358350433,2.5407760647490614,2.582236926205365
LA1589,G,shade,low,pseudohypo,2.838932283647367,-2.1065009235646572,1.0839156873113869,0.09169801467375,0.010801916981238282,3.7604844136,0.008471690814442172,0.10880968759657988,0.07880316336236441,0.07248954701341914,2.8074107382276634,2.9082412831611095,2.932786747497694
LA1589,G,shade,high,pseudohypo,2.838932283647367,-1.1474892477986747,1.0839156873113869,0.1700295309225,0.0171814541827469,4.06725758445,0.010938450341633283,0.21296292221629742,0.15568013516073512,0.1435044894932092,2.4597625320549628,2.6536329280062096,2.6915914616061385
LA1589,I,sun,low,amphi,3.0532328202516865,-1.1066629550396876,1.160406397909448,0.205518210655,0.020709147134392262,4.292880673725,0.012675155096597984,0.2253830364719635,0.1258898193457831,0.08440358896142601,2.4326109143857053,2.7612410668156926,2.8979211628370907
LA1589,I,sun,high,amphi,3.0532328202516865,-0.6113189762833189,1.160406397909448,0.3405857658025,0.01167791773028186,4.924405121625,0.006583074661286239,0.300921056225979,0.2103658209722794,0.14010218668671717,2.1432711357733782,2.459002088378675,2.7010615789017156
LA1589,I,sun,low,pseudohypo,3.0361466328005715,-1.4691269914687732,0.8042059643742819,-0.1399147016433,0.034933784090136415,4.3328991967,0.029943940303667156,0.16780670275566625,0.10105295971328536,0.07789083753328951,2.6162350225169986,2.8302058496776352,2.913790727753918
LA1589,I,sun,high,pseudohypo,3.0361466328005715,-0.9014938561193931,0.8042059643742819,0.2457783455725,0.0161237864899107,4.8136559233,0.009365441889088114,0.24318495540483256,0.16677577592749315,0.10883665932506713,2.3324084676928987,2.602512949174724,2.8026777974372767
LA1589,J,shade,low,amphi,2.8713306031503634,-1.965249061183295,1.116314006814383,0.0934392290845,0.01016601941396853,4.1220993116,0.00758168938722673,0.09481746020163737,0.0778921714736664,0.07369941971738114,2.8755379664710783,2.92600913547797,2.941397371505881
LA1589,J,shade,high,amphi,2.8713306031503634,-1.4277976712179519,1.116314006814383,0.140880387487,0.02787648532283749,4.259296523325,0.01977057662405538,0.14186700028648558,0.10044542581496468,0.08792327886174552,2.7188859958520473,2.850168253440784,2.8916420942683243
LA1589,J,shade,low,pseudohypo,2.876250347620331,-1.8533659375366167,0.8836181673616065,0.123896030996,0.011163625767376381,4.07108778055,0.007295016374013913,0.12210787187471811,0.09944808911525117,0.09623039165990761,2.776649244969094,2.8495672375158234,2.858532253549689
LA1589,J,shade,high,pseudohypo,2.876250347620331,-0.8819428076266387,0.8836181673616065,0.196984657737,0.02641880171447361,4.43933338735,0.016999600142936746,0.23067490283182276,0.16624140757193945,0.13832825078880398,2.4271970347873064,2.6318214798978596,2.725602840792618
LA1589,K,sun,high,amphi,2.8867956634176393,-0.5141217785944825,1.8180058047970304,0.3274738766,0.014062918684940705,5.100381858925,0.008439541995528783,0.31737787233033576,0.20888001409791415,0.13199534685969008,2.0832305772368898,2.460435598311001,2.7275795736314397
LA1589,K,sun,high,pseudohypo,2.8037178262683993,-0.6502038948031984,1.3966021623772544,0.08397523533375,0.006447013980351643,5.15453118695,0.0052339951180650325,0.2863021427681339,0.2013916832785893,0.13537431717866616,2.175656592368215,2.491764500061031,2.7206791938207786
LA1589,L,sun,low,amphi,2.908006416389534,-1.0735793810186034,1.6610530111236341,0.4824600212925,0.012532395338950496,4.909149345375,0.005741347630637562,0.210392139702702,0.14194174467891485,0.13058987150010057,2.44160484327263,2.6997871532817013,2.732386628591391
LA1589,L,sun,high,amphi,2.908006416389534,-0.3746331588270601,1.6610530111236341,0.2051999137475,0.0076127900114286995,4.7673388164,0.0047401200528778865,0.32040453914819794,0.2383632234360037,0.19146742168467928,2.044903804191441,2.3568809467703957,2.5264485403145396
LA1589,L,sun,low,pseudohypo,2.809030034043244,-1.4302310341892874,0.8619897951068585,0.09849160164975,0.010610110592699482,4.7167968769,0.008610324980716158,0.17287576022654225,0.13021236677297593,0.10517140645598691,2.595934491946985,2.743397657298592,2.8208309421098017
LA1589,L,sun,high,pseudohypo,2.809030034043244,-0.6311812512488965,0.8619897951068585,0.27369559365,0.017088364574719926,4.8253332431,0.010428037518164065,0.2816003973181072,0.20974843826127917,0.16517469167923451,2.2007744051047036,2.454350487366881,2.6130225245933
LA1589,M,sun,low,amphi,2.841450146380319,-1.2598363244579371,1.8537708011940763,0.52917541303,0.02545204167839384,5.6007217897,0.014478329798349192,0.21428801024107336,0.18899878258726766,0.16705021221854532,2.455133068769479,2.5413074991132167,2.616356507801016
LA1589,M,sun,high,amphi,2.841450146380319,-0.27197829784433053,1.8537708011940763,0.3450915442075,0.006534244167967879,5.10984297885,0.003735719944867958,0.3718922418916962,0.2904133563282443,0.2254959627776547,1.869158581900258,2.164954930422221,2.3980544303366704
LA1589,M,sun,low,pseudohypo,2.795217826676328,-1.524202970122115,1.472132911636675,0.8330523274475,0.04767169920427262,5.853976081825,0.01960482196880374,0.16462736536467504,0.14717834495799598,0.12968562969265568,2.6087764609738637,2.6714528721580457,2.7318042270641185
LA1589,M,sun,high,pseudohypo,2.795217826676328,-0.5356963152197483,1.472132911636675,0.2842806527675,0.011978477021088832,4.867436731175,0.006797182280666008,0.30270097869890233,0.2383897262564718,0.1909792774854354,2.1143386102656647,2.3532321090397814,2.530143472182079
LA1589,N,sun,low,amphi,3.0804427195690405,-1.1850573356261331,1.7528701380599996,0.2468454374325,0.029222247820118497,4.4566631607,0.020149071855125617,0.20625348370458152,0.14949713463783293,0.12113227774283873,2.4858376918467306,2.6861002226930113,2.777295111133978
LA1589,N,sun,high,amphi,3.0804427195690405,-0.10422344775872172,1.7528701380599996,0.2806368282,0.022939728530807807,4.933164691975,0.014150059617982031,0.39290300591345373,0.29849825738514957,0.2195166010001073,1.8367211681095397,2.1735461599773758,2.456742256212821
LA1589,N,sun,low,pseudohypo,3.0192540054260686,-1.5386148413792107,1.2267622979235422,0.12300571258,0.012457834987164353,4.463033888125,0.008827807750531071,0.1504844357600657,0.12085730566582573,0.10973070973919438,2.6722584301487777,2.7830374669191844,2.8144198948004737
LA1589,N,sun,high,pseudohypo,3.0192540054260686,-0.4013955300756876,1.2267622979235422,0.2677178559325,0.011983488948931724,5.017984101325,0.007499805183934103,0.30423080240218936,0.21434525327476883,0.14821588765046453,2.132915024744321,2.463423293904753,2.6953542335448653
LA1589,O,shade,low,amphi,2.949898133536238,-2.165616046481962,0.809894960435634,0.03285378232727025,0.016266784719828484,4.7622644134,0.014437629255428864,0.09264389246643435,0.06412755533268998,0.043474302965212305,2.869186834862404,2.9619474213013053,3.0338324747048224
LA1589,O,shade,high,amphi,2.949898133536238,-1.095710416453101,0.809894960435634,0.2104951826825,0.006275018017037732,4.864271635625,0.0036175294860842557,0.2085440223309037,0.12606886309176715,0.07502342923275912,2.481495175659888,2.7536952052957067,2.9276742035645436
LA1589,O,shade,low,pseudohypo,2.9501985509717983,-1.665065584830941,0.7793181393067551,-0.01687008257857925,0.009921656923510984,4.64323433565,0.00787691906285319,0.1304472518130387,0.059048743545426025,0.03357495567049407,2.7576669609634723,2.978368014144709,3.067518279340387
LA1589,O,shade,high,pseudohypo,2.9501985509717983,-1.6348722983464892,0.7793181393067551,0.0944200063855,0.005631741506405693,4.90815491415,0.004290349186376913,0.13834590669045477,0.09304240503618529,0.06394691524762709,2.7351718550645634,2.876664027961337,2.9732697111182236
LA1589,P,shade,low,amphi,2.896013260403791,-1.3024432601090516,0.8339716287728987,0.0308259261565958,0.03358969453582143,5.4446202977,0.03644721912185947,0.2028497398921583,0.11203695657939874,0.059602547463090044,2.5093778283016537,2.8132487761166916,2.985013886275219
LA1589,P,shade,high,amphi,2.896013260403791,-0.5672710559504809,0.8339716287728987,0.1645971032875,0.01413429058542706,5.3633645043,0.011317186714222657,0.32395269274556426,0.23199839357630705,0.1555643909236029,2.095023475336557,2.4120192780670933,2.661233211857299
LA1589,P,shade,low,pseudohypo,2.879780819075844,-1.2926518079593436,0.6515370125308803,-0.0325375263672852,0.026248179433587975,5.5404945707,0.03115893635596614,0.17895551269349005,0.09974255795097775,0.05345944461347606,2.594180263785539,2.8543562083552882,3.003551927190683
LA1589,P,shade,high,pseudohypo,2.879780819075844,-1.0216895381374929,0.6515370125308803,0.09282742864170875,0.021977466083971272,4.97675810305,0.015996364259604816,0.22446473100957004,0.1668851847992054,0.12764276695554852,2.497040979470604,2.638400736167015,2.7604349428544634
LA1589,Q,shade,low,amphi,2.966784863086031,-2.0652913504909716,0.8567340122687784,-0.01774113230690575,0.009478627453816262,4.761315044925,0.011546635979991652,0.07012178929428554,0.056801288935023606,0.04908125274188895,2.944388999675284,2.9928060319015266,3.0202541595191756
LA1589,Q,shade,high,amphi,2.966784863086031,-0.8786394964749963,0.8567340122687784,0.266170446955,0.011496991818432556,4.923921923725,0.0071807123249924285,0.1748624937502232,0.10869498625727617,0.06973383294952974,2.6505725462111913,2.837763215532986,2.9602191720086597
LA1589,Q,shade,low,pseudohypo,2.950956137607531,-1.1370280744736967,0.64604644931465,-0.038034193689698,0.0463004653025395,4.82646127835,0.04488134129340957,0.16136152810057916,0.11182380343821474,0.07577398591724796,2.638053680972511,2.811060652636317,2.928066772262587
LA1589,Q,shade,high,pseudohypo,2.950956137607531,-0.7960360166832648,0.64604644931465,0.2018361571325,0.012665452611817495,5.205086230075,0.009145790791372453,0.21522459958004886,0.15658441206117035,0.11521951428399028,2.5214321246321267,2.6750734568147205,2.812365442508489
LA1589,S,sun,low,amphi,3.0500871854090437,-1.7531927464917632,1.7418173561545318,0.2039113225325,0.02161838407145956,4.698171663175,0.012662340890473332,0.11285966054593412,0.08856359205931788,0.06958838767004914,2.803757965594323,2.8807702223304945,2.9457139586339793
LA1589,S,sun,high,amphi,3.0500871854090437,-0.8577801731620115,1.7418173561545318,0.2189657206975,0.009274509530950015,4.969375650675,0.006299860629816206,0.21310941821753612,0.13838928765475655,0.08696628448930538,2.4539220515995495,2.711438978919064,2.890224896255544
LA1589,S,sun,low,pseudohypo,3.0102112556085894,-1.8754791393822894,1.338944016675858,-0.0936778674783275,0.03071742621368108,5.1028670866,0.042202845160171455,0.10559099670299746,0.09677492627100617,0.0903359794275369,2.8189360669323102,2.8415232333651343,2.8663179904058413
LA1589,S,sun,high,pseudohypo,3.0102112556085894,-0.8156446243863426,1.338944016675858,0.1637955930175,0.011589194766142797,4.565328483825,0.00781464623644802,0.22536128075205608,0.16239938035229087,0.11601009094688752,2.4153360148728393,2.6401709222838687,2.795773778110721
LA1589,T,shade,low,amphi,2.8243567667091365,-1.4542914488575958,0.6910876257898767,-0.08197488272035,0.022115614573498813,5.0644129017,0.022769591328984127,0.1941555004288642,0.11240454257096186,0.07088002759378385,2.5403337941981525,2.81118118621264,2.9483527571637875
LA1589,T,shade,high,amphi,2.8243567667091365,-1.4079221416858483,0.6910876257898767,0.12519259876625,0.014516207928269216,5.050985536875,0.010645911212799739,0.20451620046562624,0.13319938788553473,0.09191671417746163,2.51755239988482,2.743836149190015,2.8817522753433193
LA1589,T,shade,low,pseudohypo,2.8083591647277113,-1.3415500899381563,0.5837986035990441,-0.0035777153888885997,0.021678945871663274,5.016883200525,0.01949596193198943,0.18250576555256467,0.10754969108127904,0.06235219310043349,2.5471186270669994,2.8282257398042643,2.9722881865584103
LA1589,T,shade,high,pseudohypo,2.8083591647277113,-1.2459068253363041,0.5837986035990441,0.22857701296,0.007215326388215234,4.9770652247,0.004741004626834159,0.2172312127627947,0.1389761967378476,0.08899864908280769,2.5580962674701,2.7460042888192815,2.9040316044201733
LA1589,U,shade,low,amphi,2.9187324885648653,-1.8160957760866605,0.7513303412761471,0.0359105517497345,0.021863001423526027,4.942972397575,0.020038684187475942,0.14759496661810098,0.09800721191219396,0.07000577030401593,2.6850152373804983,2.853910029760739,2.9471747723746717
LA1589,U,shade,high,amphi,2.9187324885648653,-1.4773883494248257,0.7513303412761471,0.142719172518,0.009097913981594041,4.639846979125,0.006812047391528328,0.18551207032854597,0.1303902618480903,0.09637788160297575,2.550913545880915,2.7465649156820695,2.851694928407854
LA1589,U,shade,low,pseudohypo,2.8887620792368005,-1.9849799339439724,0.5390383751541276,-0.027484828518263,0.007730377435963887,4.70309957975,0.006892104153575007,0.1150428983015753,0.07050139947509836,0.045015177716679386,2.8001417789615703,2.9424667608884523,3.0282942120643113
LA1589,U,shade,high,pseudohypo,2.8887620792368005,-1.5225392967686358,0.5390383751541276,0.1934117764475,0.015239525926916797,4.796192140925,0.009964660922541845,0.16579438886115583,0.11278836216950876,0.07713065951110928,2.6288417922919125,2.8182488027272443,2.921115461562194
LA1589,V,shade,low,amphi,2.8702367243252778,-1.4984799023577755,0.6345854765024521,0.0836658348975,0.005537208932852131,4.818920740025,0.004005787537873179,0.20012206828705917,0.11589706108615175,0.07950535270429852,2.5282822817703305,2.80033956899616,2.9176584446722353
LA1589,V,shade,high,amphi,2.8702367243252778,-1.3385495673650785,0.6345854765024521,0.13096053113375,0.015173629475598891,5.0148664686,0.010563649291189374,0.21790613288579924,0.1498706408516358,0.10833110098977286,2.4549577627973456,2.68099882328676,2.817702671341382
LA1589,V,shade,low,pseudohypo,2.851054820392424,-1.6318415930749137,0.5013311163097508,-0.12391973368775,0.02540507125795873,5.196598621525,0.03201316532552656,0.1531934920471222,0.09181103394966185,0.052808782757357176,2.676033159370972,2.876414564208556,3.0058892512943265
LA1589,V,shade,high,pseudohypo,2.851054820392424,-1.244971076040828,0.5013311163097508,0.117432913656,0.012111879619762097,5.090305613975,0.00958983870228751,0.21215075206150194,0.1422951394729551,0.09150647772112845,2.523566666590587,2.7221264923252146,2.8897861512138245
LA1589,W,sun,high,amphi,3.0515253597914476,-0.24214097865881687,1.885571752717191,0.15961117653,0.010391133558788125,5.063431676275,0.007193192892321622,0.3551680035542717,0.2731592676916463,0.19954629505155524,1.8705706165553397,2.1774696441070693,2.447513843376514
LA1589,W,sun,high,pseudohypo,2.964578629833838,-0.6698435513152856,1.3548061725089124,0.171532443655,0.009704431474487433,4.7980617298,0.006803105817576506,0.2826259665306554,0.18940907861760117,0.12828275274158019,2.191390931639335,2.520570290311631,2.7383059640662903
LA1589,X,sun,low,amphi,3.057328286267319,-1.0963663240316746,1.9627456730849813,0.1722097362915,0.021341815129960143,4.887875489125,0.015683931455950335,0.2361660004258555,0.19838600927462635,0.16644908110372938,2.3982085772362236,2.5320027598338126,2.6305660001932303
LA1589,X,sun,high,amphi,3.057328286267319,-0.035620568034323334,1.9627456730849813,0.3061901672075,0.016281979429458363,5.014730985925,0.009654735847385729,0.42769831282494325,0.34129980755625977,0.25606199089803167,1.7276371231553789,2.0695127894773497,2.3425004475490008
LA1589,X,sun,low,pseudohypo,3.027237236966488,-1.1650405062301263,1.4772704485020185,0.2892616862525,0.01947747178640075,4.6179471578,0.01068239808752835,0.20878881307601602,0.14108340812072273,0.11156263131484284,2.43069631907282,2.6936760382952927,2.8038869056862348
LA1589,X,sun,high,pseudohypo,3.027237236966488,-0.30584857189206344,1.4772704485020185,0.203889607855,0.015067281633147408,5.135052135975,0.010481488884243051,0.3512193232196543,0.25917229078205367,0.18375085876874767,1.9799843041634893,2.3250124143201587,2.588366827175553
LA1589,Y,sun,high,amphi,2.960545884595918,-0.26197963786083855,1.4634628853109444,0.14035174167275,0.014762041100697119,4.726316908225,0.010263660496325195,0.37614628120353394,0.28706392558267746,0.23771366163189322,1.8896741160950452,2.187283927504155,2.359844139537523
LA1589,Y,sun,high,pseudohypo,2.8736948761570806,-0.7507371453721395,0.951415186901347,0.1521612664675,0.012992532623855378,4.8160575927,0.009349587474501347,0.27284372594776524,0.20282377607041796,0.1408382617091836,2.256569407966288,2.514196772740542,2.7086233096275434
LA1777,B,shade,low,amphi,2.922889102804914,-1.7064949400690759,1.4381628362088452,-0.03101114239075,0.002905510614169513,4.33798423555,0.0024233392242833406,0.13645107596292191,0.09927465828474383,0.08968086584527028,2.728323609071252,2.847033284932279,2.878183990641093
LA1777,B,shade,high,amphi,2.922889102804914,-0.9509609853702544,1.4381628362088452,0.21001667502,0.011865871257550432,4.7974585951,0.00771125977984623,0.23481618592442974,0.18266259534696117,0.15026474988060748,2.3816435480579354,2.5647850977499047,2.6753527651267763
LA1777,B,shade,low,pseudohypo,2.9056020571396486,-1.8981353097484746,1.3556352686751791,-0.05817900876525,0.013213461199467721,4.276711740325,0.010874605477372904,0.10721713747792491,0.0892566473145883,0.08274634925642782,2.798179873200155,2.8683486440831043,2.8946676954629535
LA1777,B,shade,high,pseudohypo,2.9056020571396486,-1.1110874842233758,1.3556352686751791,0.1689599166435,0.016449565550219095,4.662111510325,0.011246427535404219,0.19103592201448433,0.15500234990089395,0.1370508470037499,2.5275740806784537,2.6488514833245227,2.713837863977037
LA1777,D,shade,low,amphi,2.833084381323442,-1.5554376371677305,1.2774837751407164,0.008110260717288126,0.011506403987391027,4.111898065925,0.009170813887208673,0.13974583243956226,0.08705107933829306,0.07604038753019979,2.7206645480580245,2.8967937290318226,2.928989186921552
LA1777,D,shade,high,amphi,2.833084381323442,-0.9380541314168497,1.2774837751407164,0.07614804977875,0.004049905594457607,4.406269442875,0.003051658180086887,0.21100443992226756,0.1621515504229251,0.14628373339499778,2.475530366289072,2.6396688741416376,2.690981576434228
LA1777,D,shade,low,pseudohypo,2.810470830641185,-1.7964566080501911,1.1047915941107251,-0.39359377327525,0.08328991871555985,4.5621585963,0.08891498346053281,0.10938880455863871,0.07506164541283644,0.057329978447847055,2.8283800329134876,2.9110360228474184,2.9846216222604096
LA1777,D,shade,high,pseudohypo,2.810470830641185,-1.2997626380873526,1.1047915941107251,-0.005966680433318,0.00688698977048733,4.64755169955,0.005768012526076916,0.16110003539819018,0.13260803351966172,0.11834119365619734,2.6314524100689836,2.7261238563925967,2.78074917679865
LA1777,E,sun,low,amphi,2.880496936060553,-2.537655219415554,1.5751639664793504,0.2283946618325,0.015711635730237164,4.839888389925,0.01025410239862547,0.08264635680597648,0.07475817542046989,0.06753386981533768,2.8988763122826233,2.9308764201770723,2.954239358949289
LA1777,E,sun,high,amphi,2.880496936060553,-1.0306044766511058,1.5751639664793504,0.2911718682775,0.018613370820794686,4.943142939925,0.012286670303505354,0.21479186699097788,0.15745831864368745,0.11358324012963042,2.4581953886692176,2.659236144618667,2.8040193185379043
LA1777,E,sun,high,pseudohypo,2.900466467685261,-1.5198205894977117,1.3745526426825778,0.5241372195075,0.013194225939819516,4.895968249125,0.006661186914681751,0.20043038822535544,0.17090181436989427,0.1523436377942035,2.498070929657703,2.6329449819901187,2.6844563518634907
LA1777,F,shade,high,amphi,2.6687722945614527,-1.0930584148569158,1.1501444762897028,0.152088655828,0.033367146727945135,4.934082817225,0.02522295597343316,0.15463809917307897,0.12590948356141032,0.10511488231978357,2.688312027303821,2.76509627615596,2.8322179864889234
LA1777,F,shade,high,pseudohypo,2.665537953893594,-1.4814150375255746,1.0537754461606588,0.024862779728244223,0.011909630959182037,5.3209427735,0.011740266986184533,0.10176976181424961,0.0810469676165237,0.06498241339919805,2.872208130549274,2.9175097651725856,2.968696008224051
LA1777,G,shade,low,amphi,2.8051062033672607,-1.7492420724532143,1.3599379749403218,-0.14835982325225,0.017490319572214235,4.419457472,0.017222640317182757,0.08390835179340514,0.05793425003349502,0.04959435912978148,2.9128657714474855,2.9869169623163554,3.0179300095791954
LA1777,G,shade,high,amphi,2.8051062033672607,-1.196984685309063,1.3599379749403218,0.162435636665,0.005875681808028043,4.501264571625,0.004156889829837536,0.1329591420423667,0.09579001445137889,0.07781682753099264,2.8219162687918242,2.875836563183573,2.933277330154677
LA1777,G,shade,low,pseudohypo,2.7854060953691864,-1.267480057168715,1.2594922703665032,0.2901572851425,0.02555076865043748,4.72431037255,0.015065355776485002,0.14061566503699105,0.08768169106092297,0.05900741892431157,2.701580022245981,2.8734104513286503,2.9781228009131624
LA1777,G,shade,high,pseudohypo,2.7854060953691864,-0.8959186058447668,1.2594922703665032,0.1728644716575,0.013489564817569062,4.92749435865,0.009086986212636318,0.18776616673782628,0.13579975101210306,0.09558644255227947,2.5513613208749435,2.727164740964607,2.8726419275832593
LA1777,H,shade,low,amphi,2.89771179728808,-1.656027128579934,1.4423739896915122,0.0158197090512791,0.008882380547560988,4.687046911575,0.007392057292873463,0.13675787184114166,0.10079860875486073,0.0809108506430944,2.718747534282212,2.8411179234561668,2.90908521867865
LA1777,H,shade,high,amphi,2.89771179728808,-0.9313928675329851,1.4423739896915122,0.1632048568475,0.012353324393931725,4.6496760351,0.008748891388758406,0.22930314890302292,0.16106735933641414,0.12762143496672027,2.392497256129465,2.638083419995426,2.75044235164481
LA1777,H,shade,low,pseudohypo,2.871390996798522,-1.950998129617152,1.2043431734084986,-0.0112942773583657,0.007229190492404259,4.46444705975,0.005949658330850049,0.12417798718132342,0.09605140566185869,0.08417059460047681,2.758746415385303,2.844620569151527,2.891941591922102
LA1777,H,shade,high,pseudohypo,2.871390996798522,-1.2318324682583246,1.2043431734084986,0.1544233820925,0.01129486134141891,4.5038983056,0.007815378134917825,0.19954668901615266,0.15088067791403897,0.12939540528647817,2.5119574954995016,2.681104614570475,2.748317295984139
LA1777,I,sun,low,amphi,2.864934151045815,-1.0071024982203796,1.8144934310934027,0.4949961283225,0.030911603023690795,5.403227257625,0.013831239158502285,0.24198410538724408,0.137480370196626,0.07103044080784174,2.3684197199216763,2.7235524145581325,2.947534351522439
LA1777,I,sun,high,amphi,2.864934151045815,-0.5845769430942929,1.8144934310934027,0.3142889156575,0.009749342193843987,5.557974261,0.005551159587173602,0.3124936804044584,0.20633717687585035,0.12882089081693474,2.140609779992819,2.504869528483995,2.76262939914713
LA1777,I,sun,low,pseudohypo,2.855009620174761,-0.9179700202068574,1.5092822283853484,0.532108219505,0.012403465295745458,5.189714236675,0.005540580903811477,0.24201474850378446,0.1693446144409326,0.11600203928567283,2.325126229346761,2.587193428972493,2.784505843942146
LA1777,I,sun,high,pseudohypo,2.855009620174761,-0.46183121075050076,1.5092822283853484,0.4235922353975,0.01662508398566572,5.487011135325,0.009484169719569144,0.3295279211478465,0.24942759966619651,0.18640654097637036,2.0863584256176275,2.3327660008695177,2.567130102747599
LA1777,J,sun,low,amphi,3.0621758295211614,-2.177154562214014,2.031983270398696,0.011978118499215,0.00330474069781537,4.816502655675,0.0025622735946354766,0.1118378436784243,0.08776784453340616,0.07623609409389885,2.8114123582769226,2.884406595795986,2.9245699182029448
LA1777,J,sun,high,amphi,3.0621758295211614,-0.6463135081021487,2.031983270398696,0.40281813241,0.0086830625092001509,5.67398573415,0.0048960486167636385,0.3105258570555868,0.20957956911980374,0.13366124674587176,2.111795331111067,2.4654842293073576,2.725870253772677
LA1777,J,sun,low,pseudohypo,3.012622443866492,-2.1626374534060204,1.73903817259987,-0.108063130767,0.014046131070711834,4.850288382175,0.012529746295572887,0.11833993573726312,0.10265437919799154,0.09870977384024976,2.787068209271158,2.8294140110205057,2.8444681885273515
LA1777,J,sun,high,pseudohypo,3.012622443866492,-1.0642254149290058,1.73903817259987,0.2588301581675,0.01414586484458243,5.133447532575,0.009376109284452946,0.23397223103859516,0.19068291522489478,0.15653561128965454,2.3576891152927986,2.523928910514704,2.645897612080875
LA1777,K,sun,high,amphi,3.035816578562358,-1.0588625975782298,2.109201208722292,0.193903038405,0.012455697833603896,5.117234361425,0.00883365521252487,0.2476261622552545,0.20041993442673148,0.16491472498009305,2.3543487717012193,2.511133489759043,2.630335175410176
LA1777,K,sun,high,pseudohypo,3.0011234976297967,-1.0567265992114867,1.793497194154972,0.3361443005375,0.014428886899044514,5.266594946875,0.008244321034368429,0.2379134614626295,0.183767726091147,0.13842406266474125,2.4064902640201566,2.574137135205902,2.7313734225643733
LA1777,L,sun,low,amphi,2.9918257956065037,-2.6831463099345063,2.1303135465237872,0.1740435521575,0.026585477243541447,5.221638620475,0.02423564394903308,0.07581560236987622,0.0570627718183458,0.043267726251191775,2.952504017634383,2.993917613082763,3.0389019037181506
LA1777,L,sun,high,amphi,2.9918257956065037,-1.7458127223211957,2.1303135465237872,0.2558401906475,0.015614966601281217,4.42073770155,0.0091271952345918,0.14954326485164326,0.08972827153922362,0.06757454258580638,2.698657889485215,2.8742430615895445,2.9565178926833457
LA1777,L,sun,low,pseudohypo,2.949621139748455,-3.09859929707434,1.9458037358803841,-0.417139050515,0.024514194542629826,6.324718311525,0.053592438426443414,0.050483913310767826,0.04027228521542585,0.03303678681827514,3.02202025375611,3.047104325729895,3.070103875499048
LA1777,L,sun,high,pseudohypo,2.949621139748455,-1.4737964741724063,1.9458037358803841,0.27935377154,0.011565905302995718,4.8198514369,0.007407090480303936,0.17821287928326746,0.12270127263831787,0.08334161300775743,2.5964183649967896,2.7808452344971974,2.911870038953996
LA1777,M,shade,low,amphi,2.8793978680830796,-2.2358618899672296,1.2081306291503484,0.003713611349207475,0.004309003296958316,4.54466917195,0.005097492962584068,0.0913049060764575,0.0700469926000049,0.06178094211789764,2.868739530002712,2.943961486217537,2.969930138075368
LA1777,M,shade,high,amphi,2.8793978680830796,-1.123416355924157,1.2081306291503484,0.14108573755475,0.015574963360482854,4.665903346,0.011287553807414294,0.21374785099677318,0.14460748498320797,0.11274789193214112,2.4754835054002373,2.706217472364127,2.8053750266584805
LA1777,M,shade,low,pseudohypo,2.85745258845372,-2.4629065192963866,1.0059757259301776,-0.10118011051425,0.013293870306056707,4.7589966153,0.014100920779640393,0.07596339029610269,0.061741901896563804,0.05457073589382286,2.914035683484153,2.967645553818488,2.9965826935243522
LA1777,M,shade,high,pseudohypo,2.85745258845372,-1.3085729824888852,1.0059757259301776,-0.08493087150275,0.018804835096403162,5.002226399325,0.016353435082012206,0.16963154975579298,0.11885597953910573,0.09029157710108014,2.6332274960326174,2.780682309027154,2.8806288827254103
LA1777,N,shade,low,amphi,2.7433248344648873,-1.4836860085578274,1.0971110979777061,-0.02589077338193325,0.00865304515142353,5.15096941825,0.008247548330092482,0.10844216665289641,0.07249121104706924,0.055429170910723524,2.834873050490706,2.9355133466987158,2.9954419968479997
LA1777,N,shade,high,amphi,2.7433248344648873,-1.2087089739719807,1.0971110979777061,0.1005480543425,0.015233044556920037,4.97203264655,0.012467089261794765,0.1377585369294208,0.11314383049090161,0.09834086434782052,2.73575704070495,2.8102419302565615,2.863009676131916
LA1777,N,shade,low,pseudohypo,2.7371437954483833,-1.9628816050845643,1.0423460591054576,-0.064415667769575,0.011115082505840106,4.926851837075,0.01203826792138636,0.07685533703311909,0.05887675917288133,0.047155098997709366,2.9207540636478817,2.975351348149038,3.016662368208868
LA1777,N,shade,high,pseudohypo,2.7371437954483833,-1.4412412870803764,1.0423460591054576,0.0810151242685,0.007096786301744757,5.128110999625,0.007278816762612127,0.11821704171003873,0.09161161286442406,0.07276148599696874,2.82051156376344,2.8742547329125943,2.939793413279918
LA1777,O,shade,low,amphi,2.6946858992920646,-1.815980657813033,1.1334195555736617,-0.05397262823275,0.009832505679737327,4.50849455705,0.00805127121038511,0.08345856524203113,0.05888990488556529,0.05527747968909933,2.8954305529231643,2.9857742104359097,2.9999792222981854
LA1777,O,shade,high,amphi,2.6946858992920646,-1.0526030027541526,1.1334195555736617,0.20711782783,0.021774676358171662,4.902114318675,0.016372916072957405,0.1521873420083977,0.11169859682428726,0.08831472971722845,2.7311079676769143,2.8312253540829677,2.9034426205681836
LA1777,O,shade,low,pseudohypo,2.6191101350733756,-1.8444638058987963,0.7676332725498332,-0.1414370241035,0.01182197016359734,4.840048640025,0.014629843794698057,0.08702470947498805,0.06817864241050724,0.05882918393609684,2.873619290657637,2.946562760946361,2.9799576204723293
LA1777,O,shade,high,pseudohypo,2.6191101350733756,-0.958937626071755,0.7676332725498332,0.328262349495,0.01406347023178563,4.59075693775,0.008529488117131927,0.17576972446939806,0.12901025052882797,0.10689424365740856,2.6710625093835154,2.767969788301084,2.8362302495196827
LA1777,P,sun,low,amphi,2.7526587196361816,-2.0922870595056695,1.9280851114650197,-0.1741083995215,0.02681437036081839,4.711649114475,0.031109509101600978,0.07003434741295404,0.056849437944079734,0.04882532221204173,2.946908012476781,2.990587783163005,3.0194222645362747
LA1777,P,sun,high,amphi,2.7526587196361816,-1.1302009850110675,1.9280851114650197,0.214093558525,0.010787754438021201,4.82360155665,0.006586015139916653,0.15261352663543093,0.09977319929503127,0.07246795713163688,2.6800181769318483,2.849971039614511,2.9403277808912707
LA1777,P,sun,low,pseudohypo,2.7299276467054034,-1.987032576073199,1.7422483015191614,-0.053757766494,0.019660097455104122,4.782237134125,0.019491338479591874,0.08451207784912905,0.06786372767802816,0.05459596547964747,2.8952973255832624,2.9486946860817653,2.9926821920996556
LA1777,P,sun,high,pseudohypo,2.7299276467054034,-0.9652305262761128,1.7422483015191614,0.292358135855,0.010471071629309816,5.0386572689,0.005980488451121385,0.1776149216932947,0.12159528594403987,0.07829263253323665,2.569261052103697,2.765746216803416,2.917731174606087
LA1777,Q,shade,low,amphi,2.713919725723582,-2.091583746236053,0.9094230721242321,-0.059808515572,0.001846883694922246,5.1479595683,0.002068703471587564,0.09646096020125265,0.07797984821460403,0.06650686293219478,2.8787074190685975,2.929319625551763,2.9641738726300635
LA1777,Q,shade,high,amphi,2.713919725723582,-1.290729845697745,0.9094230721242321,0.4018790315775,0.012019361919074574,4.981537909025,0.005908779168720661,0.17544521171030836,0.11706883583051478,0.07858174522223607,2.660093016150807,2.8153129233719323,2.9393381878526377
LA1777,Q,shade,low,pseudohypo,2.6380739654117527,-2.1292840214742137,0.5602839768127215,-0.152560789472,0.012759961145374577,5.284644285975,0.016237049573154954,0.07346023006146438,0.05924887242394184,0.04712683804900126,2.928776719404457,2.979474550603091,3.019950780318305
LA1777,Q,shade,high,pseudohypo,2.6380739654117527,-1.6178982254511087,0.5602839768127215,0.02129852739580775,0.005327524824793808,4.454352148725,0.004369824485041223,0.11693183006290624,0.08637221688205787,0.07541853054405803,2.8124913235016358,2.9102884713233945,2.9495684993739095
LA1777,R,sun,low,amphi,2.778487383439475,-1.4466679789921109,2.049800727634254,0.094066598940749993,0.008223720366786761,4.829293075275,0.006221334180024098,0.1464311003138731,0.11826767688734263,0.09591111233336563,2.6939687532383,2.779659802884745,2.8559362607734804
LA1777,R,sun,high,amphi,2.778487383439475,-0.7521213214084956,2.049800727634254,0.2104019423,0.00746284445923777,5.035817659175,0.004737780981056112,0.24041981303977508,0.1818016019253886,0.13662485681437636,2.3659670350924578,2.5706443219385147,2.7246877078116927
LA1777,R,sun,low,pseudohypo,2.7622718263861703,-1.5609840575687566,1.8960448113797503,0.073554432051,0.01075491605586368,5.0241954014,0.009735663982825446,0.14651242892701627,0.11850883865365874,0.0970975336740565,2.665652718012104,2.756233269593098,2.833900147757875
LA1777,R,sun,high,pseudohypo,2.7622718263861703,-0.9693512888475456,1.8960448113797503,0.1904599896925,0.011518266210982737,5.4445521366,0.009028267844370963,0.22976992326338097,0.1882879676420882,0.1479326653937352,2.3807716595443793,2.535138919790756,2.6803696668644643
LA1777,S,sun,low,amphi,2.8550565081088237,-0.9209062076026613,1.9414089010377684,0.315690424605,0.03456802393436406,5.37349990645,0.025134051927231893,0.2548343440713564,0.17580137224288425,0.12049035509091847,2.3438156210758416,2.6036497401063508,2.783339411167113
LA1777,S,sun,high,amphi,2.8550565081088237,-0.21036470455027725,1.9414089010377684,0.3284756068725,0.016060899898375038,5.7048424935,0.01063937434245042,0.380219202681768,0.29524042226015146,0.2182500778480456,1.9065113094382935,2.19188829519534,2.448990419553063
LA1777,S,sun,low,pseudohypo,2.7886721697340326,-1.6772740065110794,1.5823747701092616,0.003946115705834193,0.026300729247413956,5.181565536575,0.03118621422458518,0.14799653731421852,0.12383762007276224,0.1084801159273722,2.6992947099110944,2.739185748103163,2.8062431610987613
LA1777,S,sun,high,pseudohypo,2.7886721697340326,-0.763975569245829,1.5823747701092616,0.19167166836,0.013571931117938718,5.88588859145,0.010159791477400915,0.2887856608624755,0.22105353541659956,0.16261602976429443,2.2571408681663776,2.464263122424171,2.6549527021098545
LA1777,T,shade,low,amphi,2.5438519947945637,-1.9563280603498534,0.7584946814059109,0.0058949574377130005,0.01661757541220064,4.686739956875,0.01385230635045042,0.0875357758195581,0.06123719198773357,0.049773167662341904,2.8978991397504856,2.969468859830644,3.013126578915304
LA1777,T,shade,high,amphi,2.5438519947945637,-1.1479928967724824,0.7584946814059109,0.2438867139575,0.01887430355079661,4.9538694185,0.0121314758882664,0.16374857615076813,0.11140786143063977,0.07339904704594082,2.6509817553524684,2.8269006813866704,2.935569423665038
LA1777,T,shade,low,pseudohypo,2.5354078657409507,-2.3212071391472335,0.7113983979180188,-0.093999876247275,0.02395814226374058,4.82809749215,0.023932804266723097,0.0665827875130683,0.04767543014890418,0.03816275012401804,2.9755692289620956,3.0193319843499076,3.0471977647859574
LA1777,T,shade,high,pseudohypo,2.5354078657409507,-2.0246749711344187,0.7113983979180188,0.058155738587125,0.015147048874608285,4.41069160975,0.011833851120021445,0.08626585268113836,0.06336299122084149,0.055886505747298434,2.9060270497840586,2.9815922053113884,2.9940280254372826
LA1777,U,sun,low,amphi,2.9223947825707817,-1.7958959529006462,2.0504805484437725,0.0463205552676,0.014312492037397507,6.076479260375,0.02249317025539245,0.1622739986953199,0.1450323086939515,0.1358011053705709,2.6464973801775193,2.6980507047239213,2.729754479431131
LA1777,U,sun,high,amphi,2.9223947825707817,-0.6542444575893156,2.0504805484437725,0.18535907176,0.014358479703947467,5.9798006785,0.010974486781375995,0.32453148585517433,0.2585063657002614,0.20529908384844497,2.095971569325604,2.327482500285962,2.510888074549395
LA1777,U,sun,low,pseudohypo,2.8411546893509687,-1.8918930203704658,1.6966530089946639,-0.1555114369047,0.06087797555875278,6.463835065675,0.3840060632301811,0.12617613834714728,0.11977470902922632,0.11480387275140402,2.758272333941138,2.768124144806186,2.786393104194417
LA1777,U,sun,high,pseudohypo,2.8411546893509687,-0.9705388529618543,1.6966530089946639,0.33300098655,0.009274959912655575,5.69590188025,0.005301785399442373,0.2553835005663159,0.19982031013467305,0.15420078856976113,2.374266050366002,2.5378302877738044,2.6929531829048927
LA1777,V,sun,low,amphi,2.761053699086777,-1.7660403441111725,2.243911458752414,0.0642901004680345,0.03352862913881254,4.844849480075,0.03339182284947424,0.17262902720609516,0.16153004784304512,0.15761222252194168,2.6145947277106174,2.6436023055569926,2.6599940290723114
LA1777,V,sun,high,amphi,2.761053699086777,-0.865347116423291,2.243911458752414,0.17400673024325,0.022948474640051328,5.243764087375,0.0142136881056434,0.28748780928663287,0.25290179339241836,0.22788954611581316,2.256818306175462,2.36651182528236,2.449651568357114
LA1777,V,sun,low,pseudohypo,2.760401777846201,-1.6239399653182012,1.9063872208692851,0.039911955343856526,0.035562986719527845,5.004389649925,0.026754634944347776,0.14920004926950306,0.13613065039876301,0.1260928543267176,2.6807923187162364,2.715087959361253,2.750566133352233
LA1777,V,sun,high,pseudohypo,2.760401777846201,-0.7968895752688685,1.9063872208692851,0.0570545346765,0.007615047113759684,5.503579274925,0.0065934295471713434,0.27210385557533673,0.2359180985919523,0.20045458961694415,2.2966551251629177,2.4173644318080303,2.5369530703255583
LA1782,A,sun,low,amphi,3.00525266825218,-1.197104398427631,1.191047200525869,0.15304198748025,0.03842145196521735,4.69670226655,0.022867540040055503,0.14450361592281985,0.09629640839534236,0.07325457065174212,2.7234021629404865,2.860451931845773,2.937622512001471
LA1782,A,sun,high,amphi,3.00525266825218,-0.5735569488277225,1.191047200525869,0.51951811057,0.020646745820637816,5.126190667775,0.00997202892879947,0.2287524537032908,0.16473093070475794,0.11307875283066363,2.434081562643482,2.6382093291782467,2.8095038360291182
LA1782,A,sun,low,pseudohypo,2.957951517750475,-1.1370181936135817,0.5481238895980963,0.17690691815,0.02310740988285326,5.069929587225,0.013699261535300798,0.15615749786117014,0.11499983575853603,0.08465311135803413,2.659031373603921,2.7732792895809824,2.8844457044191194
LA1782,A,sun,high,pseudohypo,2.957951517750475,-0.6954774922980055,0.5481238895980963,0.080347196008,0.006774676721973248,5.10184456045,0.005001099790862035,0.21083425822709373,0.16958945902940656,0.13365106191884002,2.443727020176304,2.5859779630935438,2.7194696052064486
LA1782,B,shade,low,amphi,2.8477178338888867,-3.144912920506409,0.9469443498541168,0.025209714491575,0.0064998931030709455,4.046381078775,0.00741586728345838,0.050046435728918766,0.045232056040664353,0.04370097807364267,3.0117165495098033,3.0270617734542236,3.033019106830875
LA1782,B,shade,high,amphi,2.8477178338888867,-1.1866029348419465,0.9469443498541168,0.1391374358825,0.023186350749121974,5.253217766325,0.01929635770372902,0.20140425728328487,0.131173893415469,0.08475840315851627,2.5469043156680797,2.754846444782352,2.9034833821041772
LA1782,B,shade,low,pseudohypo,2.8200291313987256,-3.0549482446677283,0.7917848793511241,0.06354094141450944,0.026464720393162677,3.924775642975,0.02215224839894165,0.04455682855509757,0.03802170787256383,0.036169325816497615,3.0279320175968003,3.045968638268461,3.0582613223143595
LA1782,B,shade,high,pseudohypo,2.8200291313987256,-1.1846477045463883,0.7917848793511241,0.2224711446925,0.020977554393380168,5.039453248075,0.014983816712396713,0.1965392428390109,0.130400730233034,0.0859357417566849,2.555904366364612,2.7574724220574356,2.9030503613059007
LA1782,C,shade,low,amphi,2.853165816762111,-1.2167366486872506,0.7753758281630795,0.486727248605,0.03526106582882217,5.176937676425,0.022679126739231364,0.12656768682847347,0.09392343480465995,0.038118816141179596,2.7593729550118216,2.868381467206448,3.0538945341554773
LA1782,C,shade,high,amphi,2.853165816762111,-0.9948518208846814,0.7753758281630795,0.527655899695,0.029668904169766867,5.53157147315,0.015839038529152454,0.15445642021364198,0.0996511193288649,0.061950342689268516,2.7169081223846696,2.8633320716566453,2.984169146217397
LA1782,C,shade,low,pseudohypo,2.844333238410034,-2.4601652844888364,0.7342823875927816,0.0235694588423,0.005671896254828345,4.3045504861,0.004544270272491408,0.04421518644074762,0.03542596744200499,0.031469010181864786,3.0463030467375187,3.0620162159989883,3.0742346803386864
LA1782,C,shade,high,pseudohypo,2.844333238410034,-1.2704609435430352,0.7342823875927816,0.1292197514705,0.021639398368835754,5.57052726125,0.022382084532811302,0.11997391514734577,0.0833861134513346,0.057822671878009456,2.866865848021165,2.913314214822589,2.9994623852112374
LA1782,D,shade,low,amphi,2.750071420554904,-1.5365570659603496,0.5291805883151993,0.0014208574162182495,0.015772038236530297,4.586883992975,0.013310102385708117,0.12712939576047214,0.08589297307012969,0.06689390132406386,2.7730964734226102,2.899559319007338,2.9627969305910056
LA1782,D,shade,high,amphi,2.750071420554904,-1.1765689446079566,0.5291805883151993,0.095855115242,0.011624528648687389,4.8213548769,0.009869141115032159,0.17060225082905706,0.12292597734435642,0.09801169635594738,2.6615124003085073,2.7897030916844026,2.8676721612382448
LA1782,D,shade,low,pseudohypo,2.7439974353353964,-1.4131816710917111,0.4781552152334256,0.13530429671025,0.011250518434019627,5.091586244775,0.01010821888704159,0.143028369769258,0.10006666691812635,0.07004942542358941,2.7055090278661345,2.8477642933293232,2.9472982492215807
LA1782,D,shade,high,pseudohypo,2.7439974353353964,-1.056228011270101,0.4781552152334256,0.41714829049,0.02520013091860728,5.20875834095,0.01580121952453665,0.18886578510657517,0.1403809441437791,0.10334702326346198,2.560224243150614,2.7188863132329555,2.8425443735510276
LA1782,E,sun,high,amphi,2.8670931880503643,-0.5142493202164987,1.7701324524630593,0.3662681575525,0.021140189456442835,5.663600471825,0.01244090027084841,0.25092017217485907,0.18731809386729567,0.1320292406634052,2.3272633333966817,2.557546544063519,2.740676885305292
LA1782,E,sun,high,pseudohypo,2.8463115606985534,-1.001160227803505,1.6062499814705749,0.3360371474525,0.02158457709271227,5.4910234785,0.012740995372843329,0.165207882293491,0.11550446545543942,0.07896502142634688,2.607100431586796,2.79407245694909,2.9099272602069095
LA1782,F,sun,high,amphi,2.9383289737053455,-0.632498908255183,1.8025284048017762,0.2925986720075,0.03465358111941254,5.487822295775,0.024922493679569124,0.2482028264614403,0.1974195782191092,0.15540887780439622,2.3522717058190903,2.5133686722152238,2.654694097982332
LA1782,F,sun,high,pseudohypo,2.890403734462357,-1.1858917329555452,1.4536318609883245,0.323729893705,0.03964805486484371,5.513328945275,0.025684573306403516,0.17961600079186088,0.1304454323417737,0.09417151516069684,2.6141287145304744,2.743889109623783,2.86775158292169
LA1782,G,shade,low,amphi,2.8399166977505867,-1.7977332551248808,0.5067222956191243,0.2683740671425,0.0190199526001776,4.8276719271,0.012576522436665303,0.10708352814493297,0.07796210391702264,0.06053777547223312,2.8221649114124387,2.921818159749341,2.979006615421109
LA1782,G,shade,high,amphi,2.8399166977505867,-1.476047233083063,0.5067222956191243,0.2780542752475,0.033874308976614656,5.1190205695,0.026432695463888482,0.13982481309638586,0.10619825400656277,0.08151647764591767,2.7252579422985446,2.8388201957632107,2.9156676588962336
LA1782,G,shade,low,pseudohypo,2.8400720360401372,-1.8589465938671084,0.4986471347721595,0.18314100652,0.018069956997041194,4.653451591875,0.012914646289324035,0.10878152402375152,0.08757118120306664,0.07309253044367603,2.806946717078916,2.876693300386709,2.9313293758209404
LA1782,G,shade,high,pseudohypo,2.8400720360401372,-1.550876489971174,0.4986471347721595,0.24516376808425,0.03049659308226265,4.957068386025,0.022614412607197293,0.13990796393033714,0.11244492903901919,0.08984832013560397,2.713084443615691,2.806444532623126,2.8812091324420606
LA1782,H,sun,low,amphi,2.841582651796435,-1.226127071356792,1.0656593706411408,0.2195691881825,0.013592645701470014,4.9937190602,0.00895312505898955,0.18454170456326932,0.13563800458914146,0.10142018790711395,2.5693838374747417,2.7347776758595614,2.84803924864023
LA1782,H,sun,high,amphi,2.841582651796435,-0.44226977138459855,1.0656593706411408,0.4842500063275,0.016260699080669083,5.37297890795,0.008440024579325101,0.31409614800111324,0.23473319370973156,0.17131331838043304,2.1433282518075942,2.4051502425086775,2.61479531739519
LA1782,H,sun,low,pseudohypo,2.7089614537264404,-1.3666894281895385,0.5240457239450136,0.1073801965045,0.008603055321717203,4.533077914275,0.005891745596617565,0.15934456685370443,0.13408135604137733,0.12287123183912121,2.6229925179416855,2.7196549773251744,2.7575242200548935
LA1782,H,sun,high,pseudohypo,2.7089614537264404,-0.6034345325959558,0.5240457239450136,0.4789774704825,0.018840197048083124,5.185506238325,0.0099868709825317,0.2630692298708259,0.20541457655800105,0.16449950818345407,2.3023136672152775,2.501894516672479,2.6695659736781914
LA1782,I,shade,low,amphi,2.776928789482665,-0.9353088857431865,0.897208714645727,0.3297249242325,0.015664636958471558,4.788006092725,0.007805221965910629,0.11252549530214317,0.07209346167151977,0.06702984321589125,2.8264979674455324,2.9461717978335957,2.962475983208215
LA1782,I,shade,high,amphi,2.776928789482665,-0.8647810471751164,0.897208714645727,0.3872107644175,0.039396314815903555,5.427252600725,0.027479862427995383,0.11789012224228407,0.10249879253402039,0.09042539081265731,2.8531939861302504,2.8642052586060727,2.8968695212663547
LA1782,I,shade,low,pseudohypo,2.775558745530376,-1.4168800733609206,0.890616726712287,0.09836479402675,0.004124333655464196,4.978197764175,0.0033708563707093796,0.07359714036244903,0.05018313214700011,0.0407020209597115,2.9439847742625798,3.0156799687884663,3.0464662254792727
LA1782,I,shade,high,pseudohypo,2.775558745530376,-1.1217388592162734,0.890616726712287,0.16952196476675,0.021202644922011696,5.59479843405,0.021216664165402452,0.09508736853606187,0.0787351451381245,0.06619228887688898,2.947472689026657,2.9366731552902414,2.974549466059206
LA1782,J,shade,low,amphi,2.6287661342128943,-1.6105003124997792,0.6733342376402602,0.057128050196,0.0070758013602346586,4.808205766375,0.005328848179192302,0.10302564111388064,0.0689219610115583,0.052515851746333955,2.8399510767665856,2.9509628672649444,3.0042647630347266
LA1782,J,shade,high,amphi,2.6287661342128943,-1.5059111851945957,0.6733342376402602,0.135203386505,0.018027501273150368,4.396875642225,0.01344163103407912,0.11282463094355823,0.08473900029616807,0.07404915398021301,2.8077370556660255,2.8995642411207303,2.9339117011627205
LA1782,J,shade,low,pseudohypo,2.617138000137261,-2.3110756025510875,0.6274170300859949,-0.127253547626,0.019048819964702587,4.7079755818,0.019651176989696914,0.07267734153243861,0.05768393169814623,0.05229461477607208,2.9372397624312065,2.9835819861116413,3.0026021355568875
LA1782,J,shade,high,pseudohypo,2.617138000137261,-1.909249016115469,0.6274170300859949,0.0791725165,0.009731556003518247,4.264613670425,0.007527015475686267,0.09694533961421437,0.07589421988298004,0.06933244423969209,2.864042644213989,2.9269377847514693,2.962798625188379
LA1782,K,sun,low,amphi,2.9459101283991904,-1.2854872010246474,1.4218227879225414,0.4355751879525,0.016773397916916774,5.087646518425,0.00938666321818414,0.14283461813417045,0.09616205934753327,0.06419439540783481,2.716822469868319,2.869211268952726,2.9712450033620286
LA1782,K,sun,high,amphi,2.9459101283991904,-0.5202939724780398,1.4218227879225414,0.49708827570999997,0.023268512059076263,5.2460420168,0.011337684105513196,0.24666391139494817,0.1601666464969853,0.09990846030429759,2.3821935329634494,2.6634862184557284,2.8542364931427593
LA1782,K,sun,low,pseudohypo,2.8969154381139326,-1.5154056536108627,1.1668717627093323,0.14412358208675,0.013587242302470525,4.85849360105,0.009928339070551979,0.15087356625608764,0.1354907060114282,0.12920891144440078,2.6653044456752117,2.714838519589653,2.7381667316292466
LA1782,K,sun,high,pseudohypo,2.8969154381139326,-0.5918576712599131,1.1668717627093323,0.5643938956,0.015333144805746038,5.28529494335,0.0075385798463421284,0.26001224298628883,0.20780397877869947,0.16624180773700953,2.3044723576520054,2.4839848875891972,2.631409773796553
LA1782,L,sun,low,amphi,2.936375625656775,-1.1912401662730514,0.9865459846328105,0.17314741296790526,0.0458028456652261,5.04242680715,0.044082749807505726,0.1759583049607365,0.13725101650258856,0.11063356606396521,2.6077992308281135,2.732612590667559,2.8198998228865197
LA1782,L,sun,high,amphi,2.936375625656775,-0.4807883129758133,0.9865459846328105,0.23473408987,0.0271584722915426,5.2913053763,0.022585307486555947,0.2856707278775773,0.22297259903791347,0.17187513237397978,2.2434125135595178,2.4491509656709596,2.6173043909067104
LA1782,L,sun,low,pseudohypo,2.869960689602715,-1.2849102035544828,0.5034298672036607,-0.083148627010475,0.03402200403249458,4.82706962815,0.04490139838177334,0.14345403920746186,0.12185943627684992,0.10986723363383959,2.686961099284344,2.762395332895296,2.799890548065747
LA1782,L,sun,high,pseudohypo,2.869960689602715,-0.580336397597053,0.5034298672036607,0.415986117165,0.01690932425048878,5.086559007775,0.009646824223313125,0.2465366217108462,0.20031728983277344,0.16156813154999441,2.347951944925797,2.513541213749743,2.651143390678373
LA1782,M,shade,low,amphi,2.938065940500841,-1.710090569302977,0.9395857903596938,0.0840496224855,0.01823341936305192,5.121918653025,0.019278700311831168,0.13191903239205235,0.11431023842611411,0.10468055271611451,2.7569890075906294,2.80732433283181,2.841199419686033
LA1782,M,shade,high,amphi,2.938065940500841,-0.9631215155670422,0.9395857903596938,0.3973711552725,0.0274481871357442,5.719699470125,0.017486632306407335,0.20770590660634566,0.17219907630582665,0.14701611332641867,2.506550873223783,2.6220246902031437,2.7056158098489664
LA1782,M,shade,low,pseudohypo,2.90205212627391,-1.6677396330276901,0.8178926893893987,0.1759843630575,0.01554101038845295,4.963004649475,0.013305505310285487,0.0858136163337498,0.06441632189668457,0.05059989226163654,2.8855616395278916,2.9643616297300155,3.0137562308347823
LA1782,M,shade,high,pseudohypo,2.90205212627391,-0.7537662468595242,0.8178926893893987,0.4466811847125,0.018150816727732992,5.594060730275,0.010233260678754647,0.1751936810705041,0.1303602475022902,0.09509868516736131,2.5921843795815622,2.7575194312120503,2.8755606515987666
LA1782,N,shade,low,amphi,2.9104391903580473,-1.5149374900918482,0.6710635434442397,0.18704359833175,0.024399187068299757,5.260977946,0.02095738181537601,0.08400087459602154,0.05370911690419936,0.03428495360383726,2.91860699613439,3.0068074516497942,3.0677615427041665
LA1782,N,shade,high,amphi,2.9104391903580473,-1.421544616456316,0.6710635434442397,0.03826147723815,0.007905251961725613,5.1267480092,0.008262735495762796,0.09202389478919627,0.07114220028365803,0.056664539240090746,2.90705856774581,2.9556278091370283,3.003468219447025
LA1782,N,shade,low,pseudohypo,2.901635103999546,-1.4208311324709022,0.560210202731568,-0.02292782466142065,0.008550451748075685,5.448113731625,0.01507546762281883,0.07951568228455001,0.057604157563125494,0.042620611150100865,2.916481978594457,2.9886316922272247,3.0371483391311886
LA1782,N,shade,high,pseudohypo,2.901635103999546,-1.228127040061577,0.560210202731568,0.106381670162,0.011247224807376763,5.096034071025,0.010589529825912316,0.09244207204011308,0.07555051661822798,0.061142440066037564,2.875812135754769,2.9318160668964346,2.980712285640331
LA1782,O,sun,low,amphi,2.7095969061906864,-1.0863141992225458,1.7090280162784472,0.28903018274,0.016358295753446283,4.75613792675,0.008364163694181574,0.15491494121273727,0.1270240539093883,0.11715722317527616,2.6882289825957453,2.7775476379177446,2.803493250939623
LA1782,O,sun,high,amphi,2.7095969061906864,-0.5777521639256401,1.7090280162784472,0.3063932401275,0.026165715372091797,5.0055627567,0.016369956832222154,0.2264156001504666,0.19189969440452628,0.1683894318405127,2.480187117340937,2.5796456574008975,2.6546767219131016
LA1782,O,sun,low,pseudohypo,2.620404889166448,-0.9817092072950846,1.4325290631090402,0.11076367746275,0.014020049480468137,4.482300768075,0.009669703226080854,0.1471848575582609,0.12807832881556244,0.12228417445082845,2.688371972166327,2.755396359449482,2.7769119938089797
LA1782,O,sun,high,pseudohypo,2.620404889166448,-0.47322094258713016,1.4325290631090402,0.22909823336,0.01667375162907703,5.1562078626,0.012654951674634825,0.21920052984031074,0.1917279670872806,0.16922084711560761,2.4943892352109467,2.576553172670624,2.6494322045565397
LA1782,P,sun,low,amphi,2.6735241352415264,-1.711425532266595,1.4986018581845095,-6.983759545886501e-4,0.005828716829346726,4.530325191475,0.004510047560045599,0.13146970240589728,0.10323631843533224,0.09063959615260152,2.744132335087122,2.8343838730675674,2.8763024082998676
LA1782,P,sun,high,amphi,2.6735241352415264,-0.5603816734980673,1.4986018581845095,0.1959021388175,0.008777476346681695,5.033797527225,0.00637100077794176,0.2861901989565213,0.20960675244993998,0.1451482400507566,2.1857416165862533,2.452751835348705,2.6764115551923475
LA1782,P,sun,low,pseudohypo,2.58577462886447,-1.8117252151503458,1.183517274124402,0.034958105527,0.004580392354813397,4.4261121608,0.0035608427213217092,0.11765100573905415,0.09195213391113766,0.08084102586805589,2.777355972974983,2.8595294010597656,2.8998190050997006
LA1782,P,sun,high,pseudohypo,2.58577462886447,-0.6355976804464846,1.183517274124402,0.19280059246,0.00711657152164818,4.94818928405,0.004756625519360698,0.2566149152847722,0.19049882036366284,0.1338271015228003,2.2880819424013623,2.5485388892094942,2.7336840099570177
LA1782,Q,sun,low,amphi,2.7339254256079353,-1.4029025336353753,1.6891504431912003,0.062539759315225,0.012961522845131607,4.684697751775,0.00912187575976187,0.1718516270316476,0.1438291918793879,0.12816326030854158,2.6273159729260698,2.7140944055316427,2.764248990433357
LA1782,Q,sun,high,amphi,2.7339254256079353,-0.6038761652830321,1.6891504431912003,0.3094211139075,0.013114735845478693,5.1573105012,0.008537581823893598,0.29645034057797187,0.23811301717334216,0.1847582936968242,2.221198850131388,2.4093675449232332,2.5823899450255574
LA1782,Q,sun,low,pseudohypo,2.7088871801902292,-1.062650126537894,1.4619337749243293,0.05412623610525,0.008560890361475452,4.798320200925,0.006508538559318917,0.1918492119730638,0.1548501496045105,0.1372122558205165,2.5218972539811606,2.6530964777910064,2.7140253502996856
LA1782,Q,sun,high,pseudohypo,2.7088871801902292,-0.5477301877060456,1.4619337749243293,0.406162702205,0.01842577843493605,5.32042777995,0.011102474243306485,0.2800817582893003,0.23800711830496776,0.20116837957704908,2.264345976749236,2.406546234791837,2.5303582635331656
LA1782,R,shade,low,amphi,2.7163774641160314,-1.6209842263352432,1.5219613923780133,0.061789366139075,0.01446406581690048,4.72176107785,0.01180236952493734,0.12569998987743347,0.09339088371551835,0.0730342870637769,2.7704857874381816,2.8711592320121464,2.938684547009387
LA1782,R,shade,high,amphi,2.7163774641160314,-1.2244662509063018,1.5219613923780133,0.253639621245,0.02048574449658246,5.1353599686,0.01552234112593449,0.16819438683791849,0.1379883472581073,0.11125798645731572,2.6262116657091372,2.7202822341051522,2.810481763578106
LA1782,R,shade,low,pseudohypo,2.7127970649534783,-1.9518671137446115,1.499837415503291,-0.09149945218202,0.02841796785038636,5.234870066325,0.07420067463975256,0.1017108249538943,0.08507841926797448,0.07787065245828431,2.8373278434935774,2.89395274996272,2.91903638646638
LA1782,R,shade,high,pseudohypo,2.7127970649534783,-1.3628690177733485,1.499837415503291,0.301226653335,0.02795372166013345,5.22193279745,0.021247829850758918,0.15899981211151001,0.12853088880991811,0.10266182543789791,2.650925377221286,2.7503958546624117,2.835149011661953
LA1782,S,shade,low,amphi,2.750588666539661,-1.6509577349911992,0.9314932135191579,0.0786643595175,0.01468966984181872,4.995254680425,0.013353891508842707,0.08295224856841248,0.06290726696204928,0.04777684117291524,2.909354039285933,2.9687801828541174,3.021946665492073
LA1782,S,shade,high,amphi,2.750588666539661,-1.187146234365009,0.9314932135191579,0.3056466621075,0.03383822070804954,5.1466215135,0.020529704105962596,0.12384058570339383,0.09766795241792714,0.0765191147411509,2.7891698597262766,2.865327788186235,2.9281646725378145
LA1782,S,shade,low,pseudohypo,2.7433042444258673,-1.5414474487002212,0.9093937056202239,0.00167609721051965,0.004946506222939493,4.995837963675,0.005054378586997434,0.08023075221868416,0.05897860761570882,0.04433056121999331,2.9099533247717813,2.9767490426309138,3.027529323119446
LA1782,S,shade,high,pseudohypo,2.7433042444258673,-1.2840298451921197,0.9093937056202239,0.1225802151689525,0.0355406293306978,5.180631488425,0.03498824320544921,0.10184114372338325,0.08383429515381911,0.06851274728264467,2.8621000847963147,2.8958365454694417,2.9488877210324063
LA1782,T,sun,low,amphi,2.667743043004049,-1.1642734694459462,1.5182350943695995,0.2980540059425,0.026138901410211475,5.148659184975,0.01756200543820209,0.15369717461813123,0.12687607724211225,0.10528185669432462,2.66814393546341,2.7522311639126613,2.8264723929591518
LA1782,T,sun,high,amphi,2.667743043004049,-0.5153138707590472,1.5182350943695995,0.3885604953175,0.015381551836196949,5.37079716975,0.009237722952905307,0.24659158674803247,0.19957819834457952,0.15973975752562097,2.364616275217979,2.516233496922934,2.652739254516777
LA1782,T,sun,low,pseudohypo,2.6494803246795677,-1.6643531408456316,1.3927978642155492,0.3845969353875,0.028184825948113147,5.44766248895,0.026216169483770466,0.09879114409087368,0.08912511989628558,0.08088679689323702,2.8554876728655154,2.8731448955748586,2.901350766457121
LA1782,T,sun,high,pseudohypo,2.6494803246795677,-0.7934766781500215,1.3927978642155492,0.47670725546,0.020100566629759304,5.30882430155,0.010682350506047891,0.1885461068147778,0.1457831588793096,0.11631868557274865,2.5536111230857066,2.6911002525017746,2.797194865900686
LA2133,A,shade,low,amphi,2.895777518230312,-1.6493151384790423,0.34352955003616437,0.28361962546,0.009717725995453317,4.58061521085,0.008450716844400725,0.14235807195375436,0.035724945395089885,0.032589656706730405,2.7382795544453304,3.056075780652833,3.0666041365372747
LA2133,A,shade,high,amphi,2.895777518230312,-1.3191377930095716,0.34352955003616437,0.37644131276,0.014951169473687739,4.8088881016,0.009569151963622647,0.18990350107758167,0.10181827997318135,0.08103045175712702,2.5805406555640675,2.858290732435997,2.9187985368661717
LA2133,A,shade,low,pseudohypo,2.7344328480047695,-1.9509644813989053,-0.18327489368384278,0.3694633544,0.010518832367988444,4.861458954125,0.008272951851047483,0.11688646954718411,0.03765682559094795,0.031189772319991316,2.7928210705239027,3.052841616703775,3.073551886586275
LA2133,A,shade,high,pseudohypo,2.7344328480047695,-1.1867685455666321,-0.18327489368384278,0.6292321980775,0.01978182676627544,5.4381614808,0.008788366646386532,0.19786127542872486,0.11848533606220642,0.06645483022779258,2.505389743305379,2.7793204750627547,2.9555397400167096
LA2133,B,shade,high,amphi,2.8629097904484553,-0.8549350477400974,0.828604913789163,0.4441689664175,0.016406759130335326,5.67607226085,0.01005287439710371,0.2509302065118112,0.1634282238713236,0.10215415148422571,2.3144279706151027,2.6221556308215233,2.829611602275597
LA2133,B,shade,high,pseudohypo,2.8177907121110555,-1.2849491754249278,0.5709243934680902,0.36355552828,0.027874619239559445,5.333374880425,0.019034004976339978,0.18188610404775837,0.11768094654429156,0.07590572341203339,2.545697562297113,2.7773408518445524,2.9230848423397875
LA2133,D,shade,low,amphi,2.950104947691269,-1.2519463666609243,1.1504275805278676,0.3237142127975,0.03362825337338245,5.20398622645,0.026630169743529344,0.18874487445391006,0.1324877486289194,0.03594747523644682,2.553364908687105,2.7400065720286655,3.060011253906927
LA2133,D,shade,high,amphi,2.950104947691269,-0.7574282811933526,1.1504275805278676,0.4238105314725,0.02182912226773995,5.28413641385,0.01232235163959422,0.25472972266052407,0.16828258505455843,0.10548506776677884,2.3002412717838663,2.601559467526709,2.8165751015939704
LA2133,D,shade,low,pseudohypo,2.8374940909632076,-3.2688191907195656,0.8031892143039152,-0.040666789943035,0.011843718088851945,4.5146665561,0.015816071444689547,0.04624771827986506,0.03876063127470906,0.03598639049600274,3.021199672083498,3.045681622584542,3.0569120712070683
LA2133,D,shade,high,pseudohypo,2.8374940909632076,-1.1006950995395428,0.8031892143039152,0.2841906316975,0.029084116172857784,5.26763461525,0.02118042789138517,0.21850342127966918,0.1542858392769536,0.10925455591439164,2.437394817551776,2.657947803858936,2.8110734161240756
LA2133,E,shade,low,amphi,2.9826659915556144,-1.386920519654503,0.6453648074714986,0.4143293161025,0.012687525324631684,5.01241321275,0.011996104359993551,0.1695871249441653,0.03520036952704002,0.02829456599732509,2.607153969406773,3.0609374385768335,3.085134770981405
LA2133,E,shade,high,amphi,2.9826659915556144,-1.1027152410337349,0.6453648074714986,0.4130782437,0.019446631747230297,4.902555368,0.015910425986703218,0.20360974495913,0.06545961634339156,0.056990667584643516,2.4893723122769136,2.9632614096662184,2.9875671425083494
LA2133,E,shade,low,pseudohypo,2.8806718523490886,-3.4691774838426275,0.29205623998406655,-0.0264670544361498,0.012100545123819044,4.27305498525,0.011326217888500863,0.040612454445565355,0.03270302645157301,0.02962815335897869,3.040153514442589,3.066179818080997,3.0805711961165234
LA2133,E,shade,high,pseudohypo,2.8806718523490886,-1.176860521646159,0.29205623998406655,0.427622840445,0.024305667109389393,5.1148906497,0.014736625144864573,0.20254501481295092,0.1409824019290602,0.07244966572871124,2.5254306245451534,2.7098777266490393,2.9416051166218002
LA2133,F,sun,high,amphi,2.9967760928873775,-0.4021630145722342,1.2554583409095592,0.6015172805225,0.019383914362899594,5.747624803925,0.008334309451595011,0.348205519173329,0.209238710963064,0.11627104564517264,1.9491752472583848,2.4483094159760217,2.777583942692999
LA2133,F,sun,high,pseudohypo,2.870552554294924,-0.8554350984965817,0.7895829127785132,0.559276016785,0.04506111064162449,5.2642695526,0.025249619173598453,0.2604850366941966,0.18801616915728445,0.08751220338088246,2.2633316855633914,2.520875741590948,2.8765692795946545
LA2133,G,sun,low,amphi,3.1372184190745473,-1.04586863352121,1.4743722825382246,0.4291732263525,0.01899383962642943,5.202039372425,0.008665735792892043,0.27871652270424524,0.14970942219571848,0.08442428669063459,2.2515061146650135,2.6802914984225765,2.8986542385477816
LA2133,G,sun,high,amphi,3.1372184190745473,-0.23878689762671995,1.4743722825382246,0.477570086005,0.012953587533534499,5.799247484775,0.007316351437897601,0.3979401046256963,0.27763661990254074,0.17861126707666547,1.7905651681705441,2.2158652585099223,2.558831950243722
LA2133,G,sun,low,pseudohypo,2.8784748619306697,-1.8657298596525875,0.7975052204142585,0.0840667641075,0.0075399953978519145,4.9232850857,0.005179574127018053,0.1948595257182394,0.12584584806494,0.093467547558321,2.532665914293114,2.759343060852407,2.8687640110898958
LA2133,G,sun,high,pseudohypo,2.8784748619306697,-1.2075123456728734,0.7975052204142585,0.28458468347,0.01071266230508278,5.2013178625,0.0060042239106658174,0.2552382511096741,0.16239916859328918,0.11083818236339077,2.2922391116089584,2.624358467921958,2.8029445136636344
LA2133,H,shade,low,amphi,2.8097505219740837,-1.6743581292206506,0.21582985737936858,0.2135359926125,0.01234978419946268,5.074222564025,0.01230267958367214,0.13231709493937885,0.03321490589408532,0.023945100259282107,2.7439075009524845,3.068992829272224,3.1001456441928505
LA2133,H,shade,high,amphi,2.8097505219740837,-1.3072904215956083,0.21582985737936858,0.3422119329925,0.016108634267265456,5.065487562275,0.012926296279863306,0.16840432346012282,0.06246126179960383,0.04772301376590384,2.60298542148722,2.96724275838057,3.013373075825502
LA2133,H,shade,low,pseudohypo,2.6411119102874667,-3.4742250962995307,-0.38522967240394135,-0.021771120004565,0.0070424204980804135,4.3139989724,0.006159318031740785,0.04606883429679333,0.03804793425270246,0.03503903006368791,3.0261176834830876,3.051410879090073,3.0608480862334475
LA2133,H,shade,high,pseudohypo,2.6411119102874667,-1.2404748842880433,-0.38522967240394135,0.32347240706,0.021741633392144983,5.1655903838,0.012699994758305732,0.1918583387633777,0.11738086232024361,0.0732898916310726,2.509369278730946,2.7716772990517056,2.9274790245486857
LA2133,I,sun,high,amphi,3.154259714000294,-0.41496584154638977,1.637445132852725,0.30966208478,0.009498800129248312,5.305956710325,0.005690873304012438,0.334057018028316,0.227925677678515,0.14421650660423135,2.0364131337112035,2.400885462444058,2.6845922303448244
LA2133,I,sun,high,pseudohypo,3.014851543196821,-1.066421096426933,1.114078059162051,0.1707893600025,0.006118873248506867,4.8551541765,0.004854489511210873,0.23945051449144744,0.07192497570949963,0.05866131686710833,2.3908368243797176,2.9497757777463858,2.995590813600797
LA2133,J,sun,high,amphi,3.188460872518694,-0.1447071112564533,1.4695655845967075,0.37630638527,0.0112737297338955,5.99469561745,0.02557685025833205,0.3734255026198004,0.315873242546858,0.2641233845604416,1.858655953834248,2.0651545166566327,2.2641108431395196
LA2133,J,sun,high,pseudohypo,3.046491800255887,-0.4823774042818882,0.89630178184829,0.351213443415,0.014208782828590949,5.60578754085,0.007973482670391916,0.2784576018503465,0.1702278274474782,0.09417242847114114,2.1880443346576786,2.6090039982003286,2.8698854154578672
LA2133,K,sun,low,amphi,3.143414758204128,-3.516485973643545,1.6795225785109011,1.1351623269152427e-4,0.019782212985582772,4.99628670275,0.015147615881010532,0.04829766827490727,0.034025297911188836,0.026093713765871652,3.008424625071696,3.0660341012888663,3.0920065006350983
LA2133,K,sun,high,amphi,3.143414758204128,-1.6444143815885535,1.6795225785109011,0.3830730903975,0.006809096704395597,4.894232428075,0.004158135106684926,0.16164628422553448,0.0480421256464459,0.03185592578749158,2.6386475765103077,3.017830236709412,3.0733733230019817
LA2133,K,sun,low,pseudohypo,2.980208332881668,-3.400770984263964,1.0687395597301506,-0.048107161969245,0.016450568943956335,4.587741574025,0.013705904043146984,0.05258790982988311,0.038080576565921245,0.030931015860411783,3.0271023990482804,3.051819347810529,3.0778817803961553
LA2133,K,sun,high,pseudohypo,2.980208332881668,-1.3106505839818245,1.0687395597301506,0.06327006281275,0.005333926174735096,4.715271291575,0.0035476007003062983,0.20100757335292502,0.08229332074957309,0.04552927922396799,2.519414753351491,2.9115799783622722,3.0366949253082045
LA2133,L,shade,low,amphi,2.91082386961126,-1.2193938673296558,0.9665652736367513,0.4447861846775,0.03767950606402752,5.243043533725,0.023953120713274823,0.21337165147013146,0.15203542256787234,0.05169669003479398,2.4371850711874647,2.650175538530384,3.0016227431596647
LA2133,L,shade,high,amphi,2.91082386961126,-0.8541837193285223,0.9665652736367513,0.354837471055,0.028241433392926434,5.460539304025,0.018840279110375602,0.2757457235778027,0.20839738585896173,0.15586353154774096,2.253547734572419,2.4603689173307464,2.6433779873096297
LA2133,L,shade,low,pseudohypo,2.8554007004628223,-1.7828875366852943,0.7017918753064398,0.3511937145525,0.04238855670149172,5.3765028035,0.03020421440538214,0.14250245884837084,0.09188887858150782,0.026814637846585943,2.7414236931101823,2.875712020822878,3.090351649231135
LA2133,L,shade,high,pseudohypo,2.8554007004628223,-1.0631646393821792,0.7017918753064398,0.2968285604475,0.03540669730411108,5.889053847075,0.03310233439413167,0.23595793643300594,0.16684374235211583,0.11107947871671442,2.4002856965541977,2.63516083781866,2.8191536931906716
LA2133,M,shade,low,amphi,2.9847895110291063,-1.312110720499899,1.238926296679613,0.25588613535,0.013202504792232651,4.909438738425,0.009907588022328708,0.20938040250260131,0.07171069244024442,0.05525145953750119,2.493179290072327,2.9457885083471917,2.9985087541290025
LA2133,M,shade,high,amphi,2.9847895110291063,-0.6281129080154407,1.238926296679613,0.4156477067975,0.03045132531383385,5.4749633511999996,0.0185203072654238,0.32337949235380764,0.23268191047849623,0.15983266680857036,2.102673145160007,2.405273370050846,2.648815295755935
LA2133,M,shade,low,pseudohypo,2.96201962990483,-1.2162652799873492,0.8999779982739375,0.3577581282225,0.02576224051609376,5.41195927185,0.015265994363210253,0.21861704237961566,0.12024164286422534,0.06513933380406979,2.4595506885934784,2.785860367000905,2.966295730555936
LA2133,M,shade,high,pseudohypo,2.96201962990483,-0.7478090298247315,0.8999779982739375,0.3461607183075,0.0259675641041997,5.53644303085,0.020288045179552308,0.28518120865313046,0.2308177744377154,0.1846493742617843,2.218969369131061,2.404972643785318,2.5595041094631243
LA2133,N,shade,low,amphi,2.9650091417022653,-1.488415330530174,1.3042572467690567,0.36398367552,0.041758572127928294,4.98167464895,0.02434897825714164,0.17720748209019319,0.10005764620204063,0.043333663506200985,2.572925432505101,2.852882244429751,3.030205648323191
LA2133,N,shade,high,amphi,2.9650091417022653,-0.6160006679620837,1.3042572467690567,0.16467593703475,0.01433156465062484,5.429512698325,0.014040844312515625,0.3112437657188491,0.24522037335524324,0.19025445869925556,2.0994584846509885,2.3277572709043914,2.5244754673966936
LA2133,N,shade,low,pseudohypo,2.900791062802933,-1.7272950880439515,0.9946842327928008,0.222560098525,0.012364743466057109,4.58069938685,0.007227894646959723,0.15392364258993582,0.08444219813263645,0.05677979112463856,2.6717522735492674,2.9083627050810197,2.988519488172665
LA2133,N,shade,high,pseudohypo,2.900791062802933,-0.9490188629517149,0.9946842327928008,0.4012954229675,0.020925679178394718,5.2368408529,0.012681308847532382,0.25603766332464867,0.1873692506379044,0.13452776259888813,2.3134809797000964,2.5479170546862235,2.7314230311633745
LA2133,O,sun,low,amphi,2.9500435772451192,-1.6036760468376716,1.5429279133539742,0.6666241928,0.02466750245872488,5.451214016925,0.009662782465812668,0.1672760441542091,0.10862056645007223,0.06929792166246705,2.6318772618089326,2.8246662651042302,2.953311879606674
LA2133,O,sun,high,amphi,2.9500435772451192,-0.26530955873016215,1.5429279133539742,0.4627321835075,0.010374349156236902,5.539100532925,0.005372171103794125,0.3789633604404681,0.2315705488353811,0.12713901719793017,1.900627722308558,2.411129128371151,2.7571320996453474
LA2133,O,sun,low,pseudohypo,2.81579000149126,-1.4221112702119343,1.1424063596521505,0.887812089855,0.039080419874123924,5.615124151725,0.011111060923086363,0.18886762456829645,0.125040945876425,0.08140785128764845,2.5558938634924377,2.7668970112690343,2.9130503036300848
LA2133,O,sun,high,pseudohypo,2.81579000149126,-0.4429015049537877,1.1424063596521505,0.6877697893475,0.02379582808369255,5.793322863125,0.009422332050903185,0.33589263887580645,0.2438602612876603,0.17382112792276216,2.0417041619291245,2.3603608283186466,2.60153937205498
LA2133,P,sun,low,amphi,3.1677746409347676,-1.506828345277507,1.5419697760787934,0.080639340745,0.004409399113064492,4.61477676965,0.0027772016406199308,0.17835189663140483,0.06518423036536256,0.04808419654878404,2.5774280965671217,2.962953715842836,3.018735827516224
LA2133,P,sun,high,amphi,3.1677746409347676,-0.2801631396058056,1.5419697760787934,0.5166782141025,0.010093162444040365,5.506700836925,0.0044760513046539704,0.37268783114147136,0.2182812387923294,0.1138864075359303,1.8681220399705403,2.4185155003139487,2.7874214873441723
LA2133,P,sun,low,pseudohypo,3.07008943844987,-1.64106227203909,1.0478693010056497,0.1472720990925,0.008938751572361452,4.942429246125,0.005741213437084327,0.15696597379096439,0.07396663624873732,0.036463119882362026,2.6710271307943865,2.931077436166019,3.0580925871970224
LA2133,P,sun,high,pseudohypo,3.07008943844987,-0.7199915446015862,1.0478693010056497,0.4925640975225,0.010484273392677153,5.37243360055,0.0047354468763438065,0.28144628942963457,0.15702594075101203,0.07617427119099533,2.2142327881139336,2.654285280255125,2.925023832629618
LA2133,Q,shade,low,amphi,2.9614008583472406,-1.2110964404761213,1.2687652850088103,0.29777868338,0.03966134545134675,5.330282702575,0.022456361855757157,0.2171531282263218,0.11053371668658771,0.05253480552291553,2.460717416855279,2.8317737879970295,3.0076706127920287
LA2133,Q,shade,high,amphi,2.9614008583472406,-0.4448216950543495,1.2687652850088103,0.4164713450925,0.010336322743016954,5.7428861485,0.006838784211190576,0.34074358416051226,0.23544838131264806,0.14908132499296461,2.040825293083853,2.400233989627279,2.6943719984752468
LA2133,Q,shade,low,pseudohypo,2.9268908695132323,-1.3781361560546042,1.0154220963617147,0.3891874734775,0.035735721321542534,5.26072624925,0.01885164796156706,0.17891269551612396,0.10230654559529917,0.05619210970520938,2.5825785223316142,2.8504427972248325,2.992243675787177
LA2133,Q,shade,high,pseudohypo,2.9268908695132323,-0.6558804831124865,1.0154220963617147,0.5260660090175,0.02504473965460671,5.625851345025,0.01272428733606927,0.2867474617486356,0.19727719164078922,0.12751494854229115,2.239090067301414,2.542974457687745,2.7737546208778694
LA2133,R,shade,low,amphi,2.786870358125863,-1.647838704698153,0.8370407171018993,0.37359226111,0.018648729909887935,5.018620112325,0.013953376580399246,0.1394282392736945,0.05631444737686439,0.04381178749214813,2.713424453345814,3.001773594484346,3.0327439067343827
LA2133,R,shade,high,amphi,2.786870358125863,-1.0171607968260028,0.8370407171018993,-0.00532736294591425,0.04408577742379247,5.757150798275,0.08842163139437506,0.21789851287637835,0.1813535548641804,0.1521892913011431,2.457245960939604,2.5673978577903283,2.6666811523399128
LA2133,R,shade,low,pseudohypo,2.7431946758117736,-1.7211773561343544,0.639679795974306,0.3024024869775,0.02186298359619187,5.10813723745,0.013239416532412885,0.14521745665880564,0.09293723168521921,0.06337256942426747,2.6941761324695035,2.8661549060403,2.9634423464967967
LA2133,R,shade,high,pseudohypo,2.7431946758117736,-1.0230640592489522,0.639679795974306,0.09028433492065,0.021072020704090234,5.543158896425,0.026579188684725412,0.22405398789486525,0.18611368688346874,0.1541681013371689,2.405976849234118,2.5425250341754597,2.652927865023516
LA2133,S,sun,low,amphi,3.013010086111404,-1.019768421252471,1.677913014623748,0.239480625405,0.00913255699227817,4.9976801907,0.0054697737380955585,0.21750025989518845,0.10806960178551059,0.055629930727199545,2.4370150125707073,2.832307113652459,2.9967600373042065
LA2133,S,sun,high,amphi,3.013010086111404,-0.45999178825289005,1.677913014623748,0.34166478286,0.010337632803023236,5.320476121875,0.0057384136561515215,0.312544378624024,0.1922318892751596,0.11128142731846802,2.1146135920422022,2.547052221327794,2.822588866344537
LA2133,S,sun,low,pseudohypo,2.8378468172479625,-1.761332777187401,1.0851264331723323,0.1905838459875,0.0042149165823137,4.874469549275,0.0029833107324214515,0.12276964325174033,0.06823700723527405,0.04533563018278024,2.791351303534982,2.9577421955186285,3.0305930950072004
LA2133,S,sun,high,pseudohypo,2.8378468172479625,-0.5799106507345358,1.0851264331723323,0.43590338735,0.013059797178030576,5.5023574115,0.006844158693546154,0.28088972509635335,0.15393396427785794,0.07285646127520054,2.2373980281828505,2.701834159494952,2.9535123491449156
LA2133,T,sun,low,amphi,3.0654482085945447,-1.981144448055123,1.3531827792112283,0.3326759517475,0.012215458972999027,5.1224080047,0.007291031176570455,0.12146641664636669,0.07929774248541097,0.056388214599427,2.7933492596858787,2.919547541079237,2.9948420393926374
LA2133,T,sun,high,amphi,3.0654482085945447,-0.2866041090542241,1.3531827792112283,0.525237194255,0.008765958702945213,5.6337221874,0.003790639926804557,0.3747268815128539,0.20750883960909414,0.09834857297605386,1.9141072775695605,2.5001155382194304,2.8646336915970427
LA2133,T,sun,low,pseudohypo,2.925737025553062,-2.0833502001806288,0.8853345690256509,0.13114653423965,0.0412752409661059,4.36028213895,0.027874957857272196,0.10815497204902998,0.08753345968505041,0.0813592909736867,2.8343895285510663,2.8827284050836384,2.9071921106544556
LA2133,T,sun,high,pseudohypo,2.925737025553062,-0.7312525411013469,0.8853345690256509,0.559703217275,0.02139964948161795,5.5154711924,0.00901982928020029,0.2917405034834264,0.18737397250034046,0.11391934312594114,2.2316033922335943,2.5897500733198204,2.8143546395522274
LA2133,U,sun,low,amphi,3.0530943713589824,-2.157553402200664,1.5290070308823336,-0.014322008592192875,0.015181436863075477,4.42824489835,0.011639940023526122,0.15434718071420156,0.14388704870514352,0.1438761718491069,2.6728228175750974,2.694954903007507,2.6958693007530505
LA2133,U,sun,high,amphi,3.0530943713589824,-0.7338464910372949,1.5290070308823336,0.329161954095,0.007269049306226031,5.0455729538,0.003991694150740854,0.32388968643342303,0.22204869135850075,0.1657225778421927,2.0898220916231893,2.4584958613671386,2.658231557171347
LA2133,U,sun,low,pseudohypo,2.9084429983537614,-2.1157738176221375,1.03908571055237,0.041278876177475,0.012120394953222102,4.47511407175,0.009022669859442384,0.09320885143989852,0.06776761501661109,0.0543326737674447,2.880675591683356,2.955266624774244,2.997958724762458
LA2133,U,sun,high,pseudohypo,2.9084429983537614,-1.2838995215980469,1.03908571055237,0.2034171879725,0.013365074762836418,4.863800181625,0.00827122190962281,0.17840237703968845,0.11139052524069684,0.06914895158961837,2.603196812462281,2.835677186827383,2.957494940801995
LA2133,V,sun,low,amphi,3.006332009861712,-2.3796284208679603,1.471235383876694,0.079889470162,0.017895559509154804,4.860674846275,0.01416803178928487,0.09128928096212505,0.07497578678204457,0.06484312424217528,2.8723141056979253,2.9275694720366543,2.9647518479435826
LA2133,V,sun,high,amphi,3.006332009861712,-0.938977803899131,1.471235383876694,0.19636760489,0.010769188133416091,4.779308676675,0.0068811768952730425,0.2565993390354075,0.1710942663081547,0.10833784568491155,2.3021282182937686,2.599073310749477,2.815082692332603
LA2133,V,sun,low,pseudohypo,2.858427718109715,-2.370005587803472,1.0706979243674322,-0.2207681528125,0.054750355116289694,5.4241137205,0.058904340334447886,0.09245889853964223,0.07098179645256886,0.058127936278019335,2.8932506553084036,2.941221163053234,2.9862875742233284
LA2133,V,sun,high,pseudohypo,2.858427718109715,-0.6444902056807563,1.0706979243674322,0.484976047915,0.008021799780775633,5.588011871,0.004209410637751246,0.29521426097660486,0.20155355682196574,0.1277741142384641,2.161204147586751,2.495852218487993,2.753915297971194
LA2172,AA,sun,low,amphi,3.0535973718053824,-1.2334864167155544,1.4338348214053704,0.8717422358575,0.013302772712167937,5.43466778765,0.00497597774857425,0.23173427224537485,0.08275845957795491,0.06531683281651168,2.403576758774393,2.9172412867579456,2.9680719237383335
LA2172,AA,sun,high,amphi,3.0535973718053824,-0.4803183861057885,1.4338348214053704,0.485270067895,0.012548858269900648,5.497502505,0.005556752638545439,0.3531807124125677,0.17402993134693742,0.08524791437718249,1.9812491015330917,2.6108949527044847,2.9003483189142303
LA2172,AA,sun,low,pseudohypo,2.9390577872985046,-1.1727562256449724,1.0875809247749622,0.1613167910175,0.007344513251064399,4.98367960415,0.004730988046938818,0.20481390739872007,0.10709518806190549,0.055494842114007605,2.4871624748200603,2.826796754361012,2.9964931313876146
LA2172,AA,sun,high,pseudohypo,2.9390577872985046,-0.4725030906269578,1.0875809247749622,0.58171376098,0.016192190333993085,5.734255984275,0.0072359603640607196,0.3193237007994119,0.19904002728230566,0.11391355008418662,2.087401750924574,2.5096726353558685,2.807439197354296
LA2172,F,shade,low,amphi,3.0652674258391284,-1.8764677039707192,0.8589223046018026,0.202312103315,0.016121700019173076,4.8428914850750004,0.010428933717056523,0.13990691015054446,0.07915456475987875,0.049550991808553185,2.7154855690443807,2.9177635540366165,3.0142140875958217
LA2172,F,shade,high,amphi,3.0652674258391284,-0.9442455148726203,0.8589223046018026,0.1297013463535,0.009390920153523606,5.396078427575,0.015152987060840142,0.25722895217741404,0.21063021125843479,0.17238207742523926,2.310812348782658,2.461801364597771,2.5936315329628554
LA2172,F,shade,low,pseudohypo,2.9817302937993633,-3.1817175875270123,0.45963536377590364,-0.063463500474265,0.027708774089566398,3.92095975445,0.023630373743489398,0.054160273105987616,0.04343079314269192,0.040575969764741024,2.9941267652229335,3.033400117432546,3.045371228391674
LA2172,F,shade,high,pseudohypo,2.9817302937993633,-1.1308166984608823,0.45963536377590364,0.280901475915,0.03018075073288194,5.439946072,0.0467658892564859,0.22560733636041044,0.15498646124111326,0.10371630618880077,2.4188960465137135,2.656859477393456,2.8361349298185656
LA2172,I,shade,low,amphi,3.0262172917057932,-1.7700262396535027,0.8306442674503788,0.2283034965425,0.015638863970845403,4.60212803955,0.009140376970043667,0.15360973286035695,0.08689440896846377,0.0570821858179544,2.6697010143289397,2.8913808796048452,2.9892118429900676
LA2172,I,shade,high,amphi,3.0262172917057932,-0.9088280857971618,0.8306442674503788,0.36480726427,0.02227012368913306,5.30020595535,0.014695842907894214,0.26668878003108654,0.18338744516578961,0.12246080879145586,2.2597831906639065,2.5441219097722536,2.7583197131157164
LA2172,I,shade,low,pseudohypo,2.9966530531988473,-2.1795022941994926,0.6385610994456574,0.169865342615,0.014682258229459661,4.513343678375,0.009512731163764332,0.11030482904460852,0.06564116541527065,0.04557162753630732,2.814274212780499,2.9604813580312768,3.0270743634945534
LA2172,I,shade,high,pseudohypo,2.9966530531988473,-1.3084090215665667,0.6385610994456574,0.24929978706075,0.04282905753184414,5.272508026525,0.034378138064625245,0.19765376490366118,0.140387306429464,0.09684627732881736,2.492352821758274,2.691884038087127,2.8443011141053307
LA2172,J,shade,low,amphi,3.001765207142238,-1.2977266305692383,0.9885137396807778,0.3104436770525,0.0058052625770850744,4.7832363845,0.003378985182924213,0.20411530252909868,0.11161060811104298,0.07094918689779449,2.486193601986695,2.8060476018193015,2.94084449180414
LA2172,J,shade,high,amphi,3.001765207142238,-0.792598012475926,0.9885137396807778,0.2083885096975,0.008075462941238766,5.068603122725,0.005306112595599555,0.2771448365789822,0.20918087065462992,0.1619729287988767,2.212128000471057,2.45707128104614,2.623327347082877
LA2172,J,shade,low,pseudohypo,2.9297900212800396,-1.8258363527558101,0.6406909390138014,0.12620194243925,0.007855474130009883,4.5615274395,0.005320888128699881,0.1389839057812652,0.08335942050903132,0.0572429388545572,2.71585363937685,2.903889190945874,2.9879251056323546
LA2172,J,shade,high,pseudohypo,2.9297900212800396,-1.103620549272109,0.6406909390138014,0.342005738565,0.023481028801744436,5.1156580461,0.013929032857886568,0.22575494606266056,0.16324213216673253,0.11367059913141946,2.406694047640235,2.6250211633849663,2.794645883067613
LA2172,K,sun,low,amphi,3.1563700586362753,-1.1868280435787004,1.8912724012469722,0.897226767565,0.042351922832586444,5.262642615325,0.013236037062568732,0.22255777257515977,0.13101249537942788,0.07533979207425556,2.431340997059106,2.738047163545695,2.925328007909188
LA2172,K,sun,high,amphi,3.1563700586362753,-0.30582722115744454,1.8912724012469722,0.3740495366375,0.012065769419819513,5.47143378015,0.006479167195014434,0.3668482638069896,0.25488932315814744,0.16365408167669604,1.8963495687733747,2.2908498029058713,2.6145987293134025
LA2172,K,sun,low,pseudohypo,3.066854284466175,-2.04398455953857,1.482598422523073,0.323195200845,0.032119282553816984,5.96405146215,0.019280541252151118,0.11960210489427109,0.10394552098011273,0.09050180606471493,2.779245762454659,2.8291785076967395,2.8748722461416056
LA2172,K,sun,high,pseudohypo,3.066854284466175,-0.6973121829301073,1.482598422523073,0.3104171410625,0.01048665186698954,5.073494473,0.005919092403758552,0.2811873858516829,0.20589972551797808,0.14799448984178784,2.1881439304266213,2.4568236482219934,2.666597956964137
LA2172,L,sun,low,amphi,3.1797171733312704,-2.4931998141474794,1.835515334850695,-0.039597470844600004,0.008753696107394444,4.44463947335,0.0072700357056227835,0.08641560972122024,0.04600965572462005,0.0371306498895817,2.8882988599836477,3.0262422574672208,3.058211088921065
LA2172,L,sun,high,amphi,3.1797171733312704,-0.3559481770862874,1.835515334850695,0.5285121784575,0.006165262396983936,5.6285027895,0.002619064195022564,0.3591550943588449,0.17696123024925242,0.07754539879709653,1.9277067769469458,2.5660979511368014,2.914753527920762
LA2172,L,sun,low,pseudohypo,3.090255535644558,-2.796836603222694,1.4745010066420856,-0.0451085046646325,0.012226356482934674,4.765021033625,0.010395255037729803,0.06332243564790983,0.034090459703180184,0.020548511348910465,2.9643090640779537,3.065634943184661,3.1111348751260284
LA2172,L,sun,high,pseudohypo,3.090255535644558,-0.8044473894732238,1.4745010066420856,0.26164158684,0.02292244008683646,4.8972621618,0.013079851986046307,0.26565796526102,0.13170493717819537,0.06365625118367242,2.2697603114379596,2.7531656872991754,2.966795437383743
LA2172,M,sun,low,amphi,3.184764551598063,-3.3859897494995166,1.6533511710293411,-0.099961286078,0.007735631594681855,4.517232192275,0.007568602476874187,0.05034004045958819,0.035991961473075026,0.033450071084338145,3.013014078192914,3.057553654756438,3.067926181473196
LA2172,M,sun,high,amphi,3.184764551598063,-0.4768248813302192,1.6533511710293411,0.17527323651,0.004134691015006317,5.3582233275,0.002686563957846276,0.33625529937980475,0.1721693447044757,0.08053267463582611,1.9959574831634253,2.5778636272525177,2.900363192949248
LA2172,M,sun,low,pseudohypo,3.0897255535881354,-3.729068570691063,1.2508274732714528,-0.107855296764375,0.02547443271168908,4.6725909723,0.030241225928498358,0.032482068366353624,0.0240514399129612,0.02078682767294597,3.0820627834487735,3.0945900747053248,3.1084330055303298
LA2172,M,sun,high,pseudohypo,3.0897255535881354,-1.160978714016367,1.2508274732714528,0.27567125868,0.015067723983940958,4.481809492,0.013530511878662076,0.2125297982267601,0.0393616710947997,0.03121392733477837,2.4516710954263266,3.0451852844394516,3.074273323980832
LA2172,N,shade,low,amphi,2.9843864337303994,-1.2341432177058564,1.2498483687379596,0.12286263019725,0.007288394774849365,4.82474442625,0.00492536222345159,0.20388560432807687,0.07555915962203918,0.06040636904786962,2.4773723036587167,2.923945551735663,2.983721117131637
LA2172,N,shade,high,amphi,2.9843864337303994,-0.6201395445675798,1.2498483687379596,0.2115176509725,0.025400967746627656,5.463823683675,0.01995483545433026,0.3135666724570235,0.24246597851279295,0.18571044140140006,2.12364554866181,2.358143948798585,2.5599759029284774
LA2172,N,shade,low,pseudohypo,2.9360110004304767,-1.1868009799943764,0.988970761494091,0.5151303055374999,0.05627225507596505,5.1638138056,0.04759287516458942,0.19775727572633123,0.16278400320140649,0.04386510866786724,2.504941907698412,2.6239820611603095,3.0301841071245006
LA2172,N,shade,high,pseudohypo,2.9360110004304767,-0.8588441343178157,0.988970761494091,0.3381244887025,0.019138071402102053,4.981582353425,0.010250995752726845,0.25281640252023263,0.1610750241757003,0.0989332967675222,2.363842915021841,2.644437784195455,2.855533210802416
LA2172,O,shade,low,amphi,2.9644231822025926,-0.9784364031384919,0.9240207256751816,0.547251229055,0.03401055096487105,5.5266371628,0.018228507177719587,0.24528393286728034,0.17162498123524386,0.037278386665298834,2.369337624566974,2.6200812229245676,3.058810689771833
LA2172,O,shade,high,amphi,2.9644231822025926,-0.6511301922230015,0.9240207256751816,0.57332460685,0.022664265944398816,5.89366175815,0.010869400694482325,0.3001664961957377,0.1635347687628843,0.08094538365468903,2.1787050761312114,2.644123496722854,2.9111825931498565
LA2172,O,shade,low,pseudohypo,2.8823138712902505,-1.0824428390630856,0.5694041403302937,0.7307454474,0.02617619646733705,6.009361050425,0.009781987035558309,0.22966346528108755,0.1233020828165882,0.06252762931083747,2.410390064345114,2.771681259187825,2.9732899199655334
LA2172,O,shade,high,pseudohypo,2.8823138712902505,-0.7850893149946423,0.5694041403302937,0.4845508481275,0.021331281968239527,5.735452198275,0.013559885235679562,0.2720029803254349,0.20942446360693223,0.15474911661207127,2.2675454602381713,2.482101618764574,2.663919079286851
LA2172,P,shade,low,amphi,2.746147511364798,-1.956675431197818,0.8559561366605652,0.156728142145,0.008717855749833997,4.530128445775,0.006010092164034358,0.1390875427277022,0.10427700462322789,0.09004297761835262,2.7158370631654285,2.8330156689222274,2.8787513155586564
LA2172,P,shade,high,amphi,2.746147511364798,-0.8849307391123348,0.8559561366605652,0.2396402727175,0.022977438120431088,5.31149640605,0.0163524910978202,0.2741636144390516,0.19689558330709206,0.14261280943538227,2.2347066825588824,2.5022117151927974,2.6949667140503735
LA2172,P,shade,low,pseudohypo,2.690988050950871,-1.860934380819242,0.6413689393185362,0.18140046313,0.009417312361971807,4.749100387025,0.006311514834411822,0.12516256707301193,0.08270602985252778,0.06232873634624549,2.763861130149488,2.898302760721118,2.9689165615070876
LA2172,P,shade,high,pseudohypo,2.690988050950871,-0.8668337257289306,0.6413689393185362,0.135006772986,0.01662042146274629,5.74217049025,0.01946930725396507,0.25263752247764654,0.1897368031540658,0.13793174184385754,2.322710233529974,2.528521285631388,2.712647547713045
LA2172,Q,sun,low,amphi,3.1141170732742363,-1.2593740646095999,1.5317973203580009,0.352792047625,0.018715571174292,4.8453626577,0.010965170010238506,0.22048508140199966,0.07499825539155568,0.044448611105067745,2.4628546283449464,2.935030527064211,3.03560011437795
LA2172,Q,sun,high,amphi,3.1141170732742363,-0.32924338180529145,1.5317973203580009,0.46315477198,0.02095827679744224,5.75372078975,0.01056353726279345,0.38024314006223003,0.19571689124006844,0.08770067223901132,1.9043416697971265,2.5267798944445885,2.8892312344999715
LA2172,Q,sun,low,pseudohypo,3.033736562056666,-1.2828728467780175,1.1592113040968326,0.80932818512,0.01253614409100949,5.236275720275,0.00411781914949447,0.20714911333743435,0.10268574899475312,0.04900534715475786,2.4990861536829985,2.843620091129213,3.0200003323323674
LA2172,Q,sun,high,pseudohypo,3.033736562056666,-0.5967086011619438,1.1592113040968326,0.4694465224375,0.018608058953043575,5.3877817344,0.008503212825624268,0.3121751348427914,0.17014217851133337,0.08057810865986455,2.1312340491770754,2.607722504904806,2.9147209124036335
LA2172,R,sun,low,amphi,3.055148234792594,-2.106007493878069,1.743932895308325,0.38982712418,0.022381312597859453,5.8533028009,0.013129611456443355,0.11761087678402359,0.09588039672396759,0.08015073141650944,2.7809313704968264,2.858501368217393,2.9110886952286834
LA2172,R,sun,high,amphi,3.055148234792594,-0.9373587818453833,1.743932895308325,0.399535284355,0.015805349759072548,5.29184299,0.008531296179165213,0.25913056917144667,0.18682422840564694,0.12963624373025143,2.2872114475835392,2.546097065547846,2.7447911347393283
LA2172,R,sun,low,pseudohypo,2.9960199798979366,-2.0199903171638627,1.3436014665238725,0.14778386464,0.003860420233732761,5.257871048375,0.002586966611187544,0.1424215173657374,0.12306666676272769,0.11804065826631267,2.6936649223529465,2.7626662669001893,2.782152641836996
LA2172,R,sun,high,pseudohypo,2.9960199798979366,-0.7949142878983178,1.3436014665238725,0.3709344552925,0.014269818041852832,5.47462169335,0.008593326497789742,0.2877752252173339,0.21657088042293504,0.16326069918867345,2.193641512368005,2.4461552843445986,2.637152808433692
LA2172,S,sun,low,amphi,3.1259002801864955,-1.4551758510468857,1.6637248391123236,0.103367151748,0.007726445053813406,5.0982030581,0.0052655665029946045,0.1806201990276727,0.10352265551798441,0.05908993900243292,2.5715165574962806,2.834961451598665,2.983434136819996
LA2172,S,sun,high,amphi,3.1259002801864955,-0.5031332779426883,1.6637248391123236,0.3393326234175,0.029048732625594827,5.85806222725,0.019678841635546084,0.3302507038534872,0.23395739598861146,0.1592312488480575,2.0297924706209267,2.3740073141274047,2.6376647062623926
LA2172,S,sun,low,pseudohypo,3.048305149398705,-2.8278947895436835,1.316016804140281,-0.00236609234700965,0.014811098184806684,4.9188456989,0.011801594621613093,0.06097336677891204,0.030124324547993103,0.018088187426773445,2.9874604193373715,3.0797129671736485,3.1187523549111815
LA2172,S,sun,high,pseudohypo,3.048305149398705,-1.2234647643771528,1.316016804140281,0.64681666489,0.042535232055454154,6.195654698125,0.021476075546006244,0.2105938073859429,0.11093015644591125,0.05271629667653185,2.4685808876359294,2.812073957410857,3.0031679450437165
LA2172,T,shade,low,amphi,2.8629032426046908,-1.645343585078225,0.9857839494678106,0.20320483268,0.023221755302212876,4.943739556275,0.01596849666776783,0.15206037383173623,0.08781817180507545,0.0518055055910787,2.675523424031361,2.8849556181505926,3.007514343674033
LA2172,T,shade,high,amphi,2.8629032426046908,-0.8590296358666382,0.9857839494678106,0.17142792987,0.015755096270164887,5.478951500125,0.013414045472767103,0.25792647246544814,0.16653020475783323,0.10202985649337262,2.2926592723834456,2.6176716209226005,2.8364400886636396
LA2172,T,shade,low,pseudohypo,2.7855540506883494,-1.9006324921588877,0.710933636850597,0.31278811322,0.03153620709145272,4.9953544625,0.02002487751598264,0.11440871362775215,0.07422910435895205,0.047337321668465805,2.8057173747308233,2.929004059282121,3.01799304517737
LA2172,T,shade,high,pseudohypo,2.7855540506883494,-1.0656787426490806,0.710933636850597,0.145865449915825,0.03980299134705077,5.464945755775,0.04012776866772633,0.20780508452277419,0.14054253774496353,0.09374131373686134,2.4718933252231996,2.7091369958411216,2.8658629431130263
LA2172,U,shade,low,amphi,2.7956911284368346,-2.8932606884505647,0.39027851849357287,0.068978683007,0.00863370473243751,4.436200792025,0.007909526423708669,0.05640005008555477,0.04352432557723826,0.038706035002376425,2.990323566001968,3.0311796903552564,3.0502056195144305
LA2172,U,shade,high,amphi,2.7956911284368346,-0.9919820775428747,0.39027851849357287,0.02792380081486425,0.02590338620112928,5.3926417993,0.03303962398292021,0.24688827569660118,0.1956504701720333,0.15384207961180676,2.3699141860230126,2.5229564948662917,2.667350089908489
LA2172,U,shade,low,pseudohypo,2.7361867119707473,-3.3064869131322085,0.13157075825928402,-0.0275144711659425,0.007023357309884703,4.471034598375,0.008550938178319213,0.04514980047313208,0.03790966794542026,0.034697621472699024,3.0352757360872182,3.0498988777436384,3.059164606336692
LA2172,U,shade,high,pseudohypo,2.7361867119707473,-1.1017597125027143,0.13157075825928402,0.26802226418,0.037375173488131797,5.32001642965,0.027468163597494998,0.21782915606348352,0.1435728635639605,0.08993937346858555,2.4551249147553333,2.691386922311999,2.881954053881577
LA2172,V,sun,low,amphi,3.0113597098730653,-2.5331955829908184,1.7391948852606698,0.00675192208455325,0.03238092616579299,5.66934750685,0.037499408166869946,0.07547457840880278,0.0717218128961295,0.06869925236397774,2.9208904310318613,2.9396089262439746,2.949981093401246
LA2172,V,sun,high,amphi,3.0113597098730653,-0.7262671231901762,1.7391948852606698,0.334156077365,0.019331640342849208,5.029679765875,0.011024423714382846,0.29077233798444574,0.16882774231963432,0.09028110423092375,2.1718429107927957,2.6009667955196893,2.869047257312421
LA2172,V,sun,low,pseudohypo,2.931586522006579,-2.3578743543473393,1.374100901128082,0.07000728033875,0.0025642399575415836,4.776703389675,0.0020272335683342033,0.08432685722681425,0.06700556920935984,0.05804322834061245,2.90205780578864,2.953718163722325,2.985341511168836
LA2172,V,sun,high,pseudohypo,2.931586522006579,-1.0178744605512147,1.374100901128082,0.3625901057725,0.009664336378595184,5.01628943815,0.005443039591468009,0.2300865293889258,0.14929616626357697,0.08961658183681702,2.4003655612489165,2.6747577486057166,2.8789004659878192
LA2172,W,sun,low,amphi,3.143542703222317,-1.1262844376423942,2.1966426622107447,0.23705936143725,0.025760256469602245,4.716361289125,0.01889629716341172,0.2131084229946468,0.12966171893525769,0.08180384686609626,2.4548439453644297,2.7559099163152596,2.911458339152008
LA2172,W,sun,high,amphi,3.143542703222317,-0.29112412868982207,2.1966426622107447,0.3616998645975,0.021317021920853264,5.4611046834,0.01261581273301004,0.35349284548113663,0.24010981024623562,0.15388498308195284,1.9843385535494873,2.416984618684159,2.6905722795658535
LA2172,W,sun,low,pseudohypo,3.0637611465429644,-1.5747228197543721,1.850801497092777,0.23632914307,0.016100435818428606,4.531695205375,0.009391860176913798,0.14398781636101954,0.09233238867719726,0.07193479920879879,2.7156560277409696,2.8721083374700593,2.9347147008153103
LA2172,W,sun,high,pseudohypo,3.0637611465429644,-0.6069407805308061,1.850801497092777,0.42011024976,0.02230581530155634,5.371991415175,0.012395788486259196,0.28104497071842216,0.1880418444757546,0.11657280740722505,2.275927868297454,2.578913258116489,2.8106889569825886
LA2172,X,shade,low,amphi,2.8136850797763038,-2.0575164611467978,0.7069075543040202,0.011460194275827874,0.012512272599518329,4.65374401475,0.01002183921614423,0.11347078548940816,0.08459739307732334,0.07071827821755179,2.802450063231618,2.8961933685787518,2.943578647540408
LA2172,X,shade,high,amphi,2.8136850797763038,-1.1492326272173443,0.7069075543040202,0.1432134521875,0.009880562434087343,5.197832498325,0.008125796901249429,0.2152194208009322,0.14981246493202763,0.1042140652131541,2.4460897459388034,2.6778146166296213,2.8309709326730714
LA2172,X,shade,low,pseudohypo,2.767450509969468,-1.8964198388879194,0.4977695135603314,0.08815362679725,0.007326401239618889,4.94750380785,0.006045229806972858,0.11781938651028293,0.07830899018337481,0.05680727189197593,2.7864472258388604,2.9116439076792187,2.986382741040789
LA2172,X,shade,high,pseudohypo,2.767450509969468,-1.163629869319997,0.4977695135603314,0.2410013735725,0.013477987923407365,5.315317856725,0.01031359862959882,0.2050502457684034,0.14979410989018224,0.10650663329764663,2.476642605289239,2.6763700942306716,2.824050977973362
LA2172,Y,shade,low,amphi,2.8874011552656005,-1.8478517824200904,0.648025508351793,0.22325615294,0.01466339194801928,4.952564925775,0.009850642870947607,0.1278503485086866,0.08689663586895349,0.06390110654454595,2.7524117633675793,2.890984256874984,2.96626813776217
LA2172,Y,shade,high,amphi,2.8874011552656005,-0.9917016485498314,0.648025508351793,0.11551320981375,0.017426340499075054,5.60266034245,0.02103872707373534,0.22964673209435815,0.18314573849032428,0.142698962540206,2.382777434872339,2.544866156483007,2.686363477055537
LA2172,Y,shade,low,pseudohypo,2.8644790933745115,-2.2234956098408922,0.497948270975457,0.101413854065,0.00674762594421974,4.68567068195,0.004860898052746946,0.09535067734215721,0.0667161911496012,0.05262191791989937,2.867497017260379,2.9536825870696903,3.003112243968551
LA2172,Y,shade,high,pseudohypo,2.8644790933745115,-1.1495428160965284,0.497948270975457,0.10025575643,0.021341586464747993,5.649059965825,0.02752449268813954,0.20299875898614592,0.15101619097089475,0.11158711417598835,2.4808557895024945,2.6685523271727565,2.805434956261293
LA2172,Z,sun,low,amphi,2.8821141493107367,-1.8608449117091541,1.6744878458359125,-0.025824181651235,0.008838154001102385,4.8728893258,0.008182903781950562,0.12033172892157795,0.07899288394349882,0.0612943426602936,2.782957328453714,2.913658334959349,2.9755104018223295
LA2172,Z,sun,high,amphi,2.8821141493107367,-0.491740068761858,1.6744878458359125,0.30116577657,0.01456375623202649,5.06908580775,0.008492628166762908,0.3103119786745243,0.1806961617124858,0.10062332308508252,2.1103739687826177,2.5619251011916804,2.8373202390539642
LA2172,Z,sun,low,pseudohypo,2.7719097495255585,-2.5080360218701943,1.249645563610425,0.3419033203225,0.029648846740831035,5.5738015477,0.030599092830914578,0.07609895374031976,0.056797442492852575,0.04549338779967224,2.9265963389197394,2.988975665019444,3.0249285899871095
LA2172,Z,sun,high,pseudohypo,2.7719097495255585,-1.1954856825987994,1.249645563610425,0.375005490545,0.015765311722936284,5.260326106725,0.00876652339537246,0.1962636819113318,0.11307536506364682,0.0624154182782924,2.501501086671445,2.7932333107332825,2.9679398029599198
LA2744,A,sun,low,amphi,3.259874783318764,-1.430943560295914,2.0198132040907857,0.15003502735,0.008066961957780009,4.95863158275,0.005769769553358449,0.17314248882252184,0.154714534214059,0.1386135921100408,2.593103201458604,2.6608300171648125,2.717552545841049
LA2744,A,sun,high,amphi,3.259874783318764,-0.3109601547692517,2.0198132040907857,0.2320480013025,0.012125195504687346,4.916718519275,0.007675227679752227,0.3449111905718709,0.24812450064258978,0.16914970110549996,1.9802429343961554,2.3210153455244886,2.5965419524046167
LA2744,A,sun,low,pseudohypo,3.192111323017411,-1.386726350533259,1.6606979424486892,4.468884069477899e-4,0.012052729606853958,4.388658994,0.009100411968183736,0.17213852545826636,0.12984446255394727,0.11430234401047243,2.5924516870195298,2.7237217404838794,2.7846801619365116
LA2744,A,sun,high,pseudohypo,3.192111323017411,-0.4596221455642832,1.6606979424486892,0.177663859805,0.007966953693085654,4.80503134635,0.0051376641001279096,0.2993833419120695,0.2393570083570141,0.19498561650679466,2.110651025513506,2.348934472590302,2.4963381457589375
LA2744,H,sun,low,amphi,3.0057145079924594,-2.2252709138144966,2.141376067673908,0.007319615042471163,0.016128424623072825,4.28575186655,0.013542311194960821,0.09278056718370667,0.07754524243475376,0.07222450333086583,2.8666669909937346,2.9207303671291367,2.939301186942201
LA2744,H,sun,high,amphi,3.0057145079924594,-0.9659619521950961,2.141376067673908,-0.046898699331925,0.009806894887681725,4.570960742,0.008415505967877972,0.2194599709807802,0.17437260891042752,0.14535318427002925,2.4388831128803625,2.5931742393178796,2.6894572554595033
LA2744,H,sun,low,pseudohypo,2.918067705499775,-2.160203464847598,1.67663155560863,-0.018588478852239926,0.006198591255086572,4.47400751615,0.004958341810606835,0.10128721355470716,0.08835640178579693,0.08059889275318702,2.841947377583662,2.87378571150375,2.9046050120005074
LA2744,H,sun,high,pseudohypo,2.918067705499775,-0.7193611281961244,1.67663155560863,0.0334518244528,0.007102213257003325,4.749385847675,0.005665801666573837,0.2543927711520246,0.18269237925140094,0.12883339774953986,2.311899498323856,2.548952710099089,2.7409567845809484
LA2744,I,shade,low,amphi,2.8706307356996263,-0.944933589355718,1.0267201135593997,0.2262731544425,0.015921505550831452,5.018119841525,0.008511842141684402,0.26193398812824237,0.16337666975362908,0.12575788172004768,2.2874373190548623,2.6282455588505105,2.7574638191264564
LA2744,I,shade,high,amphi,2.8706307356996263,-0.3450945982300625,1.0267201135593997,0.32074986274,0.01484988836088394,5.965377497575,0.009773308975710335,0.3603684488647225,0.30703346183905966,0.25841824497100446,1.9102882482845565,2.103202111012875,2.2781361802775733
LA2744,I,shade,low,pseudohypo,2.8254099980198895,-1.5569206120010024,0.6683706377667178,-0.01888522499124425,0.010122193243069033,5.0085318941,0.009488971899312214,0.17338603659562582,0.1267350304605659,0.0951679216208905,2.5921554009046783,2.748563544331346,2.8572906455558362
LA2744,I,shade,high,pseudohypo,2.8254099980198895,-0.9042533591736889,0.6683706377667178,0.142227709159,0.02769424100290907,5.6702267241,0.025839019603121578,0.2584821338175725,0.22014420984499591,0.18944756752802863,2.2796342673939827,2.4181925707740497,2.526395845260094
LA2744,J,shade,low,amphi,3.034229059440664,-1.7040614107907184,0.9999241827813714,0.060527859611,0.00850347942788011,4.5497102957,0.0065387991659868186,0.13732822333122235,0.09815600776154472,0.07945815538045539,2.710430863370595,2.8468565428677093,2.913191752282308
LA2744,J,shade,high,amphi,3.034229059440664,-0.5879041115006397,0.9999241827813714,0.23306529293,0.01899673658273075,5.237442320875,0.012720178338633776,0.28857009181344856,0.21313365701728257,0.15369836157453415,2.17054260105713,2.4459284862379826,2.6613468407918512
LA2744,J,shade,low,pseudohypo,2.9798814309201136,-1.0734186720924759,0.7367674618956989,0.10906360679575,0.00473318083021693,4.88506322605,0.0033543003909674877,0.21482368473805097,0.15486441833678966,0.11857039344582411,2.438515394941593,2.641349218303737,2.7712750982392547
LA2744,J,shade,high,pseudohypo,2.9798814309201136,-0.7539868449845546,0.7367674618956989,0.09776868352325001,0.016164785039522473,4.687490835175,0.01191129520745098,0.2643870490106514,0.2312404320541809,0.21095010045886894,2.268644536346393,2.377609324630005,2.449159371346313
LA2744,K,shade,low,amphi,2.899794003879151,-1.1416712440729726,0.6752334427504842,0.510860727185,0.03195124964138245,5.250885044575,0.014607225825933476,0.21755716156580676,0.13651779751114085,0.08228037839595184,2.4541700928322676,2.7260506780997393,2.905930641616547
LA2744,K,shade,high,amphi,2.899794003879151,-0.7760662571205222,0.6752334427504842,0.161811503647,0.02640378210079983,5.9185910527,0.02176470104603583,0.262943375837649,0.20641558649587277,0.16211967601078628,2.2690455995789494,2.4687079764663755,2.6240448114713524
LA2744,K,shade,low,pseudohypo,2.86325469283121,-1.5012454111478932,0.33120943195458247,0.41264852382,0.023438057013683764,5.192732614225,0.011965227432999371,0.15547388778269447,0.11436306442644252,0.08360229997245121,2.6460009673302216,2.7895901871358584,2.8946982766734415
LA2744,K,shade,high,pseudohypo,2.86325469283121,-0.9116940310282332,0.33120943195458247,0.31667177711,0.021939716756841997,5.946681224175,0.015261471287551974,0.22968881288157472,0.18213925775593606,0.14266224137468142,2.380953851966203,2.5526854167113724,2.692303188230902
LA2744,L,shade,low,amphi,2.947788255555544,-2.0994705334915715,0.9580672855042778,0.254607335885,0.02216358653102609,5.054748895575,0.015248537941291116,0.06928746993461465,0.05071230217854347,0.03765971279757575,2.954305464363027,3.0120790761015375,3.054672780113743
LA2744,L,shade,high,amphi,2.947788255555544,-1.7544449500422843,0.9580672855042778,0.1277065662005,0.01693957061621406,5.0160091631,0.014454045534672574,0.09269143468595925,0.07086043581173923,0.054198847825586476,2.8967363041213186,2.950135953212799,3.0034304717380844
LA2744,L,shade,low,pseudohypo,2.9167963962738384,-2.0186885176656557,0.800166574358543,0.1982759204275,0.012679665787068157,4.874562590575,0.008841806319672877,0.0841324901028911,0.06743521565502127,0.05764078724585363,2.90375931834805,2.9505922479682987,2.9848019831875123
LA2744,L,shade,high,pseudohypo,2.9167963962738384,-1.9651219040780414,0.800166574358543,0.12409760711005,0.03129669839960692,4.63248457495,0.02637940417087145,0.08785305706490923,0.07821048480039348,0.07488389914178602,2.9213037379502285,2.9193770165354116,2.9296219919603645
LA2744,M,shade,low,amphi,2.7924724522647413,-1.2503291334207558,0.9903883450707751,0.2446980190625,0.028930844295107176,5.03643419635,0.018695191960386662,0.21182856990668633,0.14585487086847365,0.10037256385308976,2.4660836378137705,2.687324127578283,2.838897823666466
LA2744,M,shade,high,amphi,2.7924724522647413,-0.743452434724988,0.9903883450707751,0.157561427635,0.01023186809364097,5.00869354405,0.0075876345741200685,0.29144934168864006,0.25761268507504337,0.23355757250491657,2.1598994303384593,2.2849640789692782,2.3748381342620264
LA2744,M,shade,low,pseudohypo,2.758072626559081,-1.5961150531160484,0.7770347790812759,0.243419141845,0.019627875731696522,4.936112979325,0.01294313701466806,0.16900475948849566,0.12265644537648027,0.08780907415628639,2.601800636322349,2.7659807854337615,2.8838458988338322
LA2744,M,shade,high,pseudohypo,2.758072626559081,-0.943837084957721,0.7770347790812759,0.109539864540575,0.02140299308380187,5.153933092775,0.019533777864021853,0.25433242902391034,0.21957115135072136,0.18996906973083527,2.297605406161101,2.41997416645649,2.5255273903093642
LA2744,N,shade,low,amphi,3.1058140833615018,-1.4582722294192367,1.197029875580653,0.0435138974964725,0.013010551210801581,5.19538265625,0.011587899772463314,0.1669828893773051,0.13309608128466183,0.10781370570360925,2.6065781007981634,2.7159631680775274,2.811945686433368
LA2744,N,shade,high,amphi,3.1058140833615018,-0.6699260414155227,1.197029875580653,-0.027763615228073326,0.015628512799740417,5.48366278645,0.017520940733691606,0.2856021941234217,0.24077663953619624,0.20367587392032363,2.1739508467677693,2.3365711357144905,2.4723763850444103
LA2744,N,shade,low,pseudohypo,3.0537778266259146,-1.923945020894513,0.8723894373624562,0.03206541084536825,0.010702711222537048,5.19692643965,0.008295422366741996,0.13722937384174907,0.11144825013926918,0.10243753275291151,2.7052926402204767,2.798807365359079,2.8293603620741363
LA2744,N,shade,high,pseudohypo,3.0537778266259146,-1.023661184921999,0.8723894373624562,0.10429249414675,0.010459010728149197,5.281541042325,0.008879913871057,0.24676046972726887,0.20386885020896472,0.16888722417871002,2.3519456955659277,2.483755957193648,2.6050171256006442
LA2744,O,sun,low,amphi,3.144734350449604,-0.9227827436209102,1.665257439739679,0.1841511044975,0.008210126119362329,4.7918070148,0.0050353271525715535,0.2666260405522947,0.12989027627900995,0.07239264313373915,2.274262711770899,2.743592468134959,2.9368676903318693
LA2744,O,sun,high,amphi,3.144734350449604,-0.24255647965789567,1.665257439739679,0.3521847294,0.01374460445675407,5.715177033825,0.00851352928252111,0.3829460754179119,0.25679267396190864,0.15641543783213901,1.8362936627207271,2.289745592072702,2.6464889888806304
LA2744,O,sun,low,pseudohypo,3.0518959304163746,-1.106187265654352,1.2594042229138482,0.2914742233775,0.01172842788228379,5.167063794425,0.006257529026528034,0.23278904357673708,0.09796749931000785,0.04164711531780869,2.394849950944878,2.8519014701163505,3.0378985902126496
LA2744,O,sun,high,pseudohypo,3.0518959304163746,-0.44840874311704226,1.2594042229138482,0.3801236021375,0.009746049192167669,5.66964241125,0.0051027789964258755,0.3231338308970391,0.17544387196596734,0.08651484086888739,2.0316636407740702,2.5653151920859525,2.8801656978272527
LA2744,P,shade,low,amphi,3.0935582159371724,-1.151935467705775,0.912169826673714,0.3188457931375,0.010182812930495954,5.84559558275,0.006839339852247168,0.22267530793399756,0.14114092114448745,0.08703484940802503,2.427776347722779,2.7131908895443173,2.8939162488271633
LA2744,P,shade,high,amphi,3.0935582159371724,-0.6747186137519248,0.912169826673714,0.2873400557775,0.014537892553782962,5.602311764475,0.008881256561227223,0.30349633856034886,0.22269564613423232,0.16082749975116406,2.163202689852664,2.435061000582838,2.6476178894368725
LA2744,P,shade,low,pseudohypo,3.0471513078281536,-1.0669453194909808,0.5686468138795556,0.039212105787788554,0.025700686549349306,6.002257522025,0.03473573193932978,0.22031958593892764,0.14534806836769443,0.09165164533537373,2.427515153765774,2.6887730210940424,2.871551716551137
LA2744,P,shade,high,pseudohypo,3.0471513078281536,-0.7301586053446769,0.5686468138795556,0.112662991017,0.018622848716041727,5.8569635402,0.01804127478216148,0.3033252425825572,0.24742262835423295,0.20515340841454294,2.1547858096542347,2.3506343821424176,2.5027322208545297
LA2744,Q,shade,low,amphi,2.9954667012808014,-1.6530244886457024,1.265423025876201,0.125355789983,0.012796518188999626,4.63058690715,0.008967991931621056,0.13261948158569514,0.08147457570687541,0.048262383511234276,2.7338062873175693,2.9012299746992962,3.0136807354384
LA2744,Q,shade,high,amphi,2.9954667012808014,-0.696197391712535,1.265423025876201,0.1417418461855,0.021855838996567477,5.50561141425,0.019974865916845098,0.261502133892243,0.19791623105081105,0.14929670722773836,2.2783250595115505,2.4999267728236028,2.6758563481515227
LA2744,Q,shade,low,pseudohypo,2.9575810621596763,-1.418040312657681,1.038015078775539,0.18026057113,0.009784651255039559,4.976064415475,0.006180988470317725,0.1645938250031454,0.0948388663300583,0.05448245176177173,2.6254961994368866,2.8557516547532886,2.9928756238384095
LA2744,Q,shade,high,pseudohypo,2.9575810621596763,-0.9180335733453966,1.038015078775539,0.2691854333625,0.0176090682229646,5.589632868575,0.012573166843660924,0.23882682134194294,0.18944805034716755,0.14947923529360926,2.383603760885592,2.544531928788956,2.6806736687554302
LA2744,R,sun,low,amphi,3.1485798200200463,-0.741849642166073,2.0003257900451907,0.274948170265,0.023596864893061155,5.195861905,0.013103688793285181,0.2872402842339379,0.136071677804465,0.05734172653343691,2.21867292693856,2.7317161472665257,2.988897389109616
LA2744,R,sun,high,amphi,3.1485798200200463,-0.021921939324297042,2.0003257900451907,0.4790160729525,0.014742571357559285,5.694850294025,0.00662811718057487,0.41794127993858543,0.21292122611884143,0.08480621531914341,1.7590369471874199,2.4706844820048772,2.8978870487114627
LA2744,R,sun,low,pseudohypo,3.0708813448251573,-0.9519101039131286,1.5737983455401834,0.3326353329525,0.016923346534819073,5.165490367475,0.008591270431065175,0.2453771475458821,0.13269664025700484,0.06552131738428443,2.378970978555603,2.732173532492331,2.9603844075695323
LA2744,R,sun,high,pseudohypo,3.0708813448251573,-0.40715434090689223,1.5737983455401834,0.3311624721825,0.030371607224803948,6.03439999465,0.01921993265876483,0.3352440770013288,0.22630825395274995,0.14118265089641588,2.0347269269002406,2.416368626734172,2.720893092330477
LA2744,S,sun,low,amphi,3.2659498499301334,-2.1112856860997082,1.933869371981903,0.13058531301675,0.007900227384773124,4.530357304975,0.005432621936957346,0.10884935255287671,0.04924463097591014,0.029219256825942175,2.81995257291598,3.0167651140561973,3.0844731979661217
LA2744,S,sun,high,amphi,3.2659498499301334,-0.4079228656654734,1.933869371981903,0.208814198665,0.015434984100332042,5.157014803125,0.008622412263240604,0.3593500904337426,0.16764891407676355,0.06524837897472878,1.9792698746235302,2.6256363466293644,2.962302525226482
LA2744,S,sun,low,pseudohypo,3.1602328957328676,-1.11488483798067,1.4346635007231883,0.937127423405,0.03300322297649249,5.586553084275,0.009040002467801074,0.22952066746264715,0.10932272972474226,0.043393590306691085,2.4144310885653195,2.815559873785623,3.0366618466086335
LA2744,S,sun,high,pseudohypo,3.1602328957328676,-0.38950820587363416,1.4346635007231883,0.407032255375,0.017111672257557324,5.6719825935,0.009031745210537099,0.3442349791816828,0.18223857764015639,0.08025085235794255,2.023038453643335,2.5801560482664816,2.9167450416805005
LA2744,T,sun,low,amphi,3.136494369206226,-0.6139862569336102,1.7861763037082143,0.0370994965731925,0.011693597781542064,5.599177588575,0.023513587750492105,0.3103395482962077,0.22887603789941888,0.1643999648483809,2.1087720417588676,2.402464023651695,2.6266290117667648
LA2744,T,sun,high,amphi,3.136494369206226,0.08538197415891664,1.7861763037082143,0.3159025662725,0.010480792482432512,5.8408823163,0.006430016362021425,0.4299361929356384,0.32052698606975866,0.22724792389106288,1.6569956815879918,2.0548894658361103,2.3904565117542553
LA2744,T,sun,low,pseudohypo,3.119494613830087,-1.392591302856197,1.3781768618522687,-0.05243357610825,0.0039451306862703615,4.805181763875,0.0037487724754211994,0.18372830071058002,0.14060233446682394,0.114060195667154,2.5584386104674013,2.7019515000761354,2.7928521878484847
LA2744,T,sun,high,pseudohypo,3.119494613830087,-0.6491083640572741,1.3781768618522687,0.01659760737651745,0.00598872780093383,5.3185429235,0.0051412858378794175,0.28420081858506513,0.2191872889336962,0.16502605696350073,2.1683660767663624,2.4072253513172757,2.600782990560926
LA2744,U,shade,low,amphi,3.0209699372611625,-1.002908620402233,1.1770593151209359,0.34673295834,0.024391530825015485,5.180563858525,0.014325912697974945,0.2514180960902149,0.18658222396228946,0.14551818892089247,2.3042682067517317,2.5377571403331745,2.6791714605835715
LA2744,U,shade,low,pseudohypo,3.0001163209970594,-1.710915399316933,0.8567290499122152,0.0100674519327528,0.010514792972027462,5.164584573075,0.012560580393463024,0.13155019330520762,0.09933945651333287,0.07600438775120878,2.7687113375778902,2.8421463302100625,2.919443839852817
LA2744,V,shade,low,amphi,2.9065945371926505,-1.1198749502710088,0.9924339723754212,0.35215453512,0.03945475094590915,5.587276054875,0.03030668001966347,0.22422066825400708,0.13896650214007353,0.08018394137600418,2.4359767831673893,2.723713865551621,2.9167626124579615
LA2744,V,shade,high,amphi,2.9065945371926505,-0.5928068522962594,0.9924339723754212,-0.0737552061875,0.010480403753743628,6.172828375275,0.023388364605002838,0.3104178796590392,0.2582676269522096,0.2110486496268481,2.1325028734842832,2.319641500207421,2.480830048974134
LA2744,V,shade,low,pseudohypo,2.8402925071432055,-1.514935101492514,0.7203568970934108,0.2812541348375,0.021725736162195253,5.1350827496499996,0.015132170155569025,0.16014896456654568,0.11601485609645795,0.0870727210030998,2.642960816873051,2.7912937352286864,2.8872577986969166
LA2744,V,shade,high,pseudohypo,2.8402925071432055,-0.8251125084759953,0.7203568970934108,0.11661432468375,0.011097830403275324,5.569160862375,0.010396181481503723,0.2602914151977999,0.21861486933927485,0.18156251787293473,2.3135469892750207,2.45708554575444,2.5853357536902353
LA2744,W,sun,low,amphi,3.252133429831166,-1.7089648365329049,1.731689080633018,0.122831745403,0.005366506671047031,4.557096617475,0.0037482581781728475,0.14652422495506764,0.10627633075642456,0.08484929394134345,2.6826926861799993,2.821266765353319,2.8940002415824453
LA2744,W,sun,high,amphi,3.252133429831166,0.018987116910103047,1.731689080633018,0.381032842105,0.006477189484343959,6.031953434475,0.003933187642325422,0.41544020540082993,0.273490727899011,0.156069414968525,1.6904907440210664,2.2091176962659027,2.631650783870744
LA2744,W,sun,low,pseudohypo,3.138400914599429,-1.7986765862404137,1.2242403497821999,0.234400604665,0.01630188431829812,5.164438396325,0.010793130487077744,0.1412707455944229,0.08742875680525383,0.056385057256971065,2.696758921315343,2.8823916359416986,2.989307821496494
LA2744,W,sun,high,pseudohypo,3.138400914599429,-0.5576328958090963,1.2242403497821999,0.4430211521125,0.008942730901245508,5.2566431321,0.004227802142621377,0.3041893891253563,0.16365999858128663,0.078748959937086,2.1017064322615524,2.6365818494540827,2.91775999831634
LA2744,X,sun,low,amphi,3.0985425699134255,-1.275259008479152,1.8206878295233513,0.27759344458,0.011953996623553589,4.554285704625,0.006712594770693366,0.19458729858650972,0.10966484916018282,0.0682449118677331,2.534311537124982,2.827135513823137,2.949013503916018
LA2744,X,sun,high,amphi,3.0985425699134255,-0.2849757573996015,1.8206878295233513,0.4449790781175,0.014734950748106207,5.35323962105,0.00704996180950654,0.36664997542234834,0.22707225237059364,0.1207881050304003,1.937151909360309,2.440725929390562,2.7905601969331917
LA2744,X,sun,low,pseudohypo,3.0319092396851106,-1.2722168066517319,1.4668478249981562,0.167355262105,0.0052185953129718,4.5071508903,0.0037540844657259448,0.19163169516487447,0.10812555583605381,0.07143628165533017,2.5567943808376374,2.814135352359929,2.932431880503932
LA2744,X,sun,high,pseudohypo,3.0319092396851106,-0.43266218260694683,1.4668478249981562,0.3819145968425,0.015241570608824523,5.51138233865,0.009346660723897768,0.3311486486282094,0.2512581777796421,0.17660978932937701,2.0987639104175266,2.379039687288434,2.6166947782802286
LA2744,Y,sun,low,amphi,3.0716370915869713,-0.7413685702270799,1.6213970010620717,0.183423762275,0.006764022752498227,5.416593138075,0.008078123793116307,0.2596226302409149,0.20374252625638384,0.1593188237539043,2.276820755869469,2.4774707113822716,2.6318581542399504
LA2744,Y,sun,low,pseudohypo,2.9234030147851526,-1.3992073910533402,1.1091975470588415,0.01197218488919125,0.010639082932797018,5.4694231164,0.01775747582570649,0.171758027925622,0.1399500683479786,0.1154004068514617,2.589851716723741,2.692665986590764,2.780117046469239
LA2933,F,shade,low,amphi,2.8502421521473704,-3.1981852247739333,0.20166307501479108,-0.123731692451,0.010621995096336427,4.366221981325,0.010697004697478328,0.06424200626121988,0.05162361205554372,0.044548885767033274,2.9776524458615508,3.005666315147262,3.032491962465897
LA2933,F,shade,high,amphi,2.8502421521473704,-1.4614992055831268,0.20166307501479108,0.25222840348,0.014689776005015955,4.91959224405,0.008967347460800497,0.1820851162972419,0.11340159726724869,0.06916055565861155,2.5710315641738326,2.8001053212480986,2.9498677010848655
LA2933,F,shade,low,pseudohypo,2.8168690853332117,-2.1381605065974973,-0.10083865635540089,0.377393986575,0.02133092574244349,4.7348890253,0.011406343186680512,0.1220144463095837,0.06329612659451783,0.04122258006817751,2.7761786610475503,2.9718975227179407,3.0426097442859614
LA2933,F,shade,high,pseudohypo,2.8168690853332117,-2.0938100182448616,-0.10083865635540089,0.04460501264575,0.005833498545877172,4.445005531325,0.004371910460063652,0.11409949163380737,0.07235498511470882,0.050516134857235474,2.8080522636366076,2.951337995669939,3.011252345182976
LA2933,G,shade,low,amphi,2.919548840456349,-3.213622747762171,1.3017923087832033,0.00101894472444395,0.003090486295439453,4.206606999775,0.002597048398413738,0.04577405867392579,0.031004704011615987,0.025902072106742474,3.029508372702067,3.0721046289161498,3.092882243384735
LA2933,G,shade,high,amphi,2.919548840456349,-0.7433658807844494,1.3017923087832033,0.338205088615,0.02850129231700131,4.90161603775,0.014828718512210615,0.2897499990207921,0.15260767033631767,0.049065193754812456,2.1736987905174088,2.6552260670627534,3.00846234862343
LA2933,G,shade,low,pseudohypo,2.8311061987109243,-2.6940377542555796,0.9196374255594066,0.0272196355936629,0.012914355664173387,4.214754715225,0.008843901003043206,0.06866027084695078,0.04118541788382344,0.03615484723355381,2.955585837451309,3.0391209894907605,3.0539907735125023
LA2933,G,shade,high,pseudohypo,2.8311061987109243,-1.1097294304030882,0.9196374255594066,0.210472630385,0.014275708524475678,4.68696340895,0.009364690259153102,0.21926836480531262,0.14592873447244034,0.09615262613039202,2.4281442919189633,2.6905486319793295,2.8521541860338098
LA2933,H,shade,high,amphi,2.8016256863042477,-1.6171807341537345,0.6616225132036436,0.2313783773375,0.012943822539618531,4.3396590548,0.008774980406859149,0.15583200243015582,0.06394139623411937,0.051823051623734726,2.680368697808695,2.9783490569010547,3.0081948593418564
LA2933,H,shade,high,pseudohypo,2.7454770886660795,-1.9576688125543185,0.4757960922569429,0.112924713689,0.008139103174975707,4.236150653175,0.005528964691695043,0.1674490900725081,0.11923790218548187,0.11297792761856025,2.639332207418885,2.790478674032181,2.809761656847049
LA2933,I,sun,low,amphi,3.0099393020280503,-1.7621924168690057,1.754652515203006,0.0654804045395,0.005423039775239558,4.654237144625,0.00395798742801959,0.1259648783217491,0.07468413926957945,0.04495351407922977,2.7664439646227494,2.9291311101061015,3.0295055674830187
LA2933,I,sun,high,amphi,3.0099393020280503,-0.6550939053928004,1.754652515203006,0.022284195715325,0.003908469394127564,4.76925107665,0.002802260076660282,0.2728885614059039,0.13778204333084682,0.07078199940533003,2.233937515070515,2.71904783813869,2.945234361621355
LA2933,I,sun,low,pseudohypo,2.810670235519973,-2.34449736325712,0.5562567112416246,0.26159588592395,0.05293596637800178,5.14841937545,0.029910306672058566,0.08356111017113181,0.05350612136302412,0.03175029456090857,2.90729692902265,2.998774294206617,3.0748569304774507
LA2933,I,sun,high,pseudohypo,2.810670235519973,-1.584326191830162,0.5562567112416246,0.07243783085225,0.0037320233030070354,4.94087252455,0.002808592583177891,0.1495947481903513,0.09032628682626268,0.053904008190168065,2.6849269874493027,2.8871946802618798,3.0031674351424273
LA2933,J,shade,low,amphi,2.9415868010766735,-1.478476496486516,0.7948039409906906,0.0400087402104175,0.01733909682111674,4.7883741431,0.011381351857447259,0.18121191745199458,0.07004502403850876,0.023685719318813685,2.582370718696911,2.9580183262411857,3.098014872985581
LA2933,J,shade,high,amphi,2.9415868010766735,-1.4117936479007174,0.7948039409906906,0.12259286451,0.009467401331865279,4.914320410775,0.006225651027410305,0.18741916755208018,0.09088434620369976,0.04838461503516035,2.5392472157126424,2.8732171192477134,3.012840660315176
LA2933,J,shade,low,pseudohypo,2.8896545280921004,-1.7856369891424326,0.5231237056930461,0.2103753933025,0.014752090526911267,4.58511552205,0.013521664377610619,0.13809777087135383,0.02282494284555153,0.01825960975483456,2.7202705244247003,3.0997828226059267,3.1185798310952966
LA2933,J,shade,high,pseudohypo,2.8896545280921004,-1.2576419657656708,0.5231237056930461,0.368328493565,0.02672741335029386,4.98543693105,0.013764897537939889,0.20519477461579907,0.1016007465839078,0.03309251280565367,2.497304044192826,2.849277866046209,3.072616813890509
LA2933,K,shade,low,amphi,2.7202257996109362,-2.5932502929152292,0.5631864393577641,-0.101649726762,0.01638367108471147,4.307147382325,0.013961864764058647,0.1171319542370684,0.09360127674922396,0.0905300584171173,2.7913269086185992,2.8682487734692304,2.8797397921627512
LA2933,K,shade,high,amphi,2.7202257996109362,-1.4265132581828406,0.5631864393577641,0.156256081525,0.008723348421570633,4.346091294125,0.005569502996503368,0.21985499965527064,0.14703782760142267,0.11940130940875512,2.451015994538031,2.7047613123596177,2.781423800859316
LA2933,K,shade,low,pseudohypo,2.704058630731482,-2.097417970062026,0.4794980696028148,0.6234954871025,0.04603860349887364,5.303323615875,0.017636007542630963,0.1107243891505451,0.0719313945304236,0.044431514338051384,2.8079317240820627,2.9440602018171167,3.031492044046492
LA2933,L,sun,low,amphi,3.1034567672048174,-1.8490152027358762,1.7638176742826601,0.015215469901280974,0.01806878921800855,4.3627627793,0.012684620936117873,0.15351778831408164,0.11401985849127916,0.10762250516289278,2.6649281407981125,2.8010013609854063,2.8202601929376807
LA2933,L,sun,high,amphi,3.1034567672048174,-0.6225149601757981,1.7638176742826601,0.3467270399675,0.01212507285013515,5.0809557562,0.006399227390267483,0.31910330067993437,0.2021573247375278,0.12772067626920194,2.0574139841137873,2.480897614464176,2.7402887099814044
LA2933,L,sun,low,pseudohypo,2.979420235922356,-1.9921832044943184,1.2560804962399457,-0.0894971318585,0.007552527107660292,4.697415252975,0.0063834515403273975,0.12171536588970126,0.08467396358814383,0.06555914568829423,2.7987639167846106,2.892753960015829,2.9550418730108308
LA2933,L,sun,high,pseudohypo,2.979420235922356,-1.024235402122541,1.2560804962399457,0.222816074715,0.007198273845846404,4.716751254,0.004274444674876909,0.23617387872881862,0.12399830230226015,0.06860675186017548,2.37711618004063,2.776349401861599,2.9493785174735807
LA2933,M,sun,low,amphi,3.1557593277858835,-2.1312658486697997,1.9266268190900953,0.1127188795905,0.015481193271739567,3.90787523935,0.010247827147036842,0.1409090012479808,0.10806096159582969,0.10446945421108908,2.7079717953859737,2.822024011795123,2.825837787079548
LA2933,M,sun,high,amphi,3.1557593277858835,-0.6064445658628624,1.9266268190900953,0.15817001661,0.011500505665940594,4.5680028594,0.007781193782578099,0.32910857417149764,0.2245439265369126,0.16589013709519443,2.0234607368756468,2.4052103163722007,2.6207279007794004
LA2933,M,sun,low,pseudohypo,3.067632797868293,-1.9782734635790657,1.5044707189849909,0.28633073184,0.012269645112199459,4.387578533175,0.006898511200777578,0.12331292390691977,0.08447693990670459,0.07275062023697006,2.7673285682113127,2.8956728097570132,2.9337216009225746
LA2933,M,sun,high,pseudohypo,3.067632797868293,-0.8848959861065495,1.5044707189849909,0.2456181545475,0.016802853390842417,4.595545654175,0.010423557280380916,0.2526137964431888,0.16144856952246153,0.10834636878075528,2.307476088893748,2.6288701429808636,2.821994008429562
LA2933,N,sun,low,amphi,2.967513834258845,-1.7255206939384766,1.4984536844071756,0.1387726758,0.009414307869984677,4.910598756275,0.0061356562039649835,0.1371318241706765,0.09940072849169324,0.07482984372040453,2.7215594904721643,2.8462800713440375,2.928082646839068
LA2933,N,sun,high,amphi,2.967513834258845,-1.0631775781258195,1.4984536844071756,0.02747135211425,0.0032315884705562525,5.186742664875,0.0027255080783571434,0.21784956103344508,0.14822806691888657,0.09816743407804775,2.4284458886462823,2.6725174615200187,2.8439225681543507
LA2933,N,sun,low,pseudohypo,2.8346369457060576,-1.7840770367387553,0.8420047654473329,0.183769304695,0.015543231458992045,5.201489977525,0.009377142087928864,0.13296062550108412,0.1049385947627717,0.08515903161782411,2.726968138001037,2.817957850897725,2.887325201148673
LA2933,N,sun,high,pseudohypo,2.8346369457060576,-1.2061512542039925,0.8420047654473329,0.096698670523,0.004694752288121173,5.3061189517,0.0036720749179623064,0.19433262484124036,0.14665764651078572,0.11095360007657251,2.5024911507417342,2.675313061838551,2.8012628578923984
LA2933,O,shade,low,amphi,3.08772502404321,-3.0675011881589676,1.220941740236992,0.09182456321275,0.005802405523040228,4.22545018945,0.004141067323020374,0.05254488464816491,0.03162856547628746,0.02595115598467887,2.9958369736624557,3.0640663801265173,3.093296103062608
LA2933,O,shade,high,amphi,3.08772502404321,-1.461640789160171,1.220941740236992,-0.0019997202390670253,0.008786374873722263,4.486743524775,0.007042404321216198,0.18136422758909632,0.09545631844917642,0.059564539115622865,2.5754370878190707,2.862309333923569,2.979879225283991
LA2933,O,shade,low,pseudohypo,3.0403950223009115,-1.1710469210762926,0.8412441766976129,0.31619611834,0.010022250729145915,4.955913525875,0.005356462765672236,0.2433132016078121,0.11726047188186724,0.07734295753979464,2.345711265543974,2.7917282884840304,2.922939908444023
LA2933,O,shade,high,pseudohypo,3.0403950223009115,-0.9747872969750379,0.8412441766976129,0.3392468068275,0.013870767760772201,4.71976991955,0.00738449314549934,0.2761525977822217,0.156486962837959,0.10926620751272985,2.2374150375248267,2.6584795590171,2.8179021099631423
LA2933,P,shade,low,amphi,2.99292535624029,-1.2104093500587503,0.8220449445752471,0.261522600855,0.014060818581435193,4.8148763008,0.009999634955124771,0.23142303068238693,0.0527751546721879,0.04280361776985494,2.429734911887732,3.010155102755535,3.039971000755243
LA2933,P,shade,high,amphi,2.99292535624029,-0.8983425304389218,0.8220449445752471,0.4146479020275,0.020360114196109294,5.042782017925,0.010164264682601523,0.28129718901945183,0.15338140440335984,0.056384213741081615,2.2492279263892905,2.6708779038070727,2.995228593111499
LA2933,P,shade,low,pseudohypo,2.9500663335085044,-2.048592730346437,0.5750248214415414,0.1096002251675,0.018112700041720626,4.66717815295,0.012782585554130995,0.11642437265530592,0.053063951377345694,0.02949043718424063,2.8011372155122003,3.0051743383268215,3.08316034442297
LA2933,P,shade,high,pseudohypo,2.9500663335085044,-1.4563242200979023,0.5750248214415414,0.04054757447065575,0.01385777706357692,4.9839986556,0.011269270621095506,0.17988289089487186,0.0869888587682738,0.04527365079378455,2.6131541397323113,2.895841384013833,3.030193929088722
LA2933,Q,shade,low,amphi,2.8169478704335056,-2.2746957125787426,0.4115352604902439,0.048003189415025,0.006380062122875629,4.68998555175,0.004992526867533884,0.09696688140832545,0.06565077164189033,0.0462208350348249,2.8627085674751576,2.9633332511157384,3.025625693707742
LA2933,Q,shade,high,amphi,2.8169478704335056,-1.6144021562440776,0.4115352604902439,0.29075045492,0.011388981203374797,4.98611272855,0.006924854148150209,0.1595031382098404,0.09678397089380267,0.05698458000412538,2.6529117853208466,2.8628239335460317,2.991929785041557
LA2933,Q,shade,low,pseudohypo,2.7949124444697615,-2.500352476549047,0.32113609171710955,0.04556554795875,0.005679332835091124,4.563227218675,0.0042096094922793184,0.08701817923026885,0.054206369071622164,0.041228645366854895,2.894827204073992,2.996536965636535,3.0426341775296466
LA2933,Q,shade,high,pseudohypo,2.7949124444697615,-1.9162960038755126,0.32113609171710955,0.072709298493,0.005988064994036647,4.868406537875,0.004549432201699177,0.12989712335402648,0.07532458955258708,0.04833578001931763,2.750846733575508,2.9240629893888723,3.0172941846616905
LA2933,R,sun,low,amphi,2.9945609266423086,-0.6155547392123392,1.6518823177022546,0.51722921149,0.028087018309360223,4.908098525875,0.016447654221002226,0.33015136812170337,0.15507633461760778,0.05598511843644904,2.099924899906269,2.6640265221648103,2.9953247571045973
LA2933,R,sun,high,amphi,2.9945609266423086,-0.1509813519060214,1.6518823177022546,0.578896654605,0.01591246699373919,5.0764901522,0.006929619829353907,0.41037824037283216,0.24929419780316212,0.07811254639951207,1.7982476762307178,2.3500554914628706,2.9138530611643074
LA2933,R,sun,low,pseudohypo,2.811598352347828,-1.4915536436114694,0.9448150685416099,0.4531007887725,0.02209446940016874,5.177034654,0.010264517990455432,0.1792209777107141,0.08643554251469278,0.04101367516093405,2.592822245060538,2.8989457970872956,3.046554625881859
LA2933,R,sun,high,pseudohypo,2.811598352347828,-0.7684423000643166,0.9448150685416099,0.5615158039,0.015403707541474652,5.09495828835,0.006693503366983552,0.2824891253781606,0.12917786241295962,0.058549819958604823,2.237119554217818,2.7569742987755195,2.98659757573685
LA2933,S,sun,low,amphi,2.9870910705099605,-0.8139801073042583,1.7219934131206571,0.214953823135,0.009240236458265704,5.199939691075,0.005358107581618907,0.27732753016275363,0.1265067271645623,0.05511410239544077,2.2234857565773787,2.753890440627855,2.9970330018350766
LA2933,S,sun,high,amphi,2.9870910705099605,-0.147645505837571,1.7219934131206571,0.49432120899,0.006917125657033148,5.622935466625,0.0030395751008581856,0.39029275513046285,0.2150589085161866,0.1014604037068454,1.7955463174697304,2.437825171671914,2.835223010604271
LA2933,S,sun,low,pseudohypo,2.7831488533617494,-2.2734140630116815,1.0048753948615017,0.24272431521750001,0.011080166957076386,5.223431535625,0.006866391680490996,0.09452680309191223,0.060926314421612254,0.037484026703564,2.872988013306759,2.976443931442736,3.0537682852046375
LA2933,S,sun,high,pseudohypo,2.7831488533617494,-1.462691475411789,1.0048753948615017,0.1862717380425,0.003828168776132175,5.619575760025,0.0025911459608206296,0.17176803366072885,0.10029524782459504,0.054195101033164904,2.5993134954794996,2.8455390601546866,3.0007377249858043
LA2933,T,sun,low,amphi,3.01493978230635,-0.280044730808269,2.0441920585358875,0.4773308028125,0.013902695582606275,5.382929251275,0.00598159532575454,0.401337192712201,0.22663321969416866,0.05718381970407262,1.8628037355322273,2.439468773024411,2.991985222276435
LA2933,T,sun,high,amphi,3.01493978230635,0.1035111826635679,2.0441920585358875,0.6362592918875,0.008596487566620344,5.6529029589,0.003150818266278223,0.46841270665339674,0.2191602780337264,0.07785802778655873,1.6134892513057466,2.452767334668874,2.9211776564187506
LA2933,T,sun,low,pseudohypo,2.921349718337679,-0.7530231574366032,1.6189450085355648,0.4119612192025,0.009652361183455698,5.12431224475,0.004642596724945539,0.2854813158080701,0.12050492839671711,0.049364331571001875,2.2342713280426736,2.7939909397474425,3.0187955800309108
LA2933,T,sun,high,pseudohypo,2.921349718337679,-0.31236040081676103,1.6189450085355648,0.43871186069,0.020027232070487545,5.1226480711,0.009192559838236565,0.3566041041450111,0.16967335918924759,0.07494347338242055,1.9727073037242298,2.6216710509024805,2.926242319126276
LA2933,U,shade,low,amphi,2.8198569299732994,-1.904155288926101,1.0920528971622039,0.1226728830125,0.005482601344199249,4.84462076835,0.0037051136369035736,0.16322544916944182,0.11699722619934172,0.09326771747313892,2.6364784728625033,2.790242684863345,2.8690485684283455
LA2933,U,shade,high,amphi,2.8198569299732994,-1.3060980092721486,1.0920528971622039,0.2975032685675,0.00999539014403237,5.207978405325,0.005650173913055336,0.23000156842733124,0.15616594198522282,0.11498200095710531,2.399900789490955,2.655074614745593,2.793922307272351
LA2933,U,shade,low,pseudohypo,2.768765739257409,-1.9934013971632718,0.8599815314765604,0.1947248948975,0.006668182077685275,4.9910360909,0.0039314235768704,0.11373427232828742,0.04693185161035564,0.0210354439248661,2.797195627109074,3.0245484355027683,3.108494984670081
LA2933,U,shade,high,pseudohypo,2.768765739257409,-1.2342897419675147,0.8599815314765604,0.3632347337875,0.007648595004429344,5.371497542575,0.0038179094364483145,0.19954401477662195,0.08449290577691931,0.03365655657704238,2.488928181872038,2.8958105305333053,3.0657074908187583
LA2933,V,shade,low,amphi,2.793630057801821,-1.0104422688244081,0.8240536538430224,0.3907166417675,0.010025900527467433,5.841962888775,0.005234475716466555,0.24951164885396165,0.09516917853893465,0.03198714018010799,2.342741098807286,2.8705847679113363,3.075111532661472
LA2933,V,shade,high,amphi,2.793630057801821,-0.8142524861642687,0.8240536538430224,0.3133859071925,0.006430946342507288,5.823226847625,0.003871384915868749,0.2841445387193583,0.13841311996083305,0.06101360768995961,2.234925995825881,2.723248742215393,2.9792464323701373
LA2933,V,shade,low,pseudohypo,2.691570238508538,-1.5519347000860721,0.4670096773798704,0.3123274007875,0.018908876653463854,5.607233345675,0.01045550154721773,0.19915537926709415,0.11112947943197247,0.08257439359486972,2.515767616123396,2.8160101420420967,2.913322670222989
LA2933,V,shade,high,pseudohypo,2.691570238508538,-1.1794149748649971,0.4670096773798704,0.29681932315,0.010352054324016986,5.64602083615,0.005694865614236134,0.25475935080326795,0.14498283008973417,0.0969987584520437,2.3647901290648528,2.7278304707700762,2.8764289693627143
LA2933,W,sun,low,amphi,3.0144470193715556,-0.9564064097062862,1.4184951176652625,0.3171566324375,0.013848805172176223,4.7724168771,0.007589708603640377,0.2551367903650316,0.10687182556391497,0.053687913606822325,2.318208383375224,2.851902656674807,3.005620571033463
LA2933,W,sun,high,amphi,3.0144470193715556,-0.3107785434044706,1.4184951176652625,0.273539225455,0.008602712652491101,5.127667653025,0.004578870267182384,0.38219075108069284,0.1765332057356139,0.0729405328689686,1.9252295381381095,2.6146094774357422,2.9512269068271473
LA2933,W,sun,low,pseudohypo,2.7847942932567147,-2.4910556085300004,0.47988460496383406,0.1640212924035,0.02982105262207236,5.196762708925,0.018554683551165428,0.08006990784943144,0.059614968015212114,0.04455135718049584,2.925651435633271,2.977776003122618,3.033490949915972
LA2933,W,sun,high,pseudohypo,2.7847942932567147,-1.2590854423932107,0.47988460496383406,0.32896027404,0.008369917499903724,5.157486699275,0.004598208015295195,0.22037143804946657,0.1271681050629079,0.0681720311292485,2.515264054626879,2.796610992014597,2.9781652241364838
LA2933,X,sun,low,amphi,2.8767803107426535,-2.884891073707442,1.5655649712583848,0.0026021400188258,0.006180938924176673,4.24639978525,0.006302458609959304,0.06087043302299779,0.05093490945739964,0.048265044367685805,2.9736993291898344,3.0073424609207438,3.0150011401976964
LA2933,X,sun,high,amphi,2.8767803107426535,-0.3019598899471636,1.5655649712583848,0.193250017285,0.01771597892892518,4.79693705185,0.026583889602091734,0.35677130750538005,0.24087823779209763,0.1458821764171774,1.9255599469882207,2.3442348358258664,2.6750385822587566
LA2933,X,sun,low,pseudohypo,2.7080665540611317,-1.9509994613728578,0.7721067609013178,0.1705784663375,0.015994978084264054,4.554529504225,0.010193687802473568,0.1180395852522568,0.07395713397278703,0.048592798837469656,2.788655706776055,2.9277909919752947,3.0150795276835516
LA2933,X,sun,high,pseudohypo,2.7080665540611317,-0.6225590267816383,0.7721067609013178,0.35540571122,0.009154499305807497,5.018135625175,0.004897854044697992,0.2845673620702712,0.1645261462838656,0.08613023385406356,2.181404244329586,2.6408258793529544,2.8900674250806664
LA2933,Y,sun,low,amphi,2.9251546925727747,-1.8322561826660608,1.3113981662329754,0.1316239126705,0.02612076149534337,4.57711625945,0.016215762213798297,0.13881397025597036,0.11122173917625966,0.09184385659031091,2.7263558772897976,2.814202575360283,2.878445272769471
LA2933,Y,sun,high,amphi,2.9251546925727747,-0.05291309849053853,1.3113981662329754,0.52496025931,0.018934160196023352,5.157462282875,0.008585570782606711,0.43198499947253133,0.26047282074779804,0.1332719908064584,1.7278075315174706,2.315289590501038,2.738703819981729
LA2933,Y,sun,low,pseudohypo,2.7063593847094656,-1.8227059089907542,0.21833100924961218,-0.032622549252775,0.0086704019153942425,4.811634448275,0.007875038588870608,0.13358741733233695,0.09844116426290356,0.07911689861610337,2.734517372285772,2.8519583229448022,2.9126173493393304
LA2933,Y,sun,high,pseudohypo,2.7063593847094656,-0.678665237213161,0.21833100924961218,0.2003074250525,0.01387299292260154,4.875237548675,0.008460717502883785,0.30089218206054785,0.20373901179749102,0.13242091286226396,2.2289339826780386,2.536121659153327,2.765114483622506
LA2951,AA,sun,low,amphi,3.088960124565825,-0.7235015146398986,1.4949670873448648,0.536609269875,0.022275688007239083,5.207370938825,0.012256321957482464,0.23794117890693367,0.220832705875639,0.20732932500745171,2.4101577710924675,2.4698374994737264,2.5120317197112705
LA2951,AA,sun,high,amphi,3.088960124565825,0.02288493817243871,1.4949670873448648,0.3250227631325,0.026620561121506785,5.51993881125,0.019105318966109612,0.36149758880940885,0.31309246312967387,0.27192814714000313,2.0299894858911953,2.185298905526597,2.315432268825121
LA2951,AA,sun,low,pseudohypo,3.0579139998410794,-0.6590423483764782,1.0681930297898135,0.591666710145,0.018830378153955794,5.217699448475,0.008874189771743056,0.19926487650495991,0.16843836582366237,0.1483718469915436,2.520730138776104,2.5908286017347684,2.6787113781746816
LA2951,AA,sun,high,pseudohypo,3.0579139998410794,0.0786028702692761,1.0681930297898135,0.53593204823,0.014827501994487657,5.491478384575,0.00737978370922301,0.308638939895886,0.25766884088110403,0.20882056525264225,2.1437412997379925,2.3256862845994375,2.500147073720617
LA2951,E,shade,low,amphi,3.0297576327083964,-1.481835539357298,1.3041882376987173,0.299314722925,0.014666785241395643,5.397097747475,0.008881689952102001,0.14738539858856606,0.11309742352139282,0.08753456628873499,2.688488654184752,2.8048022835719313,2.8888162502724937
LA2951,E,shade,high,amphi,3.0297576327083964,-0.8989806659212675,1.3041882376987173,0.317275668415,0.02669522512161257,5.742467942325,0.02049513086650194,0.21594092874405774,0.19337529180718283,0.17289183608206812,2.4528810799755956,2.5320539507845248,2.601687445346368
LA2951,E,shade,low,pseudohypo,3.02296806105,-1.344507752957802,0.8202265473159727,0.0564045994865,0.00576569320661653,5.114738811125,0.004263169707967125,0.18052110293776388,0.15287580506886697,0.13371114669315906,2.551944105655352,2.6456506733148637,2.716921725811418
LA2951,E,shade,high,pseudohypo,3.02296806105,-1.0787234370333185,0.8202265473159727,0.21321524426,0.01536733711059419,5.311986446425,0.012473679630382017,0.21216159813157232,0.19156509665167248,0.17486879663106494,2.4453319847200508,2.5171913206738967,2.577822748609049
LA2951,I,shade,high,amphi,3.1051684613315773,-1.1300941225088958,1.0493573794513213,0.1473125689165,0.0257500899126428,5.286379328925,0.02772196634931389,0.14668684345805721,0.12120637535310476,0.10108857479658724,2.696898580568355,2.7779284019981887,2.845200509252942
LA2951,I,shade,high,pseudohypo,3.0951637577868882,-1.4593120760803782,0.626093296071649,-0.11438824112137075,0.13270577461646194,4.53273291385,0.49461064756427187,0.10120668635087607,0.09992051457310458,0.09934188917724236,2.8387193669174833,2.8414111219382288,2.8436268198299617
LA2951,J,shade,low,amphi,3.067500789561595,-1.2285347864186429,1.3441610498791852,-0.019123284933311748,0.030296555588026013,5.489498194575,0.03452811329095581,0.16517086502520295,0.1178976123038078,0.08175782876580644,2.6445564118818656,2.795907704307016,2.914807585127278
LA2951,J,shade,high,amphi,3.067500789561595,-0.5697031435818584,1.3441610498791852,0.14416796915275,0.026457392172389946,5.626026346025,0.026258364015026493,0.2609084020042835,0.2211837713061691,0.18811205536079936,2.3388353684504892,2.457560833314388,2.565829836620173
LA2951,J,shade,low,pseudohypo,3.0485262929214048,-1.011704650337226,0.9482634484703147,0.10903155058625,0.016488617593972837,5.3588366637,0.013324219069589237,0.182707896468398,0.11944528298729239,0.07891530089951672,2.580273308112591,2.7867516511989203,2.918990583267548
LA2951,J,shade,high,pseudohypo,3.0485262929214048,-0.6843269545358023,0.9482634484703147,0.14511089071325,0.030536193477233516,5.801070724775,0.03692643108704724,0.22376649467601178,0.18524947983040874,0.150672880045967,2.4285449760067146,2.56005195761169,2.6766368771397526
LA2951,K,sun,low,amphi,3.2496093571898657,-0.6289070815233442,1.7108158693235211,0.708792403675,0.004810408926642428,5.283924595575,0.0018076844499042195,0.2377290556126897,0.12274357070191733,0.06059796628530891,2.4027898616994436,2.783054206745389,2.9824931164490582
LA2951,K,sun,high,amphi,3.2496093571898657,-0.1311486591193746,1.7108158693235211,0.380779338075,0.01322090705573457,5.1728497579,0.006906301600369873,0.32200547663850654,0.21914797733603686,0.14328771434099827,2.120775898029385,2.4596022461059626,2.7112555379147505
LA2951,K,sun,low,pseudohypo,3.270180077867083,-0.8642986476932596,1.2328310588265625,0.3644269557075,0.014416011896387842,4.8541425047,0.007276499276963794,0.1762108800077316,0.09205069650124333,0.048094818488175047,2.606048378946741,2.877812898435856,3.023812195979803
LA2951,K,sun,high,pseudohypo,3.270180077867083,-0.1096736320752266,1.2328310588265625,0.45286970749,0.012110390174506786,5.2655888277,0.005726504918370593,0.2756315973968866,0.1698258902707211,0.09829662479760144,2.2543732814749697,2.6147959135921344,2.8529074141524764
LA2951,L,sun,high,amphi,3.2885835039094875,-0.2610870589351276,1.330338665960239,0.44020596322,0.011856550252269792,5.92859108925,0.006787910740138197,0.31038083785493215,0.24468202876462447,0.18876146744580782,2.090938585426569,2.330661482335425,2.53396692282157
LA2951,L,sun,high,pseudohypo,3.281585898611986,-0.6364736965833735,0.8893025801105169,0.43897654392,0.026678529592246862,5.571226606825,0.015266077586594448,0.25468033036888327,0.17786109791702726,0.1189598716705359,2.310040405533072,2.566764940113212,2.7733196685729142
LA2951,M,sun,low,amphi,3.2072151824068498,-1.3299058133229213,1.2404837305802823,0.13266395902,0.006733072021343002,5.15675487645,0.0045520013748152,0.13228086727431507,0.09794637771642828,0.07718448553342538,2.7571931446229403,2.8624262586609923,2.9294590499168125
LA2951,M,sun,high,amphi,3.2072151824068498,-0.4572432811754217,1.2404837305802823,0.42890512296,0.01084662891519689,5.531114041875,0.005757117685965044,0.2417670771405847,0.1794080192696496,0.1340566020542448,2.389113791155502,2.5915931710672124,2.740957891350383
LA2951,M,sun,low,pseudohypo,3.1656553191030983,-1.561385480803627,0.8242304178351206,-0.073289507197,0.00550164526079403,4.973096782925,0.0051634016184705514,0.1144940917665411,0.08377420047618096,0.06385359340461864,2.8108619987814065,2.90386456826372,2.9701102770654417
LA2951,M,sun,high,pseudohypo,3.1656553191030983,-0.7282275862905715,0.8242304178351206,0.239621144595,0.01923623402867948,5.55385725275,0.015078725826156957,0.20751197285345635,0.16610782760834134,0.13256031009770575,2.486819497853433,2.6232931330899425,2.7360006593612716
LA2951,N,shade,low,amphi,2.8784620785498833,-1.0344321818640612,1.3322336121960208,-0.07847368401075,0.0180241107074691,5.47625223925,0.027717791441103642,0.18992861974164815,0.1420999564097685,0.10732295692054103,2.5480232404866014,2.707566941570189,2.8250834682972075
LA2951,N,shade,low,pseudohypo,2.8540727739041647,-1.5050469481759972,0.8497102538599506,-0.09545830708575,0.019175156654048394,5.143387256275,0.0255844416330907,0.12850984290490253,0.09653507378115406,0.07415870348745521,2.745506207019435,2.8527981260975563,2.930243366905638
LA2951,O,sun,low,amphi,3.1523887202876404,-1.2176353817271333,1.635574139140071,0.331215482005,0.015360952555289019,5.2704418969,0.009582236495691664,0.176475979251157,0.12155350052766897,0.07986619073967147,2.582844196528881,2.775598740807518,2.9120877925520596
LA2951,O,sun,high,amphi,3.1523887202876404,-0.19083661462712664,1.635574139140071,0.25043721148575,0.027486751258447385,5.844903799725,0.022441507106016848,0.33157955647819143,0.2580392089030399,0.19133427462119848,2.0002011581821666,2.2778153423321097,2.5208421997206902
LA2951,O,sun,low,pseudohypo,3.017602293989828,-1.3366696126062614,0.7401992514867812,0.057690642474750004,0.002535545285206721,5.186196133475,0.002468312644823399,0.1683791623373076,0.12473428830721452,0.0932026896543491,2.608216189200547,2.7570224757420894,2.8635358222639926
LA2951,O,sun,high,pseudohypo,3.017602293989828,-0.2926554600826673,0.7401992514867812,0.2911127963075,0.029380627587387114,6.1638629985,0.0255945038159541,0.31158239542977284,0.2499911882866357,0.1937698024316269,2.0712310571185357,2.2930868468599157,2.495553775692641
LA2951,P,sun,low,amphi,2.9103996500918075,-0.6853145172390689,0.7464637107795752,0.07751404714825,0.009260151027387588,5.13604236425,0.007909371689129367,0.24892908149503315,0.2082393215473093,0.1838550537193239,2.375754023056362,2.5071747911346822,2.5853494094894445
LA2951,P,sun,high,amphi,2.9103996500918075,-0.10077435300654856,0.7464637107795752,0.334539660875,0.014065818383855424,5.485291553975,0.008635290038400908,0.33720295357111724,0.2861384879800237,0.2503439692318082,2.1049695913385476,2.2714600322216296,2.384126451297944
LA2951,P,sun,low,pseudohypo,2.8961797995071272,-1.1806921000689161,0.3022591349124119,0.065553840292,0.010005460640345354,4.8217210193,0.007420728360321978,0.13771852245200009,0.11304217810354475,0.10375231622453215,2.72162808663048,2.7961888664667542,2.8300665038696384
LA2951,P,sun,high,pseudohypo,2.8961797995071272,-0.6083425428153679,0.3022591349124119,0.2811063661575,0.017479432470680466,5.438465137275,0.01357363277274162,0.20653160788484878,0.1736387984065253,0.14631692868518575,2.4971397661396866,2.603401915909097,2.6950443175460923
LA2951,Q,sun,low,amphi,3.148670307979149,-0.9419283321238837,1.218205034136976,0.25083392898,0.017974510374878634,5.289472806325,0.012652003519216044,0.2076778946470478,0.1516142705375046,0.10919031852544969,2.503939022251812,2.6848008731009143,2.8240445513900254
LA2951,Q,sun,high,amphi,3.148670307979149,-0.4122674375386018,1.218205034136976,0.24166833514,0.012787080822217002,5.51752878465,0.009815660231550399,0.2959512921087874,0.24491535831809275,0.20161969284615064,2.221710337403306,2.386572176602037,2.527852253242253
LA2951,Q,sun,low,pseudohypo,3.1204191855091907,-0.885257000580254,0.7953880940168893,0.277141332205,0.015259381995593433,5.2808405361,0.010203558147357628,0.19833582214981496,0.15375398599491627,0.11924825572502118,2.5011064211680614,2.652362955802997,2.7756186710305673
LA2951,Q,sun,high,pseudohypo,3.1204191855091907,-0.4783180934619523,0.7953880940168893,0.1152851566232,0.023419483954595473,5.62343948055,0.025342496721894477,0.26127604794667236,0.23073249998258227,0.20654074405086942,2.332475148204402,2.3921413192265613,2.4826566306879414
LA2951,R,shade,low,amphi,3.1224069790313966,-1.2494284544285774,1.1031853445834323,-0.061365290754,0.010505798321346295,5.48401051405,0.019629765411885304,0.16059852691277104,0.12267746623621859,0.09595282469611385,2.6574373014960146,2.774717121576856,2.863539238661902
LA2951,R,shade,low,pseudohypo,3.1108427869574653,-1.4426598010545075,0.7010151588050866,-0.07512523999525,0.0036120713409298214,5.367170828025,0.0062372409912146,0.13291850897793822,0.10429297746928051,0.08352379704023076,2.739782523283325,2.825300109785848,2.898045576272972
LA2951,R,shade,high,pseudohypo,3.1108427869574653,-0.8233119954404277,0.7010151588050866,0.0845344764435,0.017119927755738517,5.7183069548,0.022466901533428917,0.20736270429711576,0.16992548199680457,0.13868082284481573,2.487460452349401,2.612277977337611,2.7186135518215044
LA2951,S,shade,low,amphi,2.991424728470836,-1.380764194801929,1.328578591934513,-0.0074491838754533,0.02410218529506773,5.709932632625,0.05437956687214161,0.13644276616854137,0.10347634921163179,0.08233769956708244,2.747035372759831,2.8409011793964796,2.9099209979351204
LA2951,S,shade,high,amphi,2.991424728470836,-1.166579053722008,1.328578591934513,0.12792516501099999,0.019448018907942306,5.005476212975,0.017137310644448588,0.162141366941066,0.1467514913453524,0.13702719279734746,2.6641929169872487,2.7076936750930876,2.741643162724757
LA2951,S,shade,low,pseudohypo,2.963208065811793,-1.3507876408134842,0.8399557031360048,0.05417306355925,0.007083632996215284,5.446253113375,0.00972616095071116,0.12126038471400927,0.09428869118710984,0.07427012863082548,2.769978176935688,2.8654210489816254,2.9302557189206575
LA2951,S,shade,high,pseudohypo,2.963208065811793,-1.0765102007701841,0.8399557031360048,0.15384765064875,0.0194939320119262,4.915593465225,0.016473877542648705,0.1494771361243981,0.14139419870618095,0.13677498962977017,2.6828157031147932,2.708512519825565,2.7252067652929934
LA2951,T,shade,low,amphi,2.7552124699524025,-1.6214135272302828,1.2792198833250883,0.270908269625,0.028069504051220488,6.202042071675,0.05631788105841413,0.10710597582901087,0.07903176574544138,0.057654583466049784,2.833173204223307,2.924217797740553,2.991895973960951
LA2951,T,shade,high,amphi,2.7552124699524025,-1.0340845620625454,1.2792198833250883,-0.0246544272672535,0.019912359224718026,5.42101385805,0.03346737003739417,0.17164926666928854,0.14300678833745195,0.11813697487931961,2.653501162342232,2.7246251641518877,2.799591551167024
LA2951,T,shade,low,pseudohypo,2.69272089446214,-1.5944696364920214,0.71456074681195,-0.08911947459425,0.018335604529750603,6.57658507795,0.048018768657584004,0.11419180787797516,0.09154262082976754,0.07472671103535795,2.791533465852895,2.8687330806922695,2.9288863845579507
LA2951,T,shade,high,pseudohypo,2.69272089446214,-1.160949927542518,0.71456074681195,-0.1915980629125,0.0235233906840473,5.245924724875,0.045177845087627726,0.1570831963584199,0.13861995293189688,0.12457903690331935,2.66858915792296,2.711362055025342,2.7617718695872653
LA2951,U,sun,low,amphi,3.3582296727793555,-1.399741350678328,1.2481788219621028,0.0753358818555,0.00974893165484098,4.888245807175,0.009116263130725409,0.1281334082554692,0.10351363985807223,0.08443575757487469,2.761967589282464,2.841779546909776,2.9003722211395337
LA2951,U,sun,high,amphi,3.3582296727793555,-0.6857928163354446,1.2481788219621028,0.405336111505,0.030602107308400652,5.560878509825,0.019621094925017558,0.22188954763604296,0.16765317690317674,0.12666800162963773,2.460385826875943,2.6351949897376366,2.76874027018074
LA2951,U,sun,low,pseudohypo,3.3632606281766426,-1.2380045022293074,0.8058975593157249,0.157908171162,0.01703571350256378,4.64747135765,0.012547340969270793,0.1346597822994914,0.0976334311634554,0.07992276540294256,2.7327658337042893,2.853537540784683,2.91228426998248
LA2951,U,sun,high,pseudohypo,3.3632606281766426,-0.7345820819329039,0.8058975593157249,0.3382089260975,0.02680253151093046,5.17624107745,0.01951425705797926,0.19469639414979015,0.1521139201965495,0.11801757992253391,2.5322921855871794,2.678498161617406,2.788412599338297
LA2951,V,shade,low,amphi,2.973914901242848,-1.29948424772675,0.8539792911930534,-0.0575079392708725,0.023034228847292802,6.243342813525,0.10122975295081618,0.07634342049750564,0.061711919635076315,0.05506932152300267,2.932913895252498,2.9793052253583436,3.001783788935043
LA2951,V,shade,high,amphi,2.973914901242848,-1.1117732025789484,0.8539792911930534,-0.0569977452605,0.012258106665534603,6.031003556475,0.028904898662518004,0.09186368097974236,0.08259423271912605,0.07557165399981047,2.89576759731521,2.919405196723581,2.9450945141934954
LA2951,V,shade,low,pseudohypo,2.976537248804977,-1.5180419497812663,0.5121506364021643,-0.0079606952313978,0.012025132261342358,5.7960664893,0.028672370460114067,0.060919273155410666,0.04908425784896779,0.039465654120793066,2.984957114292734,3.0146733975052444,3.0500225821482103
LA2951,W,sun,low,amphi,3.26259715550928,-1.106466466245488,1.3183385595347716,0.73363876142,0.026476709546823782,5.5943306202,0.010534505649209415,0.2157440936058444,0.17871183724022588,0.14832571187190483,2.4712708170481514,2.6011161587137632,2.6992104238319765
LA2951,W,sun,high,amphi,3.26259715550928,-0.430974414914562,1.3183385595347716,0.383751595435,0.016415635065430843,5.44231070775,0.009379496693321023,0.32724936148956213,0.27331523362625815,0.22807804745911645,2.122639097420076,2.3005597313943644,2.445568838109835
LA2951,W,sun,low,pseudohypo,3.211525799273418,-1.2359574649218807,0.723497423813565,0.9932177810875,0.023523225915406547,5.77900883405,0.007690148597952789,0.16609695228589869,0.13924701699527758,0.1164199868454891,2.6000776708934152,2.6962664958481763,2.778069440826263
LA2951,W,sun,high,pseudohypo,3.211525799273418,-0.46735177354975715,0.723497423813565,0.3132126285125,0.007860613291362843,5.6189312899,0.0049697893708688145,0.27642387324448525,0.2282256410319167,0.18501377126529128,2.259198287190498,2.4044956406109925,2.5578879996279507
LA2951,X,shade,low,amphi,2.88488854228714,-1.407955741776595,1.0051684674502028,0.044704776191729,0.02843249606594981,6.353905748375,0.1154210892044796,0.13049638591327484,0.10254748493277561,0.08004345036948585,2.748405711359022,2.838576620205534,2.914692982475267
LA2951,X,shade,low,pseudohypo,2.915464225884558,-1.6458137271315738,0.5404227138175949,-0.1585305110155,0.04042800957172394,6.2657176978,0.2083658214330971,0.10225948738349486,0.08478947828749317,0.07095964301220091,2.8389677033486596,2.894463574991425,2.942389136499072
LA2951,Y,shade,low,amphi,2.9040536849186993,-0.8562401156513719,0.976324390895401,0.008464634784387125,0.0077758621896448785,5.2198425903,0.010286678537448291,0.16504085132826316,0.1313021912732888,0.1043128545471806,2.6399978928712544,2.746026486218593,2.836773963523262
LA2951,Y,shade,low,pseudohypo,2.9435504401990182,-0.993654251302615,0.47447997848377893,0.10409378498775,0.010724631156020141,5.207237552075,0.011097151872824972,0.15356740460098572,0.12010364363593529,0.09285633518040941,2.6564268088283565,2.7686526831001954,2.8655040248505044
LA2951,Z,sun,low,amphi,3.3943164191292516,-1.1777790878156245,0.984488790976873,0.7169578464075,0.023683208218526847,5.70411652995,0.016732371909657307,0.15328694593637754,0.13429078255899857,0.11997229770275082,2.6864772487810518,2.7458046637163442,2.7967437421085775
LA2951,Z,sun,high,amphi,3.3943164191292516,-0.5178975096157912,0.984488790976873,0.56292801901,0.042960919402299236,5.5986866797,0.02362344219253926,0.23589109138848263,0.20398519543974097,0.17788507508345036,2.4569807460406006,2.5462199607184735,2.6257376343690297
LA2951,Z,sun,low,pseudohypo,3.368489691385991,-1.4834906601651747,0.5943728693096345,0.74884251024,0.018970411147128885,5.714887115325,0.009042126707172091,0.10520416420820757,0.08334586697902843,0.0655220642562423,2.8345211147677776,2.9080485009003523,2.9655407161393073
LA2951,Z,sun,high,pseudohypo,3.368489691385991,-0.7864316009023483,0.5943728693096345,0.5907864489525,0.026205462478635696,5.62681382745,0.012764952719032914,0.18156208759953224,0.13799656710697702,0.10437496034401945,2.6072059242877517,2.742702067191453,2.848980825385203
LA2964,D,shade,low,amphi,2.979954855827251,-1.4077911913381727,0.6829817171301068,0.487592557385,0.038694110997915775,5.1616339231,0.01871796207680681,0.15385419214691282,0.08295527599920846,0.041679651372903616,2.654643409617702,2.908657888601228,3.0379008737790176
LA2964,D,shade,high,amphi,2.979954855827251,-0.9170429175667674,0.6829817171301068,0.3140250670075,0.012648932744177008,5.799476190625,0.008771223345076908,0.2206889722574818,0.16012386666303147,0.11323080108146207,2.4392348350209647,2.650798360329895,2.809988328681765
LA2964,D,shade,low,pseudohypo,2.909876369455607,-1.7058831497867826,0.3473719010942709,0.21996227062,0.012035198202608326,4.72745295495,0.0077899317582482705,0.12148899907475391,0.08077901180331251,0.05494025821596493,2.774336059573827,2.9041764017224527,2.9933568809028617
LA2964,D,shade,high,pseudohypo,2.909876369455607,-1.0150665929147225,0.3473719010942709,0.16607070253,0.023126273058666783,5.623161694525,0.020845363076150952,0.2004328426448868,0.1627447534225719,0.1302877964654564,2.514050065472616,2.6342393270680007,2.745176845933511
LA2964,E,shade,low,amphi,2.9363529044967667,-2.3780809246539976,0.6031585023653042,0.173756972205,0.008609177722455678,4.370227207875,0.005954267182428546,0.07416185756196123,0.02739923695952433,0.023628316939458143,2.940523662611668,3.0845658585282347,3.1021058451131722
LA2964,E,shade,high,amphi,2.9363529044967667,-1.369717593397781,0.6031585023653042,-0.07619544078328751,0.03356993196188896,5.74546351725,0.06070624661992513,0.16044205325929867,0.11103765399059062,0.07628135658209255,2.633344050660756,2.805969023905095,2.921543198062495
LA2964,E,shade,low,pseudohypo,2.914383089974957,-2.0158874760485346,0.4685155253393819,0.27584738904,0.012887779039717613,4.40888429315,0.009975054721628749,0.09947317432700024,0.03739749980030359,0.032871177635257445,2.846475645429419,3.0492678972042655,3.065851062665145
LA2964,E,shade,high,pseudohypo,2.914383089974957,-1.1410041450096284,0.4685155253393819,0.12585109179725001,0.025047425523329586,5.815994163375,0.028715732932671614,0.18898231865464396,0.1260549875563834,0.0825614949318395,2.5470151000665164,2.7635391028042724,2.912050516326993
LA2964,G,shade,low,amphi,3.025082228343234,-1.4207308155800917,1.1861841480265516,0.2595198272925,0.012143602775052038,4.57820482365,0.009020220943577732,0.16034493413282208,0.06368410092940167,0.046431078037302134,2.6241618094237853,2.968240534092715,3.0187150360871717
LA2964,G,shade,high,amphi,3.025082228343234,-0.7915650853864085,1.1861841480265516,0.06614356953439,0.02569419367809017,5.8013920994,0.03509986553340806,0.2509720874117973,0.17877720999604318,0.12424120943901702,2.3243417744039214,2.585256836333716,2.7691472449853025
LA2964,G,shade,low,pseudohypo,2.9975714934619164,-1.4304711427930896,1.0449446478168911,0.38271538312,0.008639772392902022,4.708875953475,0.004833633754843442,0.15452470478546132,0.06646017359214902,0.044343914836401745,2.664723415481241,2.9731045217288052,3.031231097717366
LA2964,G,shade,high,pseudohypo,2.9975714934619164,-0.9800487463926854,1.0449446478168911,-0.019769678064894675,0.015188798859832075,5.464919949775,0.01856676819981012,0.21190377517518727,0.17075415964937113,0.1335057216106425,2.46147830267485,2.6056504902798525,2.73178354728438
LA2964,H,shade,low,amphi,3.00392642079302,-1.7267405367863207,0.7793658596643525,0.169837307985,0.011381642972581176,4.91917886975,0.00793468940429149,0.13396417701091357,0.08291344685168434,0.05075363167025119,2.734985589969318,2.907864492567411,3.0130924229452525
LA2964,H,shade,high,amphi,3.00392642079302,-0.9802462015400893,0.7793658596643525,0.46457447808,0.028135165091887487,5.5719227169,0.015364587159568451,0.22715242842334993,0.13874311617388466,0.08190373842371372,2.4066225393393856,2.7092375876334653,2.8996276049871272
LA2964,H,shade,low,pseudohypo,2.917903379242994,-2.1111574314928836,0.4720358146074183,0.08937108085925,0.009584822392791754,4.713672149425,0.0075787710266274665,0.09814947613935424,0.06587400302936969,0.04444069036507878,2.847779930225874,2.955970280894753,3.029138780955353
LA2964,H,shade,high,pseudohypo,2.917903379242994,-1.3487414234414108,0.4720358146074183,0.31897823969,0.028151373850856812,5.3720978289,0.018090368531951895,0.16942523430415635,0.11798519741440343,0.081867960398447,2.5924967494875344,2.7767081194811345,2.903045752668148
LA2964,I,sun,low,amphi,3.0044494417342364,-2.171029752541283,1.2833343970739377,0.5627829014425,0.019053194302416206,5.46075584725,0.00875583510793269,0.1206115129429768,0.10069359140770093,0.09075352020548574,2.772791510212067,2.8424761915072962,2.876560103192186
LA2964,I,sun,high,amphi,3.0044494417342364,-0.7230617974343331,1.2833343970739377,0.6006929238875,0.015254054684022767,5.8260045453,0.006241045033968825,0.28681880006546967,0.21034762889002345,0.15592548971126072,2.1685482494949344,2.4646032650097824,2.658552505266584
LA2964,I,sun,low,pseudohypo,2.967746477029111,-2.323497577421371,1.0589622692482619,0.605311289225,0.019009621770918753,5.476511947025,0.00830249051829707,0.09510208067429762,0.06427033913419243,0.04468011793068679,2.8733350162840736,2.9656672656338645,3.029700484179087
LA2964,I,sun,high,pseudohypo,2.967746477029111,-0.7567148253814598,1.0589622692482619,0.4547453869025,0.008608873371131653,5.789955497225,0.004450940011333096,0.26465416964897737,0.18157659681895677,0.11668444142297671,2.2604287838623667,2.5626232524281765,2.7840830436145287
LA2964,J,sun,low,amphi,3.0511855654909894,-2.470798563257189,0.967026128606478,0.2270997291325,0.013410762642794165,5.188544899325,0.009267474998313098,0.11334694373465379,0.10341040657509405,0.10142304466470531,2.817879206850816,2.8349495343601507,2.8425445209157405
LA2964,J,sun,low,pseudohypo,2.999726335962897,-2.6574041933949326,0.41638778069871857,0.17297593128425,0.028283931284878487,5.4045427082,0.024922936648049784,0.07520549841070297,0.06093754522398205,0.049774182363448057,2.93358377283072,2.9762717974666915,3.0144649739590985
LA2964,K,sun,low,amphi,3.2528160042232503,-0.9643629878615535,1.1557946536963315,0.3181897214525,0.008166585356024948,5.160727873225,0.0043349364715545334,0.23443942774722243,0.12374784250228035,0.06254429809184904,2.3839074790709307,2.766435138142701,2.9723551226429286
LA2964,K,sun,high,amphi,3.2528160042232503,-0.3790267533033769,1.1557946536963315,0.621758366575,0.011198372117891146,5.579529678125,0.0045664128665426065,0.32740202340400104,0.22381639722720909,0.14326390051325907,2.0381834345233196,2.4104490475563702,2.6902637641287224
LA2964,K,sun,low,pseudohypo,3.1833239218718963,-1.413230447329528,0.7910406033704275,0.049183859711325,0.009868746586692506,4.75444162065,0.010293013058269088,0.16806695687646794,0.11219971203433525,0.07903461404681181,2.6027384699445597,2.7920630316832886,2.90727899416585
LA2964,K,sun,high,pseudohypo,3.1833239218718963,-0.7053273384882564,0.7910406033704275,0.240026062895,0.007690724632787651,5.130727522375,0.005163952511706771,0.2602145357801916,0.1946939402868642,0.1412598519861618,2.246750755497831,2.491297067515218,2.687736803338892
LA2964,L,shade,low,amphi,2.9081564299920637,-1.5094399703596024,0.7161484719011451,0.3164303143725,0.023820719008977795,5.773302922975,0.017210395299369075,0.1872145918983497,0.12089336999799039,0.08438567740134105,2.552118343077666,2.7763406745966055,2.8994734166472473
LA2964,L,shade,high,amphi,2.9081564299920637,-1.014409145621344,0.7161484719011451,0.4032678322725,0.019054358295335413,5.992967806825,0.012920947227672825,0.24708578682589014,0.19333824353037177,0.15241945175133034,2.3259072940595553,2.510276287397168,2.6523604765832487
LA2964,L,shade,low,pseudohypo,2.8663089623308444,-1.7039460163729805,0.516585258248171,0.311255813145,0.021844415359679917,5.299643499975,0.012980384199796857,0.14886732189303348,0.08548010251020649,0.04803901702374329,2.67973713725172,2.898147372040196,3.0182601886890033
LA2964,L,shade,high,pseudohypo,2.8663089623308444,-1.2455964434136373,0.516585258248171,0.24797397088,0.029932879014741804,5.69577141505,0.027794026946521194,0.20211412597373593,0.15906330318888398,0.12284687395873836,2.498621278017009,2.63494333343184,2.7591903900366934
LA2964,M,shade,low,amphi,2.8797626922205573,-1.6293368025959398,0.9574830029648241,0.1783776151625,0.011504470509440812,4.476740779025,0.007528148211582068,0.16249472443705953,0.08622645081681651,0.07106312076526998,2.639650740169392,2.896091199432141,2.937166692352437
LA2964,M,shade,high,amphi,2.8797626922205573,-0.7422101870627398,0.9574830029648241,0.18985886497749999,0.020445441994400595,5.38822112555,0.014090321405678839,0.27446663307292507,0.21659805110320432,0.1719909826610402,2.232156657370102,2.4513894809629524,2.610707513601933
LA2964,M,shade,low,pseudohypo,2.8133387475017013,-1.972109911028712,0.6069936262643755,0.17442698723,0.009343697895712419,4.534123972825,0.006057908256907754,0.10918290679005692,0.05447786154429253,0.03506634014538685,2.8184130682020188,3.0058968686640304,3.060613208268019
LA2964,M,shade,high,pseudohypo,2.8133387475017013,-0.9504626248141257,0.6069936262643755,0.12830149475175,0.02382518528264641,5.473987273,0.018118672656566085,0.21928400328115724,0.16721741010013147,0.12366214698516596,2.422968377183879,2.6070358368875057,2.759420188311903
LA2964,N,shade,low,amphi,2.916347924882781,-2.0818610560288735,0.5624488493896274,0.2328596334625,0.014818441834412228,5.24171945775,0.010007336406857468,0.10411024018665209,0.06212369881226036,0.0430697545039519,2.840654966869372,2.9745224595257245,3.0377046801224417
LA2964,N,shade,high,amphi,2.916347924882781,-1.1403098108206677,0.5624488493896274,0.27779905576075,0.04488013468599089,6.138022782,0.03722201385152064,0.19528849275735685,0.13897594065850055,0.10295388593672306,2.5482514631788247,2.7169227573607535,2.8366795910129974
LA2964,N,shade,low,pseudohypo,2.8613884111626438,-1.923478519147724,0.31929281443251467,0.25067088375,0.02531421162130749,5.30259201815,0.017696584399036274,0.09820235286784691,0.058446258577799046,0.036161937697953464,2.844088195219544,2.9846676990956404,3.0583339334348287
LA2964,N,shade,high,pseudohypo,2.8613884111626438,-1.240978755380249,0.31929281443251467,0.41762493608,0.029856482560963616,5.9113447559,0.021331706177257753,0.16245039292235042,0.12829905167256855,0.10014929530280774,2.618903879410725,2.741946771193419,2.8400431413632177
LA2964,P,sun,low,amphi,2.957966069867294,-1.1514220080981223,1.4679627461703815,0.6147291817025,0.018232890107117285,5.14491839215,0.008194618166700494,0.2203025257271721,0.09158810994657672,0.034733937560864986,2.4560338597694766,2.880931046721197,3.065591381819478
LA2964,P,sun,high,amphi,2.957966069867294,-0.4125781343176382,1.4679627461703815,0.6783153333025,0.01151971127882851,5.506797218425,0.004535062124663424,0.34477046193439886,0.17580184832753246,0.07701080019355977,2.025675787335821,2.5951235271422126,2.9244806361854305
LA2964,P,sun,low,pseudohypo,2.857947099915194,-1.6456128208853986,1.1346073602327842,0.2402936765475,0.005441792340305775,5.065592425925,0.0032731947244750816,0.1513207838478804,0.08850068980724926,0.05091485231880063,2.681177782821626,2.88798886268904,3.0127717263062985
LA2964,P,sun,high,pseudohypo,2.857947099915194,-0.5665011430226423,1.1346073602327842,0.5362091416275,0.013527577273792292,5.464074477175,0.006040595518838517,0.30206907811984446,0.17669722235217628,0.09116041169715595,2.1602648672098392,2.58831550419858,2.8742226067344077
LA2964,Q,sun,low,amphi,3.1022649223338186,-2.215939706812927,1.5726880895723985,0.21150013801,0.016153220930747766,5.306658744025,0.010982812986351346,0.10084017362981351,0.08059426947451243,0.06374202630368975,2.8556229300344524,2.916245748083672,2.974410467499279
LA2964,Q,sun,high,amphi,3.1022649223338186,-1.40209089519333,1.5726880895723985,0.390777398015,0.008091411877872002,5.182960917775,0.004548890527049244,0.17838350668862782,0.1317657689712844,0.09881218670175569,2.5920982424717502,2.7457080733903796,2.8541420327982494
LA2964,Q,sun,low,pseudohypo,3.069890172769691,-1.2727680096853433,1.3102652733475164,0.6356008309225,0.008452649479312208,5.74353502265,0.0036614260111827827,0.1969812852884113,0.13177518440020433,0.08379080361115498,2.510789118089643,2.7394190936416547,2.9046311586851856
LA2964,Q,sun,high,pseudohypo,3.069890172769691,-0.835024119242744,1.3102652733475164,0.2946003583425,0.022505927933314632,5.31528844745,0.014847743047037686,0.26057092358482264,0.19847549741686454,0.14319078063900945,2.3014543000515415,2.5162647732137904,2.7030616383900425
LA2964,R,shade,low,amphi,2.740191285057024,-1.654247430441225,0.5693108733919807,0.1373663215575,0.0037724568260279205,5.237970364875,0.002821964494183148,0.11595777233253178,0.07723997926199332,0.05475561359379351,2.849457343272918,2.9268546944104123,3.0000203350844195
LA2964,R,shade,high,amphi,2.740191285057024,-1.2020801149604907,0.5693108733919807,0.174489896425,0.009304375741251298,5.356994819175,0.007356587186594293,0.16774204039827048,0.12602549084732026,0.09272356010992669,2.67758264268522,2.773227137208707,2.8833623915572244
LA2964,R,shade,low,pseudohypo,2.670814286866424,-1.9951818698531867,0.3335131027823079,0.0095899503762733,0.004696218704721963,5.244154046875,0.005210317781451641,0.09876009470021388,0.07344808717460811,0.05744809761894096,2.8533987582104676,2.9287770674309885,2.9885653576426687
LA2964,R,shade,high,pseudohypo,2.670814286866424,-1.3986914713420213,0.3335131027823079,0.1952393635125,0.006301045929370398,5.43849493865,0.004977204278217133,0.1598251281055844,0.12293551255814388,0.09792286359533149,2.733304664624096,2.7861092078054766,2.872259901872682
LA2964,S,sun,low,amphi,3.200057700927545,-2.0936142539651748,1.748121257154467,0.2394782440175,0.004491955631828146,5.275764095525,0.0029366030735384265,0.1052191152547694,0.07729114495002086,0.05676497682322566,2.857935000780916,2.9284597292095564,2.993011967687509
LA2964,S,sun,high,amphi,3.200057700927545,-1.1009300833787612,1.748121257154467,0.36569517117,0.007574757745215036,5.569463818525,0.004228680155505822,0.21011650375425198,0.13869891084222588,0.08851515517909796,2.5152407334179845,2.734295043666665,2.8936373671684277
LA2964,S,sun,low,pseudohypo,3.1420647556614116,-2.2694380128279215,1.4253843080689785,0.2549027947425,0.007474393922531092,5.234218418125,0.00441445934193355,0.09689170614124885,0.06922115751421273,0.048660279066623215,2.8753544457533113,2.9514652150695158,3.0189703999728024
LA2964,S,sun,high,pseudohypo,3.1420647556614116,-1.3665807054258556,1.4253843080689785,0.1857261826975,0.006934308774150981,5.55649367315,0.004962574265576727,0.1854747151324373,0.13252697528829854,0.09311245395839797,2.6293964735490016,2.771255555602296,2.8970037098543338
LA2964,T,shade,low,amphi,2.914744453738675,-1.1481906940229936,0.6565358584917746,0.2833584456025,0.033102357851998936,5.217985044925,0.019923832168714583,0.16141248341981604,0.08258784626652482,0.04704576234864978,2.655141065565102,2.9173666285472386,3.0253140960865244
LA2964,T,shade,high,amphi,2.914744453738675,-0.9604723473127674,0.6565358584917746,0.185334703375,0.014247440725753041,5.054415459725,0.009575009439207662,0.18720997086011507,0.12983653860122646,0.08982374733351177,2.6006645565567608,2.7689951276282767,2.8892129943632736
LA2964,T,shade,low,pseudohypo,2.8667213041603152,-1.3570134869539363,0.304216835798979,0.2469135799225,0.015187931963157939,4.65979000775,0.009290835095574745,0.1302936878630327,0.05517129259496351,0.031689412154065705,2.7479330183873465,2.999424873014893,3.0751671529217828
LA2964,T,shade,high,pseudohypo,2.8667213041603152,-0.848642624811324,0.304216835798979,0.3285741656975,0.01980611071122058,5.138859021325,0.011331168803935839,0.1983774059438624,0.1286081263051372,0.07674756213561602,2.5535159611723985,2.7725720210217992,2.9420643810700495
LA2964,U,sun,high,amphi,3.0722300995578307,-0.8193773443187705,1.5128559039914657,0.3676991842675,0.014737310303156038,5.918423876825,0.009610540703279805,0.25985325241537444,0.20648523846491124,0.1612980509943206,2.2754278597987443,2.4627776482823327,2.6182803943749824
LA2964,U,sun,high,pseudohypo,2.9733048609003703,-0.7294703996493445,1.0725313768656004,0.25783197063,0.0201203855990021,5.773186459175,0.05859763666797374,0.20295035747463785,0.16397597074941125,0.12489402473903179,2.471617682083435,2.6229553282242133,2.7761967737980204
LA2964,V,shade,low,amphi,2.8896415831867204,-1.4412144827599336,0.5482166819187422,0.2873716601925,0.02914016663832923,5.23923971405,0.020116944866939747,0.16122472584728811,0.10310366672337465,0.06642871757973058,2.6397283320780964,2.8369292977008644,2.958682438210348
LA2964,V,shade,high,amphi,2.8896415831867204,-0.9554791960449026,0.5482166819187422,0.253283479,0.017431234145746516,5.38840318185,0.012398467067896901,0.22300059885807638,0.16698046114409895,0.12506530254507064,2.4217002858476033,2.6179779776105274,2.758124620517677
LA2964,V,shade,low,pseudohypo,2.8409663633329343,-1.680628539850887,0.30390856063276234,0.2317882285375,0.01756859223128422,4.943046023725,0.01120976791016586,0.11998365066463237,0.0650553775622145,0.037217858165500335,2.7717522082656485,2.9619162268171917,3.0549498143129936
LA2964,V,shade,high,pseudohypo,2.8409663633329343,-1.2288726175435738,0.30390856063276234,0.213690489255,0.020162607970078284,4.99849259965,0.01466589430415923,0.16716952140527977,0.12074161356817956,0.08328073870690535,2.6097106978331173,2.76902892773919,2.899009241072505
LA2964,W,sun,low,amphi,3.0555203592636926,-1.8475799461840305,1.5314330187870437,0.15377847692,0.007197400653943021,4.937561918575,0.004669672406229146,0.12881516448814057,0.0897913927358232,0.07621356913227408,2.748300140323971,2.885038871155921,2.9265276406624814
LA2964,W,sun,high,amphi,3.0555203592636926,-0.5890505675146587,1.5314330187870437,0.39141186168,0.01939007542154167,5.83828029075,0.011666439547286135,0.27902424822098754,0.1979817018044536,0.1384805106922067,2.2062078076287923,2.5095197281307837,2.709564047413626
LA2964,W,sun,low,pseudohypo,2.9468180634189407,-2.0674742134766206,1.1003917166814667,0.054225750623249996,0.009412255753495849,5.316513136625,0.010373943089183862,0.09888097210375713,0.0683606256316405,0.04571035845983542,2.865148014286091,2.9496430134883793,3.025567107232226
LA2964,W,sun,high,pseudohypo,2.9468180634189407,-1.107323730041635,1.1003917166814667,0.1345100935715,0.009866496721390948,5.755748727925,0.00809172220278752,0.20425192715300908,0.15791421550033422,0.1152613661201265,2.472399258099523,2.651594465433187,2.7916570275531196
LA2964,X,sun,low,amphi,3.10234631591245,-0.9410041616146142,1.097983795868236,0.572337633195,0.018493736014577097,5.5517929907,0.007600240090809174,0.22949626532753856,0.11178128084279831,0.05419970643584179,2.3996539599318227,2.809252441118903,3.0038070493409674
LA2964,X,sun,high,amphi,3.10234631591245,-0.42239137799329296,1.097983795868236,0.5212328808325,0.025603957985933318,5.7770664223,0.013079791492551769,0.3248354193845079,0.20916871598628992,0.12646656002945383,2.1091364063864684,2.494423744574341,2.766867669432876
LA2964,X,sun,low,pseudohypo,2.998992186177019,-1.0255634479869942,0.6534264922430096,0.50539623291,0.016953626409946226,5.5374249525,0.007843133173906617,0.22072839426854624,0.11776593607799915,0.059431427481910576,2.4211492682214244,2.7814107083079738,2.9821913306833916
LA2964,X,sun,high,pseudohypo,2.998992186177019,-0.5372787443735738,0.6534264922430096,0.6543799878675,0.03003495787718102,5.92906686825,0.013089737990985187,0.30231684988151264,0.21867257291673026,0.1473606999765021,2.150273393920218,2.456941922410544,2.6935344749569454
LA2964,Y,sun,low,amphi,3.1074763213556436,-1.861529441711057,1.3885810334336572,0.1921501686675,0.014880972084877648,4.7872341664,0.010182978628404504,0.12530482770812118,0.08152545026880346,0.05414944944506295,2.7652825516036006,2.9075915212534835,3.0000400692562144
LA2964,Y,sun,high,amphi,3.1074763213556436,-0.4677373114865218,1.3885810334336572,0.66217974256,0.018940608732384925,5.57295044165,0.007644972841151271,0.33326872013110787,0.21132084681474606,0.11962620345519338,2.0560914536711072,2.473413041486726,2.7827929352800425
LA2964,Y,sun,low,pseudohypo,3.033088264564798,-2.2789582429252215,1.0198367971033377,0.1659196689305,0.017775299271051388,4.70378038705,0.012074434841313958,0.09393561386628155,0.06584721083643806,0.049868187821277145,2.877048228404167,2.9574513726348393,3.00893500219192
LA2964,Y,sun,high,pseudohypo,3.033088264564798,-0.7041842975294342,1.0198367971033377,0.581937028925,0.014692254006715245,5.4859013442,0.0060684193710304,0.26298145673678924,0.1504633038550705,0.08186855153792505,2.2339724635714426,2.6610256571325497,2.915272574682312
LA2964,Z,sun,low,amphi,3.0350197827598864,-1.8064039144279966,1.2800031864239063,0.238019151395,0.013008688706204058,4.826689313525,0.008252701334817885,0.1030968417125587,0.06852187060957729,0.04438072391004617,2.8555197062517017,2.958889505810797,3.0375865655127554
LA2964,Z,sun,high,amphi,3.0350197827598864,-0.8263616464214345,1.2800031864239063,0.4468328118325,0.013470565295992524,5.313891124675,0.0068684283594171594,0.2171264736366874,0.13947209737494834,0.0838148563207418,2.472705709868432,2.7401697622756864,2.909848656138482
LA2964,Z,sun,low,pseudohypo,2.9378832394548233,-1.9238332544034897,0.9568453919770181,0.1412566808825,0.00719516740779753,4.7944944614,0.0048594604605374505,0.10734173089952558,0.07206303842947512,0.05471581228739797,2.8318170183803844,2.9432707340757123,2.9997236952820256
LA2964,Z,sun,high,pseudohypo,2.9378832394548233,-0.8696529514531142,0.9568453919770181,0.4431290785475,0.02562189175514247,5.211298309175,0.01267019904292548,0.23655676266236958,0.16393114157351496,0.1080042747924617,2.4246143316661346,2.6669902003280797,2.8390717439585043
LA3124,E,shade,low,amphi,2.898713802242365,-1.9348089640509198,0.5279366889618597,-0.080770598362,0.010843520970385271,4.833288323325,0.020257881726097625,0.11370779282040708,0.06536298418039248,0.043546831314205614,2.818288110031202,2.9618815768214297,3.032073503432279
LA3124,E,shade,high,amphi,2.898713802242365,-1.3792159988034618,0.5279366889618597,0.075228419751,0.00922933895347377,4.91698508515,0.0079484998305827375,0.17954998370875386,0.12467530421059175,0.08497792920927177,2.603429122791955,2.7759190313648205,2.8997954614523676
LA3124,E,shade,low,pseudohypo,2.85495735132044,-1.7242353308277825,0.2007444564696047,0.1843077296725,0.007962050869784782,4.7342784678,0.005042429823968869,0.14590307083676,0.08497690498772727,0.060844350633069824,2.691512412317885,2.8958708451847412,2.9753057469946858
LA3124,E,shade,high,pseudohypo,2.85495735132044,-1.409973219304711,0.2007444564696047,0.1770150728325,0.013117668959846574,4.914452697725,0.008898822756193879,0.17998973612827682,0.12187687011150306,0.08460749802056543,2.5870073628597483,2.7817954668302027,2.9044234289398965
LA3124,F,shade,low,amphi,2.9943241317320837,-3.0730629110974244,1.1377711161766806,0.1090624454145,0.01684885689674205,4.3184243819,0.012412604533871633,0.05272893545036661,0.04097583348352453,0.03779953855630927,3.0046664289020337,3.043227365226339,3.0539560728125217
LA3124,F,shade,high,amphi,2.9943241317320837,-1.1911454834091224,1.1377711161766806,0.0361668746026125,0.010588880527061074,5.0341490513,0.010053284417885026,0.2099083834642097,0.13814840676043869,0.09200885210942238,2.4699070180863596,2.7101580567661676,2.866778439319964
LA3124,F,shade,low,pseudohypo,2.9373862184732986,-3.5361247915134744,0.8338713386358311,0.02282843302148,0.006496438788585041,4.37959634085,0.0051884501797442514,0.03999833478598727,0.0308137742165514,0.027513884220891065,3.0437458044124375,3.0760964104887676,3.0874369941753375
LA3124,F,shade,high,pseudohypo,2.9373862184732986,-1.4384489583650923,0.8338713386358311,0.2687612679975,0.016675202064277157,5.197263645225,0.01238414404035661,0.1844456909592936,0.06330155309041707,0.04094618208558535,2.5708163835116995,2.9712823124030834,3.0480314534282167
LA3124,G,shade,low,amphi,2.8157946359232664,-2.7440660958595116,0.4948203451265793,0.022775609376,0.0028885471296465335,4.039068347225,0.0023148219830001053,0.05687031089800264,0.03829716549992968,0.033679827044031524,3.004792994313652,3.048180415376015,3.069771738698779
LA3124,G,shade,high,amphi,2.8157946359232664,-1.111677838517597,0.4948203451265793,0.16266601239075001,0.025185695568866004,5.08090469795,0.020993498771037976,0.210142127730992,0.11857610864183969,0.060529598440435914,2.481119997653749,2.7970417524334517,2.9780798200346448
LA3124,G,shade,low,pseudohypo,2.773930294875892,-1.86389685330444,0.23687249217572032,0.1479654301285,0.010054086132227575,4.58697945675,0.006600046806177231,0.1285739664924569,0.07315399047148982,0.051255619843553535,2.7550890020501386,2.940170121193798,3.002450245369701
LA3124,G,shade,high,pseudohypo,2.773930294875892,-1.8040154991873503,0.23687249217572032,0.10642032913175001,0.014914633492064162,4.62538688735,0.011632278283168094,0.14027830885581405,0.10096631045375509,0.07462852846914862,2.7265559927960528,2.8579099940610506,2.93736630898258
LA3124,H,shade,low,amphi,2.9405105216387506,-3.159879642274107,1.4645179350114366,0.049730106697275,0.01113261674052096,4.16224066075,0.008817163039463177,0.05004447523579778,0.04238933274491589,0.04013109458258522,3.0113902576916605,3.034984847701171,3.045599835025733
LA3124,H,shade,high,amphi,2.9405105216387506,-1.1258387880148373,1.4645179350114366,0.2788188621325,0.017063666423123583,5.1026687894,0.009844745436482854,0.21727867111843324,0.1284612287603939,0.07633514122880056,2.4418429973732003,2.749349853078302,2.923822660436726
LA3124,H,shade,low,pseudohypo,2.904199079967025,-3.326966067804853,1.280412379267288,0.06425733110425,0.01529617970585384,4.150191761625,0.012188508795373955,0.044553246106104914,0.03740332859715746,0.03547741117719982,3.0314115758171885,3.0536783230352693,3.0588932808850484
LA3124,H,shade,high,pseudohypo,2.904199079967025,-1.1140339942100825,1.280412379267288,0.11102478561875,0.014502504647695721,5.372669683675,0.013116295691773248,0.2161153881885641,0.12651567642079092,0.07149840100254286,2.44666539216123,2.7478462152902656,2.9368025227512433
LA3124,J,sun,low,amphi,3.0537477873178873,-1.4373008922286137,1.1971947717624842,0.26222032084,0.02600897824477543,4.5110149619,0.015985617258820656,0.15499534688515304,0.10259943964428422,0.0729224570360192,2.660040644608194,2.836244182199341,2.9357561593407366
LA3124,J,sun,high,amphi,3.0537477873178873,-0.529578971655804,1.1971947717624842,0.3570917392725,0.010246868126830202,4.986601864875,0.006005730186200192,0.2824343671370107,0.18195951981391542,0.10972206693003106,2.199203355109216,2.555210535603841,2.8074028700803564
LA3124,J,sun,low,pseudohypo,2.886289598289531,-1.7886263922636731,0.5069654244305672,0.10534956017025,0.02451243002109543,4.755811281275,0.017048814165835185,0.11721394910170554,0.09625951218279322,0.07976084658111796,2.7706854974355712,2.8418988879124822,2.9014494107163715
LA3124,J,sun,high,pseudohypo,2.886289598289531,-1.1561165926212988,0.5069654244305672,0.171031369395,0.004493507155485247,4.76613675865,0.0029069744399691268,0.1888270313307432,0.13129249589532233,0.10205171252646696,2.5373794324228798,2.732716314738097,2.8350743631160977
LA3124,L,shade,low,amphi,2.8740153791789655,-1.7999433650870942,0.5570814979192834,0.0305727357765425,0.008738028370022072,4.561271713575,0.006717751646719307,0.12883770564104666,0.06967666995816624,0.047385206959295864,2.7543817718612456,2.944444006984366,3.01590285889575
LA3124,L,shade,high,amphi,2.8740153791789655,-1.4429396159607815,0.5570814979192834,0.07592012912475,0.007598353915949424,4.636845370375,0.005848020278262861,0.1751689912332199,0.1109968724083321,0.07139461718063465,2.613269102496676,2.8251567626252094,2.9387304585944736
LA3124,L,shade,low,pseudohypo,2.834042895293244,-2.2200272228528104,0.1569718623663587,0.05336868174325,0.009268803906371269,4.556812101,0.0072820362341279735,0.07796644360725043,0.04243712716172336,0.02658659568602865,2.9164371888024783,3.0375706193931977,3.089929380044383
LA3124,L,shade,high,pseudohypo,2.834042895293244,-1.6119594529527679,0.1569718623663587,0.1724819542175,0.01632526457753147,4.8995175284,0.012093659900308492,0.128112360317727,0.08245167910739232,0.05277785985376276,2.757859955539977,2.915188730083397,3.0002140739939502
LA3124,N,sun,low,amphi,3.0208925526615213,-1.5096465504547776,1.4443587368123298,0.169131755939375,0.03405065795177082,4.931924996675,0.025858441935184943,0.0900174249254898,0.07548392618065267,0.06528210007227492,2.893242270638766,2.9301574476420074,2.96363702637161
LA3124,N,sun,high,amphi,3.0208925526615213,-0.7715535337480722,1.4443587368123298,0.27330801875,0.016346283007937768,5.04222540485,0.010824645435145922,0.15668629555723554,0.12283769429823826,0.09579991082054791,2.6602915176356454,2.7680611752296445,2.856790499048244
LA3124,N,sun,low,pseudohypo,2.974712167170408,-1.591985592585279,1.057852545384014,0.12839509861875,0.012809755728230435,4.619867909375,0.009131887529631698,0.08326335124134854,0.07436432861185455,0.06882016687253086,2.8935968750814314,2.9231219028314204,2.942649996964388
LA3124,N,sun,high,pseudohypo,2.974712167170408,-0.8023586264807036,1.057852545384014,0.1530257072525,0.00925073893148604,5.015253096075,0.006697379980739014,0.15038469372944246,0.11695951452260839,0.09041122200118842,2.6641175146902514,2.7821311681940264,2.8745787661449462
LA3124,O,shade,low,amphi,2.907183285277186,-1.770139200707088,0.7569932668695892,0.05643462188925,0.018806520960480425,5.01660556205,0.01577447622973392,0.1383290931618094,0.08461754033599661,0.050505081026046575,2.7182611361667997,2.9022588269969916,3.0140836144140057
LA3124,O,shade,high,amphi,2.907183285277186,-1.1904858613191118,0.7569932668695892,0.2312306560075,0.004132308964309144,4.984150855425,0.0026727194060921344,0.22255426760503855,0.12084121773806357,0.07364559856677597,2.519633817895678,2.8133545912449347,2.947813297281491
LA3124,O,shade,low,pseudohypo,2.8724075796349284,-1.4740420302816992,0.5101050933453952,-0.11278793051675,0.018787624930874415,5.46022408885,0.025030916857833825,0.15766731398452108,0.09168720678922815,0.05023937441244896,2.6539430983998575,2.8776561881088445,3.0143513952458987
LA3124,O,shade,high,pseudohypo,2.8724075796349284,-1.4006049928801392,0.5101050933453952,0.2040081963825,0.01123633068412242,5.0498650986,0.0077740150717564935,0.1839047479078818,0.13591346927508166,0.10238472699730294,2.6813884692707965,2.75785498694165,2.8618224504643104
LA3124,P,sun,low,amphi,3.1161295201183816,-1.3604355493609943,1.7885569386093412,0.088927985888,0.01364379326649746,4.603479140925,0.007825714941822586,0.14073555295178858,0.12100854271397711,0.11397289502903321,2.701020366512043,2.771152113868233,2.7951223928691387
LA3124,P,sun,high,amphi,3.1161295201183816,-0.2829111510723075,1.7885569386093412,0.3835356179275,0.023342754796113804,5.276501257975,0.013113681898273201,0.290994965603101,0.2100993637733948,0.14967338060471044,2.18591336137909,2.461172191883129,2.671148410462511
LA3124,P,sun,low,pseudohypo,3.038033723368401,-1.5354037175429665,1.3453981500299708,0.2535173519325,0.014052300184152747,4.90850597415,0.008972300925279706,0.14204877570117844,0.11533530841091644,0.09358061352491284,2.6925063772053806,2.7682564442923563,2.848743612308981
LA3124,P,sun,high,pseudohypo,3.038033723368401,-0.7226484627599841,1.3453981500299708,0.2190547703975,0.010563360530295511,5.046847968225,0.007150349433981514,0.24909456545786435,0.1785375872382912,0.12247231605978036,2.3173900984656326,2.5726249627105466,2.7670400066277248
LA3124,Q,shade,low,amphi,2.75185273444042,-2.3418813948652515,0.6580624044949479,0.0397095222355865,0.03435692175197309,4.864060783525,0.043364310962441324,0.07859113457988968,0.05217053099922996,0.04061497242510949,2.9155301079182316,3.0046250259505607,3.044408075861398
LA3124,Q,shade,high,amphi,2.75185273444042,-1.284997410491341,0.6580624044949479,0.0456416761729,0.010336687150274245,5.181271853475,0.009848762632238084,0.1820196793487858,0.12027966080455167,0.0741141201399272,2.584036751210654,2.7854039901648795,2.9406749624316313
LA3124,Q,shade,low,pseudohypo,2.6823336382751277,-1.9270745298824312,0.3200311519855946,0.202638326655,0.009495868605419323,4.876161491475,0.006134872141492679,0.11302351075124091,0.07241761506446259,0.055617981671357876,2.794190988805531,2.9372196121168246,2.9916415602290756
LA3124,Q,shade,high,pseudohypo,2.6823336382751277,-1.4342474466403303,0.3200311519855946,0.3093415386125,0.01343932475072563,5.016113830025,0.007661614122319519,0.1699102028031952,0.10958893104084236,0.07013368172298798,2.620957040105087,2.824738155895494,2.9533257014977594
LA3124,R,shade,low,amphi,2.7573114735242426,-1.0849129405470317,0.6439765475058001,0.0543241982875,0.00920380326775967,4.984482555375,0.006268571801525762,0.1817767468919496,0.08011098930466001,0.038736904033016516,2.5660524138415006,2.91472580389058,3.054076829305335
LA3124,R,shade,high,amphi,2.7573114735242426,-1.0768060787112677,0.6439765475058001,0.168596526685,0.008878594075869028,5.130883469875,0.006682564787224569,0.1969043080054063,0.1105957903659086,0.06063760380673521,2.5874063499672424,2.839011208756372,2.988853606562245
LA3124,R,shade,low,pseudohypo,2.7051173328183356,-1.232874239700929,0.2218622361111399,0.1801800397125,0.010341602039539663,5.182302385975,0.006423549679576891,0.17977971609942567,0.09111206665365298,0.04866114190205968,2.5637960424691313,2.8810930947227207,3.021264240545076
LA3124,R,shade,high,pseudohypo,2.7051173328183356,-1.1567522516455957,0.2218622361111399,0.324185182225,0.018255819743460903,5.0513279467,0.010372140598340684,0.20771121806343665,0.11811092837084856,0.06708191366488207,2.5574914381558496,2.8255742943232844,2.9739494892608636
LA3124,S,sun,low,amphi,2.9474269869756955,-1.307293987781513,1.7686362331407584,0.6416996324675,0.026999599842892706,5.2374396239,0.012327433119469454,0.1413710780244132,0.10958003230433229,0.08513174933248001,2.701634742355721,2.8096791764891944,2.8908655248877584
LA3124,S,sun,high,amphi,2.9474269869756955,-0.643835741363313,1.7686362331407584,0.132567966805,0.008988926682938797,4.807430553425,0.006442856884546784,0.21921930881520055,0.1566807171846039,0.12335338594457926,2.4329900318949527,2.653062598796008,2.7630286290829718
LA3124,S,sun,low,pseudohypo,2.857070710630268,-1.4067117474504995,1.3705885173319345,0.5838227330225,0.03452581126216939,5.224361330075,0.014675041208320302,0.1500676911805182,0.1290076242210977,0.120399399815617,2.645868336804501,2.7294317882442534,2.756835232396399
LA3124,S,sun,high,pseudohypo,2.857070710630268,-0.7657140046016663,1.3705885173319345,0.26760909337,0.014671665956407376,5.071517115275,0.009723467451707504,0.2303220034521978,0.18498975917340582,0.15078091234972224,2.3773593145682055,2.54712649140854,2.6748342441247166
LA3124,T,sun,low,amphi,2.9503329096412654,-0.9081103666295289,1.7427066061664407,0.4288898098175,0.02343943273555457,5.1390139242,0.013896467713107699,0.17204921366609358,0.13930745397210073,0.11371005946688843,2.604546027751242,2.713684181401304,2.7992744966110323
LA3124,T,sun,high,amphi,2.9503329096412654,-0.14474452394208998,1.7427066061664407,0.2987344619425,0.017735745963178173,5.15907738875,0.010630414672775089,0.29218692666192037,0.2095410957622858,0.14478359876502675,2.2376092296176933,2.499496170966303,2.7135768310488597
LA3124,T,sun,low,pseudohypo,2.855081656318575,-0.9088746009780448,1.2708257943754733,0.30445347469,0.013515745100867732,4.887374027175,0.007847248390517517,0.21928785387861616,0.13377231510982698,0.07765394665298815,2.433252842971934,2.7455032632038314,2.919126449928566
LA3124,T,sun,high,pseudohypo,2.855081656318575,-0.7873354844062352,1.2708257943754733,0.15936789096075,0.014767618443739238,4.931725081775,0.010628435657380432,0.2501087379496798,0.18474513805467108,0.14379618736552746,2.35928201242663,2.5779809682416293,2.7148002170394614
LA3124,U,sun,low,amphi,2.963229050195771,-1.4515022784463805,1.6953105164648263,0.361609439575,0.019955987509289758,4.919989596725,0.011284212772298503,0.11306124633975181,0.08899526946723002,0.06968498096456492,2.8047779136308986,2.88609110417759,2.949170834790233
LA3124,U,sun,high,amphi,2.963229050195771,-0.5773476338774987,1.6953105164648263,0.2564055912775,0.010602045110166469,5.05123068895,0.0067428220602290725,0.2110146957567144,0.13669791582279361,0.08407702129575784,2.467057582317314,2.7250085073657635,2.894309505366193
LA3124,U,sun,low,pseudohypo,2.886313797864783,-1.463395588951007,1.2625270971650462,0.5825777187825,0.023454191938227884,5.405675773725,0.010328951175357906,0.15381284602258027,0.1467597017639088,0.14395476870062407,2.631674793617634,2.6554643866080108,2.667651685322699
LA3124,U,sun,high,pseudohypo,2.886313797864783,-0.7513733486228584,1.2625270971650462,0.41648970238,0.021900238810779928,5.260393952725,0.01262276428592811,0.23521868577584443,0.19356260405904346,0.1621306950232456,2.3554805737451905,2.5152689736326463,2.6352561324449546
LA3124,V,sun,low,amphi,2.86511732295316,-1.0253537171864064,1.912050767025924,0.6134933219024999,0.03958971085263518,5.22077163405,0.01725679840325136,0.19125765804612654,0.1540779398225798,0.12616849250264608,2.518419576004886,2.6530230568638307,2.748094200957573
LA3124,V,sun,high,amphi,2.86511732295316,-0.09889617701025506,1.912050767025924,0.3353320997475,0.02206786833291036,5.039649573275,0.013371636584828428,0.34381576298618166,0.24886586823433746,0.16943120964222996,2.019879402121907,2.355181809205477,2.6321235606069067
LA3124,V,sun,low,pseudohypo,2.7737732835607924,-1.391221807369734,1.4728294943983535,0.11038847169156,0.03807901835611112,5.895456327625,0.08749416380404394,0.15036661349987085,0.13286415382361716,0.11754925961250483,2.6842637768131183,2.7264329188140346,2.7816301816201805
LA3124,V,sun,high,pseudohypo,2.7737732835607924,-0.4224682726394277,1.4728294943983535,0.36753573321,0.020797007782126765,5.224771473775,0.01251803800662083,0.2885767753047043,0.22326425387733506,0.1609161952279382,2.2213571221010704,2.443071481450846,2.647166917584126
LA3124,W,shade,low,amphi,2.7417673128727196,-1.7378415407554353,1.294911320332061,0.039155748078992254,0.03667105716044676,4.9069998989,0.026500699908855507,0.1208678629707873,0.06360863562201644,0.043887176617104166,2.7720211319010244,2.9675689956077123,3.0290721429349072
LA3124,W,shade,high,amphi,2.7417673128727196,-0.8319751492836192,1.294911320332061,0.10867852068275,0.01106540843379944,5.005391872625,0.00865342167518202,0.24186882811434166,0.14439535119874908,0.08240260235854883,2.374160044057024,2.7035163949801957,2.909108719587869
LA3124,W,shade,low,pseudohypo,2.713926741021769,-1.6330563833732608,1.0060569231114909,-0.001393356016991175,0.005868633489162436,4.88159899865,0.0059758757147838045,0.1363445396090864,0.08324180326145572,0.06019219825836915,2.71127122978968,2.8965427838408386,2.976100501666043
LA3124,W,shade,high,pseudohypo,2.713926741021769,-1.1881948032102223,1.0060569231114909,0.008730492699359832,0.0074162188641119335,4.956953210475,0.007047529968175793,0.1858432659244594,0.13126049013864477,0.09489134871074563,2.5493075056267913,2.7382719807227343,2.8642804527744383
LA3124,X,shade,low,amphi,2.8999992656195324,-1.0633652667318407,1.7199156867822898,-0.0607608923389665,0.018369438091736984,5.056915520625,0.01717867629209667,0.2018803727609783,0.11979998829290071,0.06844922142587913,2.5034526707894167,2.7843813624415237,2.9567066739871817
LA3124,X,shade,high,amphi,2.8999992656195324,-1.1952284572970606,1.7199156867822898,0.2044382981175,0.011249630985477455,4.77319072735,0.0076859026237282285,0.19886642758681933,0.151049755800935,0.12046146500770577,2.547293723593934,2.700469513958072,2.7948189995814126
LA3124,X,shade,low,pseudohypo,2.9019862758659714,-1.180862030821078,1.5653774882929934,0.0407261251768,0.008532159812706344,5.31340795925,0.006823252794942848,0.19338935381463804,0.10226559584958583,0.04975550731072403,2.531003440272702,2.8460566912264453,3.0129995612944453
LA3124,X,shade,high,pseudohypo,2.9019862758659714,-1.0413546043081354,1.5653774882929934,0.1354997901275,0.009071251696618753,5.181350161,0.007265869769054448,0.231151334430996,0.14964886199636768,0.09421510704703066,2.513023759200795,2.712345949376695,2.888096652652621
LA3124,Y,sun,low,amphi,2.808145846898113,-1.4338435297035468,2.005984651531453,0.2955164590725,0.0184136234389844,4.658132546975,0.010641673265515076,0.14592471895400547,0.09701433160251205,0.07238849655665927,2.695669553175389,2.8562097647932587,2.936793622812151
LA3124,Y,sun,high,amphi,2.808145846898113,-0.5634475913304945,2.005984651531453,0.142268633351,0.011440573168502593,4.621987005275,0.008433465639589008,0.26318680847601567,0.18534967731136182,0.12973147643275326,2.276850072979662,2.5424189277308273,2.7328613654280094
LA3124,Y,sun,low,pseudohypo,2.6966195709855287,-1.7085165105192035,1.5306659639112723,-0.185202114238,0.036847087452361364,5.761635222,0.10350323932007996,0.13117886745724724,0.12045887831245498,0.11379701647737897,2.7208319319116416,2.7559243682400085,2.7809457649944207
LA3124,Y,sun,high,pseudohypo,2.6966195709855287,-0.8446330704430137,1.5306659639112723,0.26028513916,0.021314561850569895,5.1044319041,0.014515703104450101,0.22284400641147462,0.18994781227594398,0.160914120942843,2.3837358967592115,2.5051245773696755,2.613685681050709
LA3778,B,shade,low,amphi,3.0270297775222286,-2.533565042824079,0.8278789319189298,0.04208374545319975,0.01088879677611441,4.605745630875,0.009934873676163905,0.07877686291658467,0.05676855571002434,0.0450985780257355,2.9174838655109694,2.9869939256361437,3.0304780130723485
LA3778,B,shade,high,amphi,3.0270297775222286,-1.2368988719056122,0.8278789319189298,0.12280580788725,0.01779835322307494,5.4338979284,0.0157658658150919,0.21763717781673916,0.1507595485032246,0.10221955098619252,2.4895987045682535,2.6884853644482556,2.8440385641972368
LA3778,B,shade,low,pseudohypo,2.9169592763345706,-2.67804050744336,0.28509368017573183,0.0066270983390068,0.006310006536279092,4.70767234875,0.0054821781704124115,0.07269305728792091,0.052649049368459044,0.04190368672082107,2.9330589958389077,3.0011353307146793,3.038133593168792
LA3778,B,shade,high,pseudohypo,2.9169592763345706,-1.5141039019776998,0.28509368017573183,0.266883428465,0.0241913494777784,5.25041856465,0.01671420613909961,0.17198986252423118,0.12003403199344623,0.08127382682176647,2.6032519402591356,2.77063956702722,2.9038223701790886
LA3778,E,sun,low,amphi,3.290634573756861,-1.5175772778524366,1.6748800447543883,0.351189432473225,0.11735689496806154,3.408187971725,0.2480975511004705,0.1775631353189441,0.17449796189921277,0.17310709328908022,2.574646441350893,2.585846132281417,2.5896810909052284
LA3778,E,sun,high,amphi,3.290634573756861,-0.11575904975500362,1.6748800447543883,0.5499850301925,0.022523638791280352,5.8924094574,0.010874653068575355,0.3969475204830928,0.2959836716289216,0.19728861345946608,1.7801693659778985,2.1531966317581293,2.497925946133172
LA3778,E,sun,low,pseudohypo,3.228174347551201,-1.5212272288256246,1.0254328338171737,0.393941079275,0.015327850354465782,5.957043950175,0.010935017482433685,0.16728873692733004,0.1604140539810662,0.15326513076824214,2.6121234756267846,2.633138555122532,2.6581492847824597
LA3778,E,sun,high,pseudohypo,3.228174347551201,-0.8845457215892114,1.0254328338171737,-0.006660781019337,0.012534370733636281,5.975900283675,0.013055268491787488,0.25147516735818914,0.2291625068687169,0.20693425631981835,2.3008441754612305,2.37632172140653,2.453144514825355
LA3778,F,shade,low,amphi,2.9611522351233095,-1.730945846466426,0.6197273338553314,0.0851451490435,0.01452733625893027,5.032288692825,0.011265079171571168,0.14576318253949247,0.10978150989157895,0.08278227830663747,2.685105942678444,2.8122238791475045,2.902096123077869
LA3778,F,shade,high,amphi,2.9611522351233095,-1.2041588148855684,0.6197273338553314,0.2866493961475,0.015632425032008474,5.3692370496,0.010116732895985856,0.21219672730114267,0.1793792262877757,0.15201910956942918,2.4535036540175117,2.5675685860561606,2.664143425047409
LA3778,F,shade,low,pseudohypo,2.8990674938422916,-2.2030947271894736,0.10565746883125615,0.057725553511,0.007817792339604552,4.883862731,0.006312829885408334,0.09938427855164092,0.061918275964307934,0.03727601990273693,2.8475536034955717,2.9729597256336087,3.0541540619048257
LA3778,F,shade,high,pseudohypo,2.8990674938422916,-1.6303117601136212,0.10565746883125615,0.4235675215575,0.01299249301523178,5.475640083575,0.007209296220304437,0.1549514351948487,0.11368601831510775,0.08338427413402216,2.654157278258984,2.7947237786355754,2.899531341238259
LA3778,G,sun,low,amphi,3.0900792283356355,-2.664494254256267,1.4272330917993123,0.16631490068025,0.0166083703385239,4.673668259875,0.011083533996929754,0.08206306161881174,0.07246113858875945,0.06330162271547547,2.900160001036333,2.93350884826115,2.9684204704319495
LA3778,G,sun,high,amphi,3.0900792283356355,-1.3372411215531728,1.4272330917993123,0.29960887805749997,0.023964394874803754,4.691471012325,0.01604763168463922,0.2002128981690068,0.15454385416476102,0.12550905509755705,2.4803412327714636,2.6490545912716748,2.755860979407749
LA3778,G,sun,low,pseudohypo,3.033525091337138,-2.7798837976794446,0.8415171332462195,-0.124305773286,0.016758466119804156,4.22971159615,0.014332753665734178,0.07277283097835863,0.055226802017329074,0.048249215740299105,2.9416843474497227,2.9928876456721243,3.01812629786422
LA3778,G,sun,high,pseudohypo,3.033525091337138,-1.6590905946290462,0.8415171332462195,0.2892611109525,0.011703162439165136,4.842189520875,0.0074086876895504885,0.16089708514950593,0.1250019487583521,0.0998000821771761,2.641352395700413,2.767755968451422,2.8428054428113225
LA3778,H,sun,high,amphi,3.2840117638004798,-0.46661811396415903,1.5220747246199255,0.37226725645,0.018442157810927853,5.592831240475,0.010720275970218235,0.34272783130627676,0.2568785781828058,0.18203858496225273,1.9954966678671704,2.288314760850166,2.55213160375732
LA3778,H,sun,high,pseudohypo,3.2713343769958,-1.1560932579336423,1.093460929839786,0.35800249875,0.010588011865159546,5.105925235525,0.005889119557508234,0.2222482390605078,0.14101255417905054,0.08456654690046418,2.4420782359584963,2.7152303804308486,2.89996525159618
LA3778,I,shade,low,amphi,2.97155747811661,-1.8931679736329117,0.7133488828697101,0.1928648404475,0.0175746511959684,5.246843626375,0.013025435471969292,0.13045581183502472,0.09481002100963679,0.06814842161401125,2.7505713249105863,2.866974865066008,2.9561029713533142
LA3778,I,shade,high,amphi,2.97155747811661,-1.5853454286216557,0.7133488828697101,0.1777784057715,0.020296705333589096,5.34427018315,0.016503451144398426,0.1683838524335303,0.12307806392908896,0.0894621795674093,2.6453007853450026,2.781100834364183,2.8865205519416786
LA3778,I,shade,low,pseudohypo,2.91238857130536,-2.2391065095881304,0.2295204206941484,0.66043593143,0.014296239703293542,5.848596948,0.006168858038148134,0.12991440796796325,0.08308038359681202,0.06566219849651954,2.756087325984297,2.909734274045339,2.962714780026956
LA3778,I,shade,high,pseudohypo,2.91238857130536,-1.9143810999720172,0.2295204206941484,0.31126585775,0.02352464228188981,5.69258861445,0.014799815692108002,0.1537101501212213,0.11313191543685736,0.09125094083104708,2.679772771694564,2.8098440155986744,2.875280946221855
LA3778,K,shade,low,amphi,3.0629138188320204,-1.5096785138936484,1.1046689808827717,0.1219685281975,0.0038679499155963126,5.14201958455,0.0029035480337859768,0.17103695655052048,0.118105623372454,0.08501854677544993,2.627865560700328,2.787907626257756,2.89942501653265
LA3778,K,shade,low,pseudohypo,3.040381090622701,-2.0647068344961803,0.5713106289074613,-4.2920414336407574e-4,0.015247337718114868,5.09498504005,0.01371342885371952,0.10752317026236888,0.07897059679558857,0.058469161270044395,2.8443328616915435,2.9185337199260992,2.9884703049757357
LA3778,L,sun,low,amphi,3.050802327840498,-1.4652434900508904,0.9824910831960103,0.171282240245,0.005846390493535829,5.29276346175,0.004840057422535944,0.1750582812652858,0.13084237447365726,0.09582492183611795,2.5870127150967974,2.7352801237711923,2.8547965880998025
LA3778,L,sun,high,amphi,3.050802327840498,-0.6176548270241381,0.9824910831960103,0.216358173665,0.009341446934038088,5.967013875125,0.006445240372649746,0.3081213349304806,0.24695957060504087,0.19165283072977063,2.1177442025197015,2.3298087607159563,2.5205919863804747
LA3778,L,sun,low,pseudohypo,2.9667723935088905,-1.9068175046293399,0.367518382938813,-0.01839505457608025,0.011771993221384593,5.510812728075,0.02695827662831929,0.12112444177978163,0.09778363723522299,0.07966441370970044,2.7837937447963244,2.8467252693233496,2.9085844443471167
LA3778,L,sun,high,pseudohypo,2.9667723935088905,-1.3099191872405762,0.367518382938813,0.15164750631225,0.01622220129657399,5.6296778116,0.01143328431661663,0.19201471571869005,0.15991918054781007,0.13063853359211836,2.5369197907931222,2.641738123524182,2.7421729162816573
LA3778,M,shade,low,amphi,2.737990961554093,-1.915794085110562,0.7909507226177075,0.2100998876315,0.02161926704546281,4.85944613805,0.015721189247147885,0.12429230004731105,0.08685300893307746,0.059894685509032417,2.761527419067298,2.885628267365516,2.9745200373074043
LA3778,M,shade,high,amphi,2.737990961554093,-1.4182804426737006,0.7909507226177075,0.12134614665275,0.015918582450202147,5.0869687254,0.01277181652810563,0.1838233121546533,0.14274336596511059,0.10958478642533365,2.594584517475299,2.706861025713442,2.815178354692958
LA3778,M,shade,low,pseudohypo,2.645580730434667,-2.258836325866118,0.09333276224051983,0.007730286177691251,0.008808627412578568,5.10474072335,0.010213286752498035,0.09200696508737578,0.06710472020925447,0.05127268265002225,2.876781721644228,2.9530263609656986,3.0073229526723892
LA3778,M,shade,high,pseudohypo,2.645580730434667,-1.754803692422022,0.09333276224051983,0.10933910449125,0.019666037383805585,5.350898795375,0.01904409748067403,0.1369558081381159,0.10649958858911981,0.08248323268805365,2.757785833670332,2.824267534156808,2.9056943803618993
LA3778,N,sun,low,amphi,2.862482024285103,-1.7759809214911924,1.2586560661479038,0.1709615185425,0.013878549830133508,4.9343113377,0.010095562401228228,0.14734779632717293,0.09107433333057104,0.05595125389109825,2.6951862222617264,2.8745589954141617,2.9902637518856134
LA3778,N,sun,high,amphi,2.862482024285103,-0.6677447290047326,1.2586560661479038,0.20953336350000001,0.008625653551496889,5.2787923481,0.005387880938172954,0.3001609459956594,0.21863006995167775,0.15613443620699002,2.1381580658379935,2.4236773571460746,2.6467848149832935
LA3778,N,sun,low,pseudohypo,2.7878892240082136,-1.8762049057506511,0.6579701699742356,0.08742853138225,0.0062289309102271226,5.0588891761,0.005457979053829978,0.1278415592583153,0.09227527353998426,0.06925280499371468,2.7464612710214213,2.8664919933471844,2.9449259334731925
LA3778,N,sun,high,pseudohypo,2.7878892240082136,-1.0428666805601714,0.6579701699742356,0.2502220979925,0.015584980806968164,5.1776925029,0.010529462521046232,0.22698467371518485,0.17936405923628645,0.1406491032064532,2.3912025086618973,2.5576916278041706,2.6920840946186564
LA3778,O,shade,low,amphi,2.7659064486303757,-1.7529796455510138,0.9614097950310255,0.0247470709071768,0.033481839780393215,5.369681077325,0.046904467752693475,0.14943918993791308,0.10258858830776797,0.07063711966292298,2.678466993982976,2.8340847518898213,2.941736253259863
LA3778,O,shade,high,amphi,2.7659064486303757,-1.1613700272737728,0.9614097950310255,0.0188150657976915,0.01803186122084034,5.472477830675,0.01977668588487499,0.22325889846563537,0.16925204738785368,0.12556866212149684,2.4094367402819516,2.5984765314995473,2.7491563991825427
LA3778,O,shade,low,pseudohypo,2.724341888512433,-1.7275207103740933,0.5944228344784548,0.12777553861525,0.028408078072429517,5.842855446525,0.05928293476729668,0.1423865847900614,0.11218374639836087,0.08944746046338752,2.696234449991102,2.790755007832935,2.869690605612259
LA3778,O,shade,high,pseudohypo,2.724341888512433,-1.453072557226619,0.5944228344784548,-0.06331850485650024,0.02471781150004468,5.73530436135,0.04101411502863267,0.18051814039215383,0.15974217411915437,0.14365802698623242,2.585996929930504,2.6465147819455934,2.7040036910676992
LA3778,P,shade,low,amphi,2.6874797902869108,-2.0026786224486552,0.49902423380036015,0.07533702753264,0.03051665539147187,5.210813727975,0.03051915844245161,0.11863451221865258,0.07305242577175225,0.04056455283413491,2.783897841567647,2.935948841743306,3.043037708198047
LA3778,P,shade,high,amphi,2.6874797902869108,-1.520650086250062,0.49902423380036015,0.0857893487155,0.007875288598045121,5.33050237315,0.007756359252025452,0.17117657535163733,0.125643829351243,0.09070974484856466,2.5985859989913838,2.752921495205982,2.8750777942387242
LA3778,P,shade,low,pseudohypo,2.6274304837366267,-2.0104263580192523,-0.07303342876496434,-0.12132126833975,0.020813427266122772,6.398748626025,0.06185012794466669,0.11426863926480722,0.08350096711357487,0.061136622909222664,2.793874298999576,2.896978441288365,2.9714009339938356
LA3778,P,shade,high,pseudohypo,2.6274304837366267,-1.9201715415746754,-0.07303342876496434,0.08838185607415,0.01997528340008559,4.6484583698,0.016407666439753183,0.12272116032002094,0.11594617129086916,0.11206696891093003,2.7670685851978067,2.7877134372981462,2.801976154317025
LA3778,Q,shade,low,amphi,2.688016947686979,-2.239915435304471,0.5845020678495116,0.20413997053,0.013214724990595592,5.02894065935,0.009326942776760104,0.11156867977456636,0.07516872728620942,0.05296207428476515,2.8290108032684134,2.93465666450898,3.0077863259676842
LA3778,Q,shade,high,amphi,2.688016947686979,-2.145702247548371,0.5845020678495116,0.3503933568975,0.011419094152678517,5.097777458575,0.006991838078566383,0.12603002958771575,0.09744701770222167,0.0769320458816354,2.837961266891873,2.873990648870854,2.9382914797776585
LA3778,Q,shade,low,pseudohypo,2.6896801206020373,-2.161318219807118,0.06332418025416818,0.112410309773075,0.02759146949097619,5.645640283,0.033792903603656964,0.1091634538553792,0.0737061007285458,0.051268463488481374,2.8341689935646754,2.936770359361668,3.0101341213408053
LA3778,Q,shade,high,pseudohypo,2.6896801206020373,-2.0622365958666635,0.06332418025416818,0.0964575371911,0.02737437350643883,5.55147250145,0.03599219417624549,0.1255084158178398,0.10697869441087862,0.0917868799711059,2.8095161363862386,2.8422031349028303,2.897957678283508
LA3778,S,sun,low,amphi,2.949883360615142,-1.5275676715338846,1.1134821604970466,0.315062186495,0.022497543574000294,5.120254298925,0.014837793516263416,0.19126390458190545,0.11457246032867877,0.07425775908694802,2.5538612168950685,2.8077978192527437,2.9349386949319776
LA3778,S,sun,high,amphi,2.949883360615142,-0.8738876485764305,1.1134821604970466,0.3888548594775,0.018400684917109476,5.42846006945,0.010778035694837037,0.28538294068888664,0.18629609705890351,0.11925557509937733,2.2277999269443294,2.5565810871111916,2.780428747903377
LA3778,S,sun,low,pseudohypo,2.8313188466036747,-1.7461802346281032,0.5062877551113731,0.0488850045225,0.008555982376010284,5.221238785775,0.008437281675972115,0.14123441841927803,0.09131871226323521,0.05947543431979675,2.722207074277826,2.8800039519195817,2.983234978982979
LA3778,S,sun,high,pseudohypo,2.8313188466036747,-1.2236694494792792,0.5062877551113731,0.26374153500499997,0.015068419930521784,5.07399919365,0.010039477371123517,0.21226985410800986,0.1549061043650108,0.10966080156574623,2.4909766497278456,2.6856630282421143,2.8306306513428754
LA3778,T,sun,low,amphi,3.1102314735525822,-1.6199798331932511,1.3482944343720284,0.608692734105,0.044128469747948464,5.3961335429,0.030087828165946365,0.1707654811212276,0.14634311771547537,0.12482032910142467,2.6193867779181508,2.697284969853169,2.7717574651110133
LA3778,T,sun,high,amphi,3.1102314735525822,-0.5916753165274845,1.3482944343720284,0.1226890292155,0.019207074540561843,5.52030226445,0.01257760487074934,0.32986082995811356,0.2721714398657377,0.22421828452842008,2.085375992995065,2.2729908695632797,2.4323866739332405
LA3778,T,sun,low,pseudohypo,3.064739083166513,-1.4675727302989159,0.798896863064542,0.2359423399825,0.01298884171298684,5.168284363725,0.009560456498322698,0.19298874685408487,0.15894838366126263,0.13248811115576062,2.530517424977801,2.643936154176168,2.7348952381944946
LA3778,T,sun,high,pseudohypo,3.064739083166513,-0.965655983636793,0.798896863064542,0.17818232354675,0.022900986852727,5.31586676725,0.014132728839822568,0.26152670765173996,0.22779603188398218,0.20435922166153933,2.308760423953702,2.4160517520479585,2.4990434204681966
LA3778,U,shade,low,amphi,2.7072467822323145,-2.022977212468956,0.8038101807780609,0.128072372446,0.012682072493490931,4.605751702225,0.009074793873333613,0.11586023237777358,0.05995051547370616,0.035513796978355355,2.8025929025831338,2.977044913647377,3.0603740334323177
LA3778,U,shade,high,amphi,2.7072467822323145,-1.5212341404013137,0.8038101807780609,0.25480240149,0.018124880552734136,4.871959378725,0.012136237852485743,0.16919923245793306,0.10511688967035332,0.06454618957122712,2.6091730422456862,2.8260891808041024,2.9576003502640527
LA3778,U,shade,low,pseudohypo,2.6434135004229633,-2.0622560039974402,0.1262568520400861,0.250731876595,0.012090135171730432,5.026070446025,0.008149733968978707,0.11073701370396093,0.07947375373668251,0.05924700551798045,2.81540719048373,2.911843164408256,2.9772131173071013
LA3778,U,shade,high,pseudohypo,2.6434135004229633,-1.8780691478194016,0.1262568520400861,0.311110372605,0.02797443155886082,4.987001235175,0.019109631368057337,0.13004911826547882,0.10779014292065968,0.08893026227001692,2.7596931421371944,2.828566691168152,2.889424181644647
LA3778,V,sun,low,amphi,2.967698075590061,-1.3468217641947573,1.1060430081507624,0.1883480527375,0.008430583307381032,5.013507405175,0.005324501814231839,0.19365247660077536,0.1183855127866811,0.06639984420386275,2.5226714355738977,2.7870014469601316,2.9611183294831065
LA3778,V,sun,high,amphi,2.967698075590061,-0.7865338858008429,1.1060430081507624,0.3921327734325,0.018732998991824668,5.7638890171,0.011818226108553934,0.29200596197601814,0.2142031480190433,0.1515136942365815,2.215736212357273,2.485353004809572,2.6954698344020716
LA3778,V,sun,low,pseudohypo,2.9780919175863776,-1.5410208516936215,0.46093526920350064,0.20291201742,0.017618510259533558,5.54506688225,0.014549370796569653,0.1666536930269616,0.11068685780078148,0.07017675729269861,2.626156749893306,2.813681115035438,2.9492947732577837
LA3778,V,sun,high,pseudohypo,2.9780919175863776,-1.1018733312723483,0.46093526920350064,0.4656873506725,0.010693878059938891,5.545077124175,0.005529749495006297,0.23128142099585194,0.1739708061997404,0.12756867961416696,2.4242203784995047,2.6153585167795814,2.7688873584759905
LA3778,W,shade,low,amphi,2.864622581211369,-1.774553094786978,0.4895810691444062,0.241482197075,0.015632467339142805,5.3785597247,0.010866228407411464,0.1422773789980396,0.07620920411423578,0.03981079242271508,2.704716833565102,2.932965173711444,3.0482035198051336
LA3778,W,shade,high,amphi,2.864622581211369,-1.4482975324774792,0.4895810691444062,0.2917448874,0.014326718463071,5.534732112275,0.009271381028647049,0.18769980813516224,0.11086473354146635,0.06258752530100097,2.600952616265106,2.8228880830145706,2.978260736306569
LA3778,W,shade,low,pseudohypo,2.826049235201022,-1.8961285014015443,0.006321901872613677,0.3539992000125,0.007166754515616873,5.834168463675,0.006651793612457002,0.12493750480085056,0.07907977170975156,0.048532658508009176,2.7532000389401414,2.9178651154006277,3.0183603144754594
LA3778,W,shade,high,pseudohypo,2.826049235201022,-1.7801290351617434,0.006321901872613677,0.3635721764825,0.012517560770468063,5.781386837425,0.008144573395304054,0.1466351474207374,0.10886362676293751,0.07929732372972592,2.719379329683129,2.8367512137690305,2.929454530460212
LA3778,X,sun,low,amphi,2.911788923139957,-0.8889494488060428,1.0110154391051873,0.4045315573425,0.016107230840646854,5.517718703575,0.015528514522109984,0.27875581885837614,0.19305453499831607,0.13252696705900802,2.2401227789939355,2.5441784102029867,2.742743199845706
LA3778,X,sun,high,amphi,2.911788923139957,-0.48439355575588444,1.0110154391051873,0.4561470927675,0.014152529391213557,5.73163877745,0.007926596758192203,0.35288698720312195,0.28326506811290164,0.22025809728394852,1.9931577433578895,2.2381745704042197,2.453323278141225
LA3778,X,sun,low,pseudohypo,2.8434716615867446,-1.5671388610762889,0.42028080562219877,0.2414546092175,0.02788247122640981,5.666495724975,0.027498952071964813,0.16893472758339012,0.1159895670848311,0.0790743963289231,2.6329022021892134,2.800479031359808,2.9215342200161243
LA3778,X,sun,high,pseudohypo,2.8434716615867446,-1.17421567317332,0.42028080562219877,0.327311022595,0.0086907917262081,5.546409315325,0.005130952373475838,0.23287814548757166,0.1826970864933103,0.1411977902607564,2.4612838638691894,2.612233917985824,2.7433482624996235
LA4116,B,shade,high,amphi,3.209739161283946,-1.2864468388156187,0.7406686995687065,0.305928170165,0.032878414708536766,5.4905141723,0.027891976020226084,0.12019294493785491,0.10217159693084914,0.08604473307708149,2.792363956379137,2.851530974469966,2.9036119163175598
LA4116,B,shade,high,pseudohypo,3.143948615296417,-1.3907728714492058,0.16561625179136943,0.2529452435875,0.011438855305012393,5.286086960525,0.008708972627324946,0.12474553820392273,0.09819012871125032,0.07682944421172175,2.7634378739343077,2.850304093123243,2.9229099984807223
LA4116,C,shade,low,amphi,2.9936713950149523,-1.9815330203674968,0.9347498907203033,-0.08008095750175,0.01673842263280766,4.332266057,0.015255881102133427,0.08507598818554145,0.06759617460652062,0.06390093317684513,2.901240087745346,2.956302655687293,2.9685281739240374
LA4116,C,shade,low,pseudohypo,2.9789818367206293,-2.3428195242379255,0.41647736835929305,-0.0197352383034875,0.004828533145296405,4.1913780746,0.004297204552909046,0.07255091630971401,0.06178424849052518,0.05826428648006118,2.9367899792104066,2.973253792515321,2.9857774789477958
LA4116,F,sun,low,amphi,3.194814304628076,-1.5768212910857395,1.4935018872639567,0.10310988892275,0.006711339984641383,4.75241288515,0.0046010862629839175,0.1250763179235538,0.08765689728431664,0.06893626002826368,2.7667946040692533,2.8896558956177167,2.9527107178007217
LA4116,F,sun,high,amphi,3.194814304628076,-1.0483438948485928,1.4935018872639567,0.317261860025,0.011441295928978345,5.16367852035,0.00641511502159439,0.1849883723137777,0.14308741203703745,0.11247304869830226,2.582005113999953,2.7111885780203138,2.810249196515503
LA4116,F,sun,low,pseudohypo,3.1274244038378964,-1.2715367734251082,0.9460360145744382,0.195571476805,0.013045512777618652,5.68810625385,0.009380120556978797,0.13709169278092972,0.11560830091931944,0.09775796498431587,2.7098995782506736,2.7899664702633977,2.848965906109624
LA4116,F,sun,high,pseudohypo,3.1274244038378964,-1.0589457094775871,0.9460360145744382,0.024213545082135,0.008155446550085425,5.476424442325,0.006757786459017684,0.15458536387582433,0.1339333655526621,0.1167904462354224,2.6751107829478245,2.7238886052782245,2.7840124621925875
LA4116,G,sun,high,amphi,3.124098520219324,-0.38948494104423403,0.973908501811727,0.20118464341,0.00523374468434911,5.31204700885,0.003580282961512651,0.2376784470788467,0.1740639405577709,0.12580324697771078,2.3911574114486394,2.6035275788921126,2.763347119954
LA4116,G,sun,high,pseudohypo,3.0604525241118905,-1.0271933742737764,0.4718369117468685,0.0927242779705,0.002723685020921005,5.29466354545,0.0020438765900154263,0.17027937016028252,0.13216026898424527,0.10090722995471013,2.605405270598917,2.737590959967916,2.8395490464032167
LA4116,H,shade,low,amphi,3.1482718018519065,-2.257285571650909,0.17772157878891431,0.1589043841525,0.010055678726864567,4.8427086073,0.0069419600770985225,0.07760856137622875,0.061635157269191526,0.049258758094464124,2.934316103652119,2.9769433288230527,3.0173725527396513
LA4116,H,shade,high,amphi,3.1482718018519065,-1.4806527037262016,0.17772157878891431,0.580953640545,0.0325899634720056,6.20542745375,0.013160846815258496,0.1362502042405392,0.11253471486110771,0.09332478163616689,2.7234496871650555,2.80501044053152,2.8678099736584617
LA4116,H,shade,low,pseudohypo,3.116455872839062,-2.2891474399641867,-0.16002986298506164,0.1768735613425,0.01346982413614594,4.59345930365,0.008846870269267943,0.07043826730512766,0.05691084822956935,0.05113620097442187,2.9543544444229117,2.9888635757752544,3.0062965712208363
LA4116,J,sun,low,amphi,3.3317818216505213,-1.6704537618656243,0.38422111681222787,0.382151569585,0.015359362565545055,5.333731230725,0.010207144513950535,0.0795815935826918,0.05327748433727619,0.03626160452544952,2.9227630510329266,3.005571867580582,3.0601301081905654
LA4116,J,sun,high,amphi,3.3317818216505213,-0.8793369566257472,0.38422111681222787,0.54987654538,0.024080943110273954,5.87109808835,0.012236107265969036,0.14600551620342997,0.10321927415830431,0.07079270352103637,2.699205106144124,2.839223285817253,2.9440772204510584
LA4116,J,sun,low,pseudohypo,3.3094662957387855,-2.1872211592939363,-0.06654903543237115,0.292535649635,0.026350641982204083,5.45495217535,0.02228209872841073,0.05624654226614914,0.03683388652854365,0.02425909680842911,2.9992277159856853,3.056528439936613,3.098092231422285
LA4116,J,sun,high,pseudohypo,3.3094662957387855,-1.392719925294646,-0.06654903543237115,0.392299273885,0.017754660425728312,5.67102353385,0.010179710758199826,0.10187016059656676,0.06329855012043671,0.038805960075628476,2.8391387684251184,2.9759237616733936,3.053390795062628
LA4116,K,shade,low,amphi,3.20356735481094,-1.5023157360438442,0.8785362633186377,0.1302190487325,0.0053080620456405405,4.91056704965,0.0037535557867994953,0.10706783331656086,0.06060951105715517,0.04204433032354862,2.8422817899645594,2.9844928670825883,3.045577215535992
LA4116,K,shade,high,amphi,3.20356735481094,-1.1379121577801337,0.8785362633186377,0.2180067174575,0.010453281152848258,5.17996432015,0.007502916178392844,0.14062261034161527,0.09807204903186184,0.06933893437294601,2.75005278876513,2.87504726067354,2.9645223443522775
LA4116,K,shade,low,pseudohypo,3.1642660718128655,-1.422856916654369,0.10458806885386576,0.35974838141,0.010930129525216471,5.0959355717,0.006011849426214036,0.09028820233846165,0.05226139024577117,0.03032398537380646,2.8913829422724175,3.0056430947983914,3.0787175922721874
LA4116,K,shade,high,pseudohypo,3.1642660718128655,-1.1034678668000366,0.10458806885386576,0.317510595525,0.005767820164972159,5.47854020325,0.004229684567611365,0.11853740655721202,0.08547115417441715,0.06156468871952391,2.843185146598413,2.9102835555649897,2.9862465642569336
LA4116,L,sun,low,amphi,3.054682219019219,-1.465824503245743,1.0173331999786979,0.245407272005,0.008303038208134916,5.3943145414,0.0063871273828527446,0.10085860403136075,0.08433459056041236,0.07063403626203442,2.850855495773689,2.9031674870903736,2.948662476081091
LA4116,L,sun,high,amphi,3.054682219019219,-1.1371465092297384,1.0173331999786979,0.2172919376925,0.014199282393168653,5.0849862489,0.009615486326210768,0.12856446530819757,0.10250953004311754,0.08164688299491595,2.7637089518411253,2.8427451472141603,2.9127545367092944
LA4116,L,sun,low,pseudohypo,3.0502082099936114,-1.6325800966630049,0.42933173541036773,0.07529789397725,0.013030771817248295,6.07141614285,0.019869837435011445,0.11420018106129202,0.10203652712952066,0.09139709140960445,2.7989518807055074,2.827621115843092,2.8643228940059946
LA4116,M,sun,low,amphi,3.1508652069849226,-0.9479600815582464,1.6955273993883544,0.11117431174975,0.0049794956552451555,5.0187896153,0.004383442117777536,0.12912898910536932,0.10109032465481507,0.08221433950364733,2.7378920905780464,2.8335720944551896,2.8995995641037955
LA4116,M,sun,high,amphi,3.1508652069849226,-0.35381358468964924,1.6955273993883544,0.1618969523425,0.00924618478322118,5.5303706584,0.009764993796597189,0.2001676293586693,0.17150725513959636,0.14621500710343233,2.484237408940534,2.5875868985586434,2.6780791709641645
LA4116,M,sun,low,pseudohypo,3.1513511053167638,-1.395471659250952,1.3322556522962612,0.2893551271425,0.03915630524995454,5.10456140575,0.02668609125238672,0.11506387180589957,0.0950182582479976,0.08100897405423452,2.786868965376078,2.8442641382428233,2.8979286201670535
LA4116,M,sun,high,pseudohypo,3.1513511053167638,-0.7917473687928478,1.3322556522962612,0.43852207905,0.008646708293559319,5.2845085412,0.004205686223851689,0.16663095429721977,0.12937856471558748,0.10107793026900659,2.5808797772885796,2.728972764858626,2.8287051835056456
LA4116,N,shade,low,amphi,3.071867578320032,-1.6869088547889155,0.4400019821611933,0.269182121355,0.01143776673519023,4.654656704325,0.006136396109407105,0.09499781922916525,0.05024848270377058,0.02855587619502037,2.8732061482830225,3.0168931745026857,3.085880803700862
LA4116,N,shade,high,amphi,3.071867578320032,-1.0751291600040398,0.4400019821611933,0.72866134431,0.01894039453913456,5.2229098428,0.007562081381738036,0.15701735374707856,0.10841320348630121,0.0724119972852831,2.6726532739594835,2.8324204643051853,2.948641407002585
LA4116,N,shade,low,pseudohypo,3.0543766418766674,-1.6452984774853197,-0.005301361082332299,0.3631359172025,0.017784072881453363,4.679564129525,0.01151618863291228,0.105358086477984,0.0355480566372391,0.026984631305574845,2.854072372782969,3.0625883679253048,3.093861821234668
LA4116,N,shade,high,pseudohypo,3.0543766418766674,-1.2728225339498893,-0.005301361082332299,0.5132042997125,0.0244254171950722,5.002152662475,0.011028802447609459,0.1443234075168853,0.09592777362410634,0.06197648641903815,2.743569505428508,2.8823628044813296,2.9875872032697557
LA4116,P,shade,low,amphi,2.9815225479174643,-1.3725900767144987,0.9532782958698627,0.4027842795825,0.01090801671353759,5.70897144575,0.007356471473563758,0.13275465717434415,0.11224594116856204,0.09767078264978825,2.77124524500013,2.8178804352563755,2.8642676794953275
LA4116,P,shade,high,amphi,2.9815225479174643,-1.1558491631944123,0.9532782958698627,-0.060398643072429495,0.03663538879434151,6.264424352125,0.0899847047220921,0.16576767682468527,0.15239373513162396,0.14138469746771992,2.7253572505069714,2.7250398441400674,2.7600131069236897
LA4116,P,shade,low,pseudohypo,2.9749727348892505,-1.4633168069630706,0.37571872431917236,0.431645559945,0.017330960201264997,5.16893383005,0.008513709507556724,0.0879515657119975,0.06572366935200634,0.058531079957320806,2.9280435394380224,2.9619314430808132,2.9828778116753476
LA4116,P,shade,high,pseudohypo,2.9749727348892505,-1.3022842803600432,0.37571872431917236,0.0511006076825555,0.021131581144052385,5.839324713075,0.031020887236049902,0.10423614656275645,0.09048711701351285,0.07907663466307609,2.8437202916607225,2.881115545938612,2.9229474373187925
LA4116,Q,sun,low,amphi,3.2331735379583257,-2.562862698757776,0.9162396566986435,-0.01225069028890129,0.012682359318629268,4.1880445558,0.011787621400809545,0.06603892467113674,0.05667144309797891,0.0560515687714007,2.966389721292567,2.995033880115061,2.996593144821716
LA4116,Q,sun,high,amphi,3.2331735379583257,-0.9256590067781397,0.9162396566986435,0.11800803952025,0.006946643603741754,4.47437583285,0.005177507921817316,0.14887789090051004,0.06793297408966731,0.06195347124163404,2.7211129401685685,2.968066804407525,2.986150145320086
LA4116,Q,sun,low,pseudohypo,3.1758991551371496,-2.7874106259275404,0.5045918269270141,0.307059684665,0.017500760565271594,5.521603865475,0.01658069480111683,0.04229249285718066,0.02981578485793026,0.02199865947495023,3.047761447857232,3.0820035609175176,3.105355677858586
LA4116,Q,sun,high,pseudohypo,3.1758991551371496,-1.5019085205897307,0.5045918269270141,0.2862009214825,0.009959531953483335,4.925495208575,0.0061494418787625665,0.10678460917647181,0.06691465967036103,0.042451293740819386,2.8549358631384285,2.9883732015795172,3.0440000288276403
LA4116,R,sun,low,amphi,3.0213279541535916,-1.908921059480995,1.235970640764939,-0.02001279300833925,0.01768234778565789,4.6976297738,0.013367167709242693,0.10534574799185524,0.07558421669213758,0.0589023701185201,2.851095376471543,2.934486865721421,2.9876538261061905
LA4116,R,sun,high,amphi,3.0213279541535916,-0.5960289183958072,1.235970640764939,0.05425155943679925,0.036690348578942135,4.867991708675,0.028435045866601973,0.27433942408509143,0.18515451495603538,0.12462521004418446,2.3105128216961974,2.591254523564431,2.787608108670446
LA4116,R,sun,low,pseudohypo,2.9637951719969036,-1.4055665031576094,0.47097062427355746,0.0360330305968225,0.014054502455772265,4.60094669385,0.011200540575793198,0.15605876868434607,0.10197617585165869,0.07685426834376193,2.6487914665202634,2.839974477871956,2.92221077799908
LA4116,R,sun,high,pseudohypo,2.9637951719969036,-0.6208201892430535,0.47097062427355746,0.2798782601825,0.008432648348410975,4.925187525325,0.005568799226999378,0.261512113303116,0.19695873255845914,0.1490936513082134,2.324904293539368,2.5290497113967767,2.6941806650915763
LA4116,S,shade,low,amphi,2.8873320349606098,-1.378510906238873,0.7707022130453144,-0.053142643129125,0.014348265323480389,5.090673327075,0.015330880318159382,0.1084344988323142,0.07111229099221855,0.0504322845365128,2.8359571754611284,2.9525590837942834,3.0175951128359046
LA4116,S,shade,high,amphi,2.8873320349606098,-0.7391560789399336,0.7707022130453144,0.5344809441125,0.015144684938787447,5.503590038,0.0075357368463604985,0.17596547597310788,0.12620328758743682,0.0927298077520017,2.6263616796663287,2.784439788657174,2.8882930652426064
LA4116,S,shade,low,pseudohypo,2.847027698005197,-1.0545287138849215,0.3049321012750676,0.25336761966,0.009648233791396014,5.1235031132,0.005818311088041784,0.12563804411255408,0.0657329407401771,0.037416693331954416,2.76054238889146,2.9742422276748295,3.058283124742124
LA4116,S,shade,high,pseudohypo,2.847027698005197,-0.8853908021522156,0.3049321012750676,0.3923027449225,0.009314317490692055,5.371951082375,0.005366397658678452,0.15025342348330062,0.10854597853949077,0.07720747302242004,2.7073720080588224,2.8343618264963846,2.9342693181018475
LA4116,T,sun,low,amphi,3.0792919717559153,-1.421112301195101,0.7823188330587707,0.13484055573,0.0074255002996323856,4.855630289525,0.005397213269876222,0.12078157566812295,0.0805216437730481,0.06694785104699189,2.782762030367498,2.91510272006236,2.960624760092001
LA4116,T,sun,high,amphi,3.0792919717559153,-0.9198673778154136,0.7823188330587707,0.2367332204175,0.010311480999506174,5.338848987375,0.007845410950224181,0.1758010597934561,0.13854901890725088,0.10688068689270969,2.6197922696353997,2.7340351075386295,2.834406112691793
LA4116,T,sun,low,pseudohypo,3.0168679925208717,-1.620993327811372,0.09178014353463672,0.06987254990675,0.01568285424437952,6.152643684075,0.05458211928426385,0.12035911801828583,0.10703083415600335,0.09532294123679079,2.780890103647718,2.8123351469496254,2.8521320270013564
LA4116,T,sun,high,pseudohypo,3.0168679925208717,-1.4351188060565687,0.09178014353463672,-0.0620876357325,0.014493959266697136,5.3904381334249996,0.021670918885259415,0.13453872308675338,0.12762689327974022,0.12089334098192321,2.7226608759094333,2.731752224850248,2.7553915186928406
LA4116,U,shade,low,amphi,2.877867255138971,-1.0755103161179964,1.0136513668379987,-0.1681995217485,0.016972844447668875,5.4783291869,0.029057727023271133,0.1208737973319334,0.08083900946092636,0.054527621185875896,2.793040399889087,2.9193424195206674,3.0034064793340702
LA4116,U,shade,high,amphi,2.877867255138971,-0.28766648412446894,1.0136513668379987,0.592982618155,0.008771848780219988,5.487809950525,0.004190344533945635,0.21701903999729208,0.17131429142159654,0.1341112501814898,2.4821564797848197,2.6309290278013937,2.7506275091014074
LA4116,U,shade,low,pseudohypo,2.8629455195649207,-0.6394782457855228,0.5215206182969426,0.3357208857275,0.0172862307688959,5.218811526125,0.010241616457547663,0.16020940722945867,0.10105213407543256,0.06033621202803469,2.636410581229905,2.8442521485101047,2.9784125127373997
LA4116,U,shade,high,pseudohypo,2.8629455195649207,-0.5444857396383197,0.5215206182969426,0.2672829672825,0.009795904922937484,5.167417460675,0.006419003828466575,0.1741638991531726,0.14715774051657537,0.12731210285962524,2.5999201138226513,2.6942746432485154,2.762083421715923
LA4116,V,shade,low,amphi,2.852644784869047,-0.8175972233335165,1.0553683792431838,0.29744457985,0.011389071638456769,4.798137741875,0.006723530526310458,0.1259222896965965,0.08435306501353435,0.06356724464703634,2.7746097724173038,2.908268057756619,2.9767993566464814
LA4116,V,shade,high,amphi,2.852644784869047,-0.5453456383682189,1.0553683792431838,0.71992868487,0.009866582752581376,5.381570469525,0.0040025920204311794,0.15913659443859154,0.13292949982386268,0.11197853499153379,2.6835252950813735,2.76665552649063,2.8310385188130303
LA4116,V,shade,low,pseudohypo,2.7850379299375634,-1.107339168143649,0.5419239609131483,0.0920613302624055,0.03873559312416365,5.194443133275,0.030116780439874744,0.11518437814399982,0.06867717533211484,0.039828867885537064,2.853683703468179,2.955216974708723,3.049503188734144
LA4116,V,shade,high,pseudohypo,2.7850379299375634,-0.8822799453419566,0.5419239609131483,0.33962419753,0.0467518099374239,5.3610792978,0.02779940818087422,0.1370128629683686,0.11315199800754144,0.09349851140009191,2.7391562229348985,2.8184186993272813,2.8797494958597407
LA4116,W,sun,high,amphi,3.075056275287558,-1.1223431430309803,1.8322436626876897,0.0321664629789525,0.01765098998549761,5.40424193555,0.025869621402143144,0.1593712274859799,0.1485621938053422,0.13896826664882717,2.6571131019961154,2.693938540406462,2.7216511754334443
LA4116,W,sun,high,pseudohypo,3.064368693518103,-1.2155931668022206,1.1872494003812226,0.26328345658,0.007381350354169516,5.198686581675,0.004775259277802018,0.14744910425847602,0.10501247003714284,0.07487563574448805,2.685051645216287,2.830331836601498,2.9289247644732987
LA4117A,B,shade,low,amphi,2.9907013204019,-1.8557305887318303,0.5940606965314759,0.03431923927582675,0.0258311650687377,5.04204084455,0.030253889597225934,0.09410117539559854,0.06337045780736275,0.05634792693772469,2.8705723846424007,2.9693609381712074,2.9940734122641772
LA4117A,B,shade,low,pseudohypo,2.9540445894686163,-2.2124383430492456,0.12089423580806719,0.02443490342590325,0.014720468509896856,5.03990966145,0.014707554742797356,0.06855866028588017,0.05022543428204111,0.038840416082648745,2.952662391887496,3.0099385445317917,3.047918179894344
LA4117A,D,sun,low,amphi,3.066471352032914,-2.6943112141162517,1.1025767815415461,-0.07085625011963075,0.044708792831379594,5.719224494025,0.04576296153185387,0.07477274459287053,0.05680574481212543,0.046339448079275335,2.9321912258939387,2.989079803813449,3.025492112972844
LA4117A,D,sun,high,amphi,3.066471352032914,-1.3250102314790784,1.1025767815415461,0.474054894445,0.01595146339583033,5.381257764025,0.007878680660321253,0.19095667789564702,0.12137855683937235,0.07723384565207772,2.514511749254413,2.7596381450043164,2.913616178384297
LA4117A,D,sun,low,pseudohypo,2.965402696523341,-2.4226949169193484,0.6565009869609231,0.140954626945,0.006837387527572175,5.9612073589,0.00573230744127931,0.08168850209700991,0.06351904121498037,0.049764021054832464,2.9110280831386603,2.964215638338751,3.0138023679910724
LA4117A,D,sun,high,pseudohypo,2.965402696523341,-1.1809802693656448,0.6565009869609231,0.4306341096675,0.00847489947967714,5.694124902925,0.004330356024908291,0.20129398663747278,0.14672435374914627,0.10550354417598277,2.4740578595092604,2.6732312022721025,2.8146881759601072
LA4117A,H,shade,low,amphi,3.025939942515493,-2.323206544776637,0.38296312093158363,0.053443644052,0.00900258884479642,4.664990240525,0.007383942499945803,0.07289192119264995,0.05740682018835039,0.049942582626495646,2.939151981037134,2.990350629184608,3.015239133778286
LA4117A,H,shade,high,amphi,3.025939942515493,-1.013540405735368,0.38296312093158363,0.0083426168439125,0.01623237825550096,5.87701426935,0.016446193622341183,0.17796732794576411,0.1357264113364005,0.10892179051999985,2.5977046664073447,2.7238380417121775,2.815895128769081
LA4117A,H,shade,low,pseudohypo,2.9413005877987928,-1.615838604555979,-0.09327149402913054,0.222020484545,0.007352280650170644,5.18737721925,0.004820842320293079,0.11484564761498807,0.065612614269867,0.036673659222066335,2.8050856899279855,2.959461027081861,3.0576027784165243
LA4117A,H,shade,high,pseudohypo,2.9413005877987928,-1.097112701943956,-0.09327149402913054,0.72584105147,0.019218235160788386,6.306389315,0.009355605739673357,0.1665549876069028,0.11896524709901371,0.08292262415242482,2.60573455946776,2.7701086499170766,2.8969679127789307
LA4117A,I,sun,high,amphi,3.0062704134601637,-0.863365397848827,0.8526615883037807,0.1710327989875,0.006995399885193253,5.1310024723,0.004645655416646322,0.1879987398612959,0.13450682405928793,0.09947210020346631,2.5507836968144693,2.7353768584725398,2.8490459859145014
LA4117A,I,sun,high,pseudohypo,2.945224815117396,-1.5297031353671149,0.17110799304103966,0.4149445236025,0.026169497361855563,4.8266280736,0.012309461314039831,0.15039204071908363,0.09256142001952776,0.06408743095811135,2.6861121344895995,2.875994364465808,2.9696953515637357
LA4117A,J,sun,high,amphi,3.131114414114896,-0.4777575381808017,1.1384822338561715,0.6814403504325,0.006192327585383182,5.769962390575,0.0027409633172892547,0.26333598363821675,0.17577435802003932,0.1114361757077461,2.296277450514925,2.5989277834532336,2.8089663822308846
LA4117A,J,sun,high,pseudohypo,3.0037473311294653,-1.3662134160767951,0.5760620855770805,0.2589353966025,0.007812863902823671,4.7684215647,0.004727308172377064,0.1699325661932291,0.11544300857433487,0.08413922901334955,2.617149603009522,2.8071179066667393,2.89357931564546
LA4117A,K,shade,low,amphi,3.102848322553034,-1.9275518383165058,0.789938591593077,0.1547410743325,0.007870875287768518,4.4272131399,0.005177062809222106,0.08902630596667876,0.05448337398060186,0.04025808054587436,2.8966167606259106,3.001844197243357,3.0438710367831296
LA4117A,K,shade,high,amphi,3.102848322553034,-0.8043297139635438,0.789938591593077,0.3024035059125,0.014272181144098294,5.317404554625,0.008440293584039882,0.2076024959912647,0.11535027453644835,0.061372466162950036,2.499834851882234,2.8104453318305453,2.981447849197561
LA4117A,K,shade,low,pseudohypo,3.0347135475405507,-2.1684925481829516,0.34014935716614847,0.0938769544945,0.005844188777504538,4.31637025125,0.004076771454253476,0.06730871478714924,0.0436592319933818,0.03537993723542228,2.95866424079442,3.033515185335829,3.060570297895498
LA4117A,K,shade,high,pseudohypo,3.0347135475405507,-1.1940494941817117,0.34014935716614847,0.1759217110025,0.01151586671002534,5.0528123735,0.008335482207419689,0.14262934222309054,0.09421998431815036,0.061050217915959375,2.708716194876576,2.870934486765326,2.979553606482886
LA4117A,L,shade,low,amphi,2.8464338138029612,-1.7775617997648485,0.7098033251809964,0.233207903635,0.007085924336522958,4.81467345685,0.004529507723418433,0.08906957512725354,0.06282728920052603,0.04800077051289966,2.89333268061515,2.9741413097399136,3.023524377230071
LA4117A,L,shade,high,amphi,2.8464338138029612,-0.9413840735081543,0.7098033251809964,-0.0843926790914025,0.03358903226506353,5.500077154225,0.039067693388455275,0.168726441415378,0.12728847293753429,0.09417961364350658,2.6759534705379933,2.770125149557956,2.878920355128786
LA4117A,L,shade,low,pseudohypo,2.813148071734992,-1.86426638319237,0.4508455854454593,0.10768918817725,0.0065420638472978125,4.721286266575,0.004578490535122939,0.0833333483041244,0.05935132568336564,0.04676753230459403,2.9182504658069233,2.983669056294854,3.0274707653953707
LA4117A,L,shade,high,pseudohypo,2.813148071734992,-1.0015851778200011,0.4508455854454593,0.02893706615766525,0.025537002120826487,5.22722877085,0.022650025204454024,0.16191731665447548,0.12151584554420972,0.0913458083868702,2.7010068433823595,2.785604116494339,2.888837491975063
LA4117A,N,sun,low,amphi,2.9277670727986567,-0.9517156964795053,1.4127624468963271,0.3213122963,0.015169755040865573,4.832090739775,0.007896730695310824,0.24794496507835467,0.11797541942578242,0.062201739804188465,2.357375546577276,2.8006845014350095,2.9749066455511533
LA4117A,N,sun,high,amphi,2.9277670727986567,-0.22219382130637302,1.4127624468963271,0.2866754027375,0.014942987121108555,5.2404294432,0.009162192993067439,0.3779729518183116,0.2431617954591468,0.1409113942672365,1.9086149744868393,2.376767909705082,2.713676003523022
LA4117A,N,sun,low,pseudohypo,2.894722428097078,-1.1241509245490156,1.0878073936334463,0.4393240840775,0.04371354699436498,4.91213243925,0.018977966037194188,0.24162474901801773,0.16486398534295543,0.1163697221481421,2.367760556995571,2.633225119849259,2.7969682533809284
LA4117A,N,sun,high,pseudohypo,2.894722428097078,-0.4094332390870878,1.0878073936334463,0.4205759403125,0.026986057969626387,5.234129958775,0.01342895825915807,0.34877826632458014,0.242935685414078,0.15661473596357395,1.9960809321730335,2.36367923296035,2.6592534691646055
LA4117A,O,sun,low,amphi,3.0529722062127562,-2.3580262457049086,1.1361125844263618,0.0144391996650855,0.01018189296559398,4.45772429635,0.007170342345828811,0.05651124591830431,0.04019005458642716,0.03601731218092273,2.9981867255981647,3.0483676850402532,3.06374513882554
LA4117A,O,sun,high,amphi,3.0529722062127562,-0.5555527103626363,1.1361125844263618,0.3091348614475,0.02666369919400549,5.29011705285,0.013873692751911469,0.23286822179377586,0.09835140537583434,0.03617003021675352,2.4209717612000214,2.8553010419741596,3.0626531324465343
LA4117A,O,sun,low,pseudohypo,2.9670887734431597,-1.679334136566905,0.6338943713116971,0.7593170565875,0.014162939821084386,5.342398249825,0.004761756593223063,0.10409380358557775,0.056267885631049536,0.02933058290461575,2.834361458484792,3.004188693335712,3.0836103289599617
LA4117A,O,sun,high,pseudohypo,2.9670887734431597,-1.311019021039965,0.6338943713116971,0.335226879835,0.011415760980363199,4.966016542475,0.006390871563851417,0.142985857121553,0.0882876857399361,0.05335629950239183,2.7396314045944297,2.9146794493567407,3.0110051816092294
LA4117A,P,shade,low,amphi,3.11785529867345,-1.1575964172215782,0.605612665093002,0.4731148413275,0.014523118390357087,5.816026872275,0.013233254956634482,0.13137722380039701,0.10181670077956324,0.0801056999707278,2.7578861408758764,2.8494552490356457,2.9185303955229425
LA4117A,P,shade,high,amphi,3.11785529867345,-0.9217626015927808,0.605612665093002,-0.003173660285614975,0.02300423226074089,5.736484908575,0.02890229872393484,0.15626213550719706,0.13682329346995659,0.11927451070110971,2.7011500959630528,2.742659578953414,2.7982655501206892
LA4117A,P,shade,low,pseudohypo,3.136454049612539,-1.385034624593609,0.22607234801599957,0.12108414013575,0.010149133592959327,5.1878068058,0.009157428439086507,0.12119647187826611,0.1040695755213078,0.08989237768570925,2.782042420371273,2.833450679201876,2.884213085140644
LA4117A,Q,shade,low,amphi,2.9376230408837456,-1.906963166968203,0.6406499021866013,0.4311467758875,0.04974046258156039,5.0601383393,0.026468717939376624,0.09548662576305758,0.06936572975186392,0.05454453657473776,2.866835805403161,2.9557260226238844,2.9992887089982254
LA4117A,Q,shade,high,amphi,2.9376230408837456,-1.1833679044555645,0.6406499021866013,-0.258199829524,0.04258097602061497,6.2008130201250005,0.13574998089218657,0.14944476173705484,0.10945790538444745,0.08434926597206517,2.694499901370869,2.826184554435495,2.9081972448880076
LA4117A,Q,shade,low,pseudohypo,2.8888029087287648,-1.9563777491949232,0.27337603891308626,0.10448326197734,0.04959832582907689,5.161643569125,0.0451736060682867,0.08093956090686001,0.05459855491513295,0.03765953813664849,2.917881982924455,2.9967173770003477,3.053654791208745
LA4117A,Q,shade,high,pseudohypo,2.8888029087287648,-1.4591328831439139,0.27337603891308626,-0.1941166104225,0.02540296648566175,5.59453474065,0.055556159705677836,0.11098772588476517,0.08943811773270148,0.07199869861774293,2.805739152874211,2.8732097255229454,2.9332291452909454
LA4117A,R,shade,low,amphi,2.9597567386880765,-1.5008520312350464,0.6428228574283943,0.2861638879975,0.012521156878836356,4.820622543425,0.0075433565232395595,0.09685963473900942,0.050059427803204465,0.028701180113607137,2.86746838628473,3.0345046781502982,3.083215198787796
LA4117A,R,shade,high,amphi,2.9597567386880765,-1.0112843077047007,0.6428228574283943,0.24015615609,0.01116721655969232,4.9537668841,0.006947255487488155,0.14682591093859843,0.09718107606124762,0.06358196397582358,2.7289264673735216,2.868764337323638,2.9774826824321483
LA4117A,R,shade,low,pseudohypo,2.925216855443334,-1.7304548514478533,0.3097899856276552,0.288300292715,0.032740025788934216,5.044298805175,0.0215290186289715,0.09111297938767318,0.06040651188132239,0.03766907247038534,2.903414252854326,2.9752981252295507,3.05521193386654
LA4117A,R,shade,high,pseudohypo,2.925216855443334,-1.186526398181996,0.3097899856276552,0.11065077915175,0.007712943832000164,5.239818340575,0.0061045705753827294,0.14412219563117618,0.10704754516813117,0.08076650682560821,2.7481324566756444,2.838065133963771,2.9235921764697577
LA4117A,T,sun,low,amphi,2.9858808150020453,-2.3629906667069243,0.8526116740827854,0.11109554242,0.006161330290679686,5.33393614465,0.007033828863737195,0.06069805508436471,0.047877777339734306,0.040680414475232594,2.9822920177558356,3.0199222410386435,3.0471108074145676
LA4117A,T,sun,high,amphi,2.9858808150020453,-1.197840448105567,0.8526116740827854,0.3906531179075,0.010483171085011607,5.2875463564,0.005741898525940233,0.1514184492183115,0.1041694578821584,0.07062107065560122,2.680550897626773,2.8389342022282174,2.9470713232999444
LA4117A,T,sun,low,pseudohypo,2.8798427902035795,-1.8516333209307048,0.25348684985571046,0.1960332366525,0.016040240822370863,6.107790297675,0.04631077275267385,0.08819757318198358,0.07441939493411565,0.06324533562961014,2.880096905162688,2.9261934943368804,2.9634972482160786
LA4117A,T,sun,high,pseudohypo,2.8798427902035795,-0.9285627889707603,0.25348684985571046,0.2634834766175,0.005994862821684764,5.479939190975,0.0038493160309602545,0.1700891288985142,0.12711764971233772,0.09272768314679004,2.5878205528083202,2.738226495214885,2.861181073365209
LA4117A,U,sun,low,amphi,3.0298574412150785,-1.6989673882050473,1.42603148307788,0.4069572434425,0.013943519817285116,5.256694613725,0.00721814102626799,0.11593876051213316,0.08785980719650657,0.06963055294656567,2.7981303456752866,2.8934867238684707,2.9501678790189154
LA4117A,U,sun,high,amphi,3.0298574412150785,-0.43399626859573287,1.42603148307788,0.1629820733476,0.03851801081046835,5.5798684179,0.02939469940535945,0.2590782846919051,0.18340854131355855,0.1289913490901039,2.3479303459026237,2.5751280566831527,2.76493760519184
LA4117A,U,sun,low,pseudohypo,3.0253780116932614,-1.2895953519236265,0.7556970152841249,0.1468572906625,0.00756878643658241,5.10857896865,0.006550701403611448,0.13385008330221845,0.09274121889933384,0.0645111120861564,2.7378649796155843,2.8700830831321262,2.9621396149344466
LA4117A,U,sun,high,pseudohypo,3.0253780116932614,-0.4964507029660506,0.7556970152841249,0.2073374903405,0.030410727131688367,5.7696000751,0.023154324267690315,0.23714344460000902,0.19160028102056106,0.149913025403865,2.3959595619236422,2.5536273525461897,2.6931137116541133
LA4117A,V,shade,low,amphi,3.0377481539699933,-1.6270455915322957,0.7795395587230936,0.174771253695,0.018458672737958,5.112202846975,0.014333670202129048,0.10040498960598446,0.07067757848154306,0.05370776503404105,2.8557217340531427,2.9505857065953913,3.0050469126010784
LA4117A,V,shade,high,amphi,3.0377481539699933,-1.1710879352486459,0.7795395587230936,-0.0018559783456693236,0.034657622781370356,5.421594356725,0.04244550241688465,0.14399596182578447,0.09631560510544268,0.0632991686555674,2.72301114482171,2.8663976399330724,2.97637237066214
LA4117A,V,shade,low,pseudohypo,2.9885901018904417,-1.4263705520577143,0.220822507492744,0.1728170800175,0.017511677729542954,4.872984828225,0.012521608920126374,0.09673135548821928,0.056186130117684155,0.03513152585794953,2.8585458794284095,2.987776969213447,3.0617120903675237
LA4117A,V,shade,high,pseudohypo,2.9885901018904417,-1.0082862645289759,0.220822507492744,0.129275686898,0.017578430517870294,5.219498865975,0.014732013294322851,0.13902515349153174,0.09096630062839045,0.06080183950353461,2.760710756320912,2.8903068951749122,2.9895587470802294
LA4117A,W,shade,low,amphi,2.825016936256444,-1.7086626362066075,0.18761115972198997,0.07979606069025,0.005435591846028875,5.2708104865,0.005700840069905786,0.11782998675563228,0.10300443960200452,0.09236284236378701,2.7922005450426086,2.8424472152064575,2.8770403371372764
LA4117A,W,shade,high,amphi,2.825016936256444,-1.1859022393980356,0.18761115972198997,0.290550574065,0.009364028699192669,5.5966064314,0.006325034263772296,0.16536923817165847,0.13610712987087506,0.11603022168298217,2.6502739010043497,2.7393085795530903,2.805194797378725
LA4117A,W,shade,low,pseudohypo,2.7509177238523876,-1.6240743691006827,-0.26726054819985945,0.1063122756895,0.007020506606323148,5.0253054243,0.00701632396837381,0.0814253445677799,0.06591823904591194,0.052613154266055846,2.919774657459171,2.962163522678004,3.005768101665547
LA4117A,W,shade,high,pseudohypo,2.7509177238523876,-1.2868899151112487,-0.26726054819985945,0.1746966909175,0.004407872554911148,5.463910200375,0.0036961064354666356,0.11336556738206352,0.09510716435348883,0.07917112752841407,2.8589829522832346,2.8763524131918246,2.931198592840537
LA4117A,X,sun,low,amphi,3.091538661517812,-1.7622656152970138,1.224755377711594,0.222699411465,0.013522426515102725,4.8118121523,0.008482639450591821,0.08748906132797755,0.056795366244160046,0.04413182508458364,2.8943516081130753,2.9911403350374774,3.0305934744931893
LA4117A,X,sun,high,amphi,3.091538661517812,-0.9237367544263764,1.224755377711594,0.24111859655,0.02401088125751479,5.039550405475,0.014661485800779167,0.16762894526212913,0.10577354491179204,0.06861229234105803,2.624492018625434,2.832792637148254,2.9506590080626323
LA4117A,X,sun,low,pseudohypo,3.034250987771133,-2.092284230492458,0.7529644452416883,-0.05003083180825,0.008170180202944148,5.0034221861,0.008680914310015175,0.08646293487752185,0.07754550234074736,0.07495190102016093,2.8848041006592915,2.9147884966590363,2.924784263470232
LA4117A,X,sun,high,pseudohypo,3.034250987771133,-0.8470250241507263,0.7529644452416883,0.2921415301075,0.019042010466133557,5.1374195311,0.011444801108445314,0.17703224826640007,0.1197943901138046,0.08428184328208006,2.562055449458196,2.7694738103801626,2.892477782382686
LA4117A,Y,sun,low,amphi,3.056596607961056,-1.636300113249523,1.010059162866129,-0.026575416921999998,0.0041287244028269925,4.868986378225,0.003947721069700141,0.13269396267895228,0.1061845732757993,0.08864561678560035,2.7496168282620848,2.833520502724677,2.8906712973123887
LA4117A,Y,sun,high,amphi,3.056596607961056,-0.44675744629817554,1.010059162866129,0.38920239135,0.01955112483805073,5.4306612879,0.010517259644281388,0.30850874153746916,0.20365481817588413,0.12620225193396412,2.171957073345288,2.5253363536872104,2.771185494072348
LA4117A,Y,sun,low,pseudohypo,2.9520685538557294,-2.0507463653795144,0.5422409257033507,0.6147604441575,0.029636972061991187,5.59316471505,0.01646326082396857,0.09228120388227522,0.07468036233171396,0.06132254537749753,2.8756300647426514,2.931744027401902,2.9766276735273087
LA4117A,Y,sun,high,pseudohypo,2.9520685538557294,-0.8950441929290398,0.5422409257033507,0.360439927425,0.027585047145524177,5.43627246645,0.015795196919845395,0.22186281531411298,0.14480843237522548,0.09184537209345994,2.4847861637753357,2.719533302753814,2.8934598506112144
LA4126,B,sun,low,amphi,3.409095414799642,-0.8305077659473286,1.8190086325457473,0.7676780791075,0.014175337776084157,5.509932202275,0.00501535397966959,0.17340892333543972,0.07967803183056148,0.0391599043442828,2.612775476477978,2.919818174130522,3.054708626426158
LA4126,B,sun,high,amphi,3.409095414799642,-0.0100598608568979,1.8190086325457473,0.2765046920925,0.019466648333364592,5.39779192175,0.011907292946107787,0.29712122048117307,0.17523618251685014,0.09524192599449388,2.191344123330734,2.6070078101161602,2.865992266745457
LA4126,B,sun,low,pseudohypo,3.3700685533414654,-0.6520060152683522,1.3017573086969778,0.52337025976,0.0188597991169953,5.1971790191,0.007471742822506775,0.19935593060553553,0.08836988991561018,0.04463240645722615,2.5170154602888664,2.889324200484541,3.033267241447245
LA4126,B,sun,high,pseudohypo,3.3700685533414654,-0.013726755843110379,1.3017573086969778,0.8109900260425,0.017390374493461935,5.997789043675,0.006012566775299638,0.28350413733644914,0.20845398424774336,0.14458449544000168,2.210641199290822,2.4743090892623987,2.694592846099684
LA4126,C,shade,low,amphi,3.1025198958913722,-0.8221884663829861,1.1157016854980675,0.6896402948475,0.00729413647707011,5.492985900675,0.00305577161759543,0.1308552224840542,0.08646643434596143,0.05611557398261062,2.750745598620962,2.8945045430344782,2.9939131692437733
LA4126,C,shade,high,amphi,3.1025198958913722,-0.19874000585099713,1.1157016854980675,0.3610232166925,0.02194281471582534,5.88602131235,0.014745146151228138,0.1792668606876729,0.12274525015442808,0.08190926118106363,2.581735133120846,2.779039062064214,2.9139607750258985
LA4126,C,shade,low,pseudohypo,3.0929556100239397,-1.2138157942886698,0.38058679501603043,0.14117339640725,0.020564605949882183,5.28473720655,0.0135296268943159,0.11575847004779798,0.0828974623162267,0.058758817469545054,2.8003781890812953,2.9017989206905073,2.981768496950619
LA4126,C,shade,high,pseudohypo,3.0929556100239397,-1.0672817964788441,0.38058679501603043,-0.119259898770231,0.08510244593671465,4.6539311222,0.11406718514177905,0.11688513637404638,0.11572165090837161,0.1154335755218419,2.7828675584458225,2.7866657565464266,2.788535651612631
LA4126,E,shade,low,amphi,3.137347994386018,-1.1555569913176191,1.2150683051302846,-0.0375566888781325,0.014122416323786408,4.92594234005,0.014005784990891591,0.18895568793972217,0.1517511402361511,0.12328623283191135,2.5429840916127042,2.6700275177218904,2.768057227518119
LA4126,E,shade,high,amphi,3.137347994386018,-0.7100693403415456,1.2150683051302846,0.083583913096575,0.019279307317809174,5.407223435375,0.025407709875526135,0.25710029104494064,0.2470584888749765,0.23731166507135776,2.3181414386234636,2.3487925256771662,2.38288842699601
LA4126,E,shade,low,pseudohypo,3.1112304810216487,-1.1436423974560102,0.688039625057103,0.05250290087925,0.0067038018799997654,4.901752915425,0.005355124774541409,0.1875052095342245,0.12634422774021148,0.10837302552512487,2.53081254551873,2.744583461332057,2.8090032366784965
LA4126,E,shade,high,pseudohypo,3.1112304810216487,-0.659716726709987,0.688039625057103,0.1339158311134275,0.03430562646042823,5.9443024909,0.05148457722200907,0.2563837818497037,0.24427349444830943,0.2328561021048768,2.28433916376632,2.325170914359408,2.3650552520433177
LA4126,F,sun,low,amphi,3.4200504224406254,-1.6628404093413234,1.4785657533488423,0.38073902459,0.016177647648337713,5.1120249002,0.008161858118213359,0.1470816450296401,0.0929172436542319,0.059882653784685644,2.699865470434097,2.8726209928893507,2.9848912841471087
LA4126,F,sun,high,amphi,3.4200504224406254,-0.5712567987393249,1.4785657533488423,0.4415852958975,0.01285807485861608,5.570683968275,0.006228151116724301,0.3055668364337681,0.15520259607017575,0.07279726562253855,2.165352549328101,2.6762077923621836,2.943765341394507
LA4126,F,sun,low,pseudohypo,3.400383714754114,-1.5431841978812961,1.0671893126226513,0.293211747845,0.00901298394484305,5.1408736089,0.004905594049215103,0.1610923360838914,0.08962536623152506,0.04792657201047603,2.650914253710049,2.8800855166717367,3.0204809708773257
LA4126,F,sun,high,pseudohypo,3.400383714754114,-0.609237673912854,1.0671893126226513,0.4767178080025,0.013873533575446267,5.66292387085,0.006698551617065964,0.2990400275872172,0.16769432511918184,0.08248845452868575,2.1705702749220785,2.627193284299854,2.9104222741641594
LA4126,G,shade,low,amphi,3.109254886420221,-2.0061665135740556,1.1224366760269164,-0.068349738862275,0.0183761411448436,4.460705657775,0.01718712382826284,0.057549284435985344,0.0417569277644088,0.03620465798951216,2.989575981061384,3.043848895401615,3.061858291029983
LA4126,G,shade,high,amphi,3.109254886420221,-1.079058000634678,1.1224366760269164,0.2387547420975,0.021749465747856283,5.254515516325,0.01608661600290464,0.12937630280658557,0.10860529022432674,0.09245651381091106,2.789698362574442,2.8370644424352216,2.8897609089700733
LA4126,G,shade,low,pseudohypo,3.1225583094775198,-1.5630729961148915,0.6487819567248675,0.0605988118895,0.011487033901896636,4.682400604,0.00952030078966469,0.08583549860413325,0.05857882116268623,0.045354561808263985,2.894347432789772,2.984915031689798,3.0278837510741416
LA4126,G,shade,high,pseudohypo,3.1225583094775198,-1.202441799330845,0.6487819567248675,-0.09564298476331876,0.04971731188820927,5.36729130525,0.09323904237486492,0.11348389680034468,0.10985152050052054,0.10659946921582382,2.804305760075478,2.813257567927429,2.824310684052225
LA4126,H,shade,low,amphi,3.038608957036897,-1.3082712505296985,1.0430570666748376,6.228668579474916e-5,0.02306051401174448,5.61144539025,0.04150029923653911,0.1510859895031824,0.11141102811496081,0.0950468769039455,2.681169025551392,2.8130674627635175,2.8671939357561556
LA4126,H,shade,high,amphi,3.038608957036897,-0.6326775412941015,1.0430570666748376,-0.03948983157588875,0.03052942930495879,5.25376405075,0.030128660953325313,0.2310446368904357,0.19006389318208505,0.15971647755107032,2.428577504345905,2.5626477359699624,2.6637236652354255
LA4126,H,shade,low,pseudohypo,3.0316336447961634,-1.4987394072906042,0.706602553303862,0.21934675569,0.029921856751426446,5.5762007834,0.02455843691192128,0.10877557199878651,0.07023905745126469,0.04560435536694228,2.8078654591757117,2.939724447945546,3.024073097280508
LA4126,H,shade,high,pseudohypo,3.0316336447961634,-1.0473151925947433,0.706602553303862,-0.0406740542960266,0.06164382102818686,5.976191350075,0.1445280346475061,0.15424938316538384,0.12758248428938165,0.10524862996609124,2.6677400417061223,2.7485899679831136,2.825487885797241
LA4126,I,sun,low,amphi,3.223131892122599,-1.2631785576681358,1.5727859183505073,0.2974488739125,0.006659556486988083,5.0843454825,0.0038677774650978398,0.1558425971970022,0.09369827878165193,0.0568416740989209,2.672814879646477,2.875653212491755,2.9943540557521797
LA4126,I,sun,high,amphi,3.223131892122599,-0.35550378313870756,1.5727859183505073,0.37011732769,0.015620006459242459,5.568138413575,0.009233840825970964,0.2941902111639697,0.19984460328262926,0.13086030855267425,2.225637128902778,2.5353649410372636,2.7580745344166298
LA4126,I,sun,low,pseudohypo,3.1118728732147343,-1.7796608534792777,0.9919372631649394,0.036337667611625,0.0061205815412105746,4.8397888431,0.0042768923534703485,0.11792720748921541,0.08704837501311835,0.07320345554792995,2.8004312897792105,2.890925195355013,2.936512025584777
LA4126,I,sun,high,pseudohypo,3.1118728732147343,-0.5585050862243931,0.9919372631649394,0.3592574894325,0.012047862382194732,5.57847376475,0.006696926313599027,0.2692311858937467,0.21019396528776352,0.16549228572977,2.3000950809219525,2.497683121352312,2.6475740652002995
LA4126,J,sun,low,amphi,3.3513500584246683,-1.00813614020792,1.3987232127796432,0.3466751164975,0.012208677031216733,4.9229555696,0.007302929057979552,0.27929475689855604,0.2178522268115427,0.178383277293874,2.2519249058455446,2.465791231232454,2.5935904806426473
LA4126,J,sun,high,amphi,3.3513500584246683,-0.0284638321792311,1.3987232127796432,0.2460186325275,0.00957323276891233,5.817386561925,0.00648403176537224,0.4377345390324893,0.3737868464651486,0.3214386831437683,1.723840092245758,1.942340154242007,2.1221781657972243
LA4126,J,sun,low,pseudohypo,3.276471015283645,-1.1294590276986962,0.8351801176754814,0.4962431219075,0.014674872265460348,4.9764414845,0.0065050859603153965,0.20838402775516918,0.1428531323049207,0.10592379602988904,2.478090587864544,2.705015928877894,2.826124193134519
LA4126,J,sun,high,pseudohypo,3.276471015283645,-0.4207634844202254,0.8351801176754814,0.480008379395,0.023891427998038443,5.447621285225,0.011619764621262896,0.3106140648884388,0.23380460133129524,0.1724962092066313,2.127527806831395,2.3969609653069366,2.6077215286670485
LA4126,K,shade,low,amphi,3.0045546080944683,-2.4105651062485145,1.352136094720404,0.005991935613372225,0.007191212423704984,4.8829719637,0.005151838691751593,0.053155008077111716,0.03387844339648026,0.029545811836389168,3.0200519405153328,3.0714096021657666,3.0856059484943446
LA4126,K,shade,high,amphi,3.0045546080944683,-1.921625277682683,1.352136094720404,0.116730268735,0.007157966224151284,4.497172741975,0.005428770844981617,0.07398161419614345,0.04932185628820775,0.040738912812370034,2.9519965232976477,3.0169437442125613,3.0492737258666622
LA4126,K,shade,low,pseudohypo,3.0199320809887737,-2.4560363563432546,0.9261417510433015,-0.007154208881345,0.008416153258644163,5.2380615176,0.010381964079601354,0.054241712704976436,0.0373911024008492,0.02883442433235058,3.0059394472774343,3.0541674757140456,3.0829002466654774
LA4126,K,shade,high,pseudohypo,3.0199320809887737,-1.8403204428883282,0.9261417510433015,0.06520559016875,0.004363140256349117,4.6100115928,0.0033189011155443974,0.08563521107290764,0.058602297110672136,0.042528632735538044,2.909765878170916,2.9916347090163784,3.0411176795817894
LA4126,L,sun,low,amphi,3.289027682205246,-1.1799982208371345,1.5201219737085987,0.3418454243125,0.013642913909769648,4.824619300325,0.007492031153938193,0.16336087915340797,0.11573176440379254,0.08756492805081421,2.6460248350281192,2.8048152964982593,2.8926185702365648
LA4126,L,sun,high,amphi,3.289027682205246,-0.09610240887265434,1.5201219737085987,0.44726454089,0.013115041248132328,5.396289032125,0.006557614188164837,0.335302162332071,0.2438069979736367,0.17182547444941415,2.0809271289351985,2.3865826937510013,2.623478347200782
LA4126,L,sun,low,pseudohypo,3.250156210625428,-1.1175555478087318,1.0687678213619694,0.344277929435,0.018959185765315526,5.01230187015,0.011471458790672632,0.1546420638822947,0.11246440781418279,0.0830646144410687,2.6601383019635283,2.8005711294095414,2.897594555830146
LA4126,L,sun,high,pseudohypo,3.250156210625428,-0.08475186482304951,1.0687678213619694,0.33931151657,0.010168413316699213,5.669556219625,0.006182623647799939,0.2969482846595577,0.21562008684343456,0.15404624056149635,2.1621960354420695,2.4475212909757302,2.6705719198860933
LA4126,M,shade,low,amphi,2.867072725739872,-1.801725303207517,0.6351320573135827,0.107963730847,0.014795867084821637,5.2455068124,0.015297379392891572,0.11120925997328913,0.09093625408296949,0.08323195263313549,2.817850448359075,2.8821978410334577,2.9068841155582397
LA4126,M,shade,high,amphi,2.867072725739872,-1.375055866789362,0.6351320573135827,0.17525733366475,0.026624545322987407,5.774412692275,0.034342390809079346,0.14909578052591402,0.13651489255766555,0.12652937231544523,2.7144999998174546,2.7533270451984375,2.7824893570193714
LA4126,M,shade,low,pseudohypo,2.8510019163541593,-1.955184308886112,0.2570812517594443,0.17755785579075,0.021039533879407993,5.594307545225,0.028599412147633584,0.07101172804245713,0.0574904818266332,0.0383210889284694,2.941144339326703,2.9869449797386256,3.0507060506120793
LA4126,M,shade,high,pseudohypo,2.8510019163541593,-1.5451814771346337,0.2570812517594443,0.17278112432825,0.023370311404870597,6.067521565375,0.03200294965608594,0.09957362991971805,0.08432459327411729,0.07218693537998569,2.8588642059071945,2.9059475697852366,2.943323039453531
LA4126,N,shade,low,amphi,2.875722092572695,-1.0321307207214363,0.785152377327265,0.30684632723,0.02895085504832084,5.6371161545,0.018849180516764347,0.17952986984521488,0.12223306830204549,0.08473440441796076,2.587985128498397,2.7780113077549338,2.903006615762376
LA4126,N,shade,high,amphi,2.875722092572695,-0.7277582351994325,0.785152377327265,-0.18894480508075,0.05001119341571103,6.114910068775,0.1287193607743504,0.2284699228937296,0.20488547597351164,0.18390048502576672,2.449229788815175,2.523740064256479,2.592166604064934
LA4126,N,shade,low,pseudohypo,2.8776201242327786,-0.9453954682011979,0.38959174877292546,0.304090442305,0.014024945318950361,5.305537088425,0.008728187008625148,0.16961074103187646,0.12760279809867675,0.09383028801324213,2.579978389655781,2.746177155856199,2.860510500672798
LA4126,O,sun,low,amphi,3.117067259061128,-0.8616596471879973,1.450019435671105,0.4138572368125,0.014524146182701585,5.03623563745,0.007907219217141978,0.24206860160476185,0.1637028419336387,0.11565809397802754,2.386187022035053,2.6471480018847497,2.805240030367827
LA4126,O,sun,high,amphi,3.117067259061128,-0.16895929369065152,1.450019435671105,0.5096057977525,0.020508162135127177,5.684502689975,0.010515354141611123,0.3553616860924157,0.26117196320990077,0.18735885633599725,2.012961432202319,2.3308503069086157,2.573983262176717
LA4126,O,sun,low,pseudohypo,3.080237938933334,-0.977261804240708,0.909357527268291,0.38862504476,0.017688732385413308,4.97546085685,0.0091888309724539,0.16925477223870847,0.10636042589083952,0.06712064724398203,2.6115323719396457,2.8191560852249538,2.952311016261084
LA4126,O,sun,high,pseudohypo,3.080237938933334,-0.06931494535094895,0.909357527268291,0.487557425255,0.014346958214199875,5.98247805795,0.007940002861691083,0.29839369173579944,0.21625313509963195,0.143043481648218,2.176616214326122,2.4597274321765314,2.7077215732928672
LA4126,P,shade,low,amphi,2.9555075441018013,-1.2901720491620832,1.0413469792845722,0.2446367003375,0.01807002736397842,5.087357106,0.011982662331448131,0.14514349655234507,0.08476422724078794,0.04887593521493839,2.7175223484751982,2.9020784342350665,3.0185948171028305
LA4126,P,shade,high,amphi,2.9555075441018013,-1.143665817540989,1.0413469792845722,-0.10797882499582499,0.02567679009980737,6.132939883625,0.07599012152060369,0.1629485245220996,0.15829620346088488,0.15372537767583117,2.6557720924257864,2.67041874961073,2.6865231749628142
LA4126,P,shade,low,pseudohypo,2.952175847670532,-1.6411679751263721,0.63524196641085,0.1370875483555,0.013284227096596596,5.0140495957,0.009762502990947747,0.11716114487782776,0.08355387330955727,0.06152190826427629,2.776531287808503,2.897088840661871,2.9724535535926275
LA4126,P,shade,high,pseudohypo,2.952175847670532,-1.2108332605015995,0.63524196641085,0.030932711374688004,0.038557167455788285,6.012701658625,0.10191265429027403,0.15912091266577322,0.15252913648698785,0.14630397607347762,2.6505260033316094,2.670403332516754,2.6941319346212693
LA4126,Q,shade,low,amphi,3.0271096110740348,-2.096015951320878,1.0688647731247862,0.02847230315405,0.0065260523486937935,5.191619288875,0.006943046813588942,0.07391333871797247,0.05319436264708424,0.038289219191680185,2.9453024422187823,3.0043364814195987,3.0537115325951705
LA4126,Q,shade,high,amphi,3.0271096110740348,-1.3454984934927847,1.0688647731247862,0.1424678712525,0.00518708998693454,5.083718764975,0.003749653032575405,0.13719502083972013,0.09575029089427528,0.07029794371657985,2.7483824077726613,2.87307820364529,2.955350527076161
LA4126,Q,shade,low,pseudohypo,3.020150117917697,-1.9671417765611197,0.5696848440334922,-0.0426477136645,0.008090372991308633,5.680377301,0.016624686706426705,0.07277892816982325,0.055632118473217196,0.043387293883824105,2.9511760980133284,2.993763127829694,3.0339008274677353
LA4126,Q,shade,high,pseudohypo,3.020150117917697,-1.184785202301107,0.5696848440334922,0.13337474285,0.005002964113207063,5.277969249225,0.003951643139967322,0.13452685215814797,0.09858342270059581,0.0722467881118546,2.7383829078759594,2.855108676198922,2.941317650368891
LA4126,R,sun,low,amphi,3.1945764914942147,-0.4777112420182073,1.5483627550070334,0.4217169298375,0.014531345651473524,5.0845201603,0.008244666180256476,0.24289112796337448,0.19600803409402234,0.15544853786400276,2.3563812996363342,2.5227921882243214,2.6611258886830367
LA4126,R,sun,high,amphi,3.1945764914942147,0.2828724991169054,1.5483627550070334,0.3351852506725,0.00656910769439218,5.5915227185,0.004124300789365754,0.37818386963163464,0.3078395598772978,0.23648036240451648,1.9042202675431312,2.161344844292861,2.405705279597221
LA4126,R,sun,low,pseudohypo,3.1513491512855776,-0.8589425720618292,1.089307519654685,0.8122754190125,0.02632073361916694,5.641645786825,0.010210866902655973,0.18637768028016652,0.15634448777910237,0.13181910938245475,2.563894997511056,2.641762060204488,2.726638052523686
LA4126,R,sun,high,pseudohypo,3.1513491512855776,-0.0791458827236403,1.089307519654685,0.4275915355425,0.011465631360767772,5.4364174244,0.006265497803790764,0.30472848234338007,0.24871567824082316,0.19760564103860892,2.171318256849605,2.346061751173144,2.529167926709549
LA4126,S,sun,low,amphi,3.151796068934904,-0.9089113354260052,1.590529725216501,0.340616652995,0.02423968000190297,4.62580982355,0.012522863910760688,0.19380958013028662,0.16393216639135194,0.14775788769326575,2.551708801265889,2.6513297637626883,2.7045200644650977
LA4126,S,sun,high,amphi,3.151796068934904,-0.2545650587790542,1.590529725216501,0.3197768817475,0.018345902063302676,5.2163484234,0.011646147770367887,0.2954791977323227,0.25199153180369666,0.21578616282399593,2.2409241010043726,2.379797751360644,2.495078798587725
LA4126,S,sun,low,pseudohypo,3.1486850900982177,-0.7641320740826427,1.1174151171340794,0.21877840832,0.01443840846503006,4.8044903341,0.009492033531133955,0.1689063637456909,0.1257756670430345,0.1005116425828111,2.597968070864251,2.7538459917228364,2.8425939611523368
LA4126,S,sun,high,pseudohypo,3.1486850900982177,-0.007040048537421169,1.1174151171340794,0.3420020491025,0.009621478775925948,5.5462015857,0.006137650599846979,0.26659431346077533,0.2262716353153997,0.18254602233762252,2.2439378137730825,2.4140564943752,2.569120982585888
LA4126,T,shade,low,amphi,2.923173380971681,-1.3584618989994663,1.0867721808535857,0.1249652536745,0.014572267317776121,5.45010660655,0.0161329915128968,0.12321787611285726,0.09207890282624079,0.06783728831125867,2.7826750210237865,2.8797682462526604,2.9580616901964234
LA4126,T,shade,high,amphi,2.923173380971681,-0.9414965984240907,1.0867721808535857,0.10358258373075,0.00962147763785811,5.267188819675,0.008174082410994874,0.17455182515482204,0.13597044345987574,0.1056093406520227,2.6577225000337554,2.7479367680130227,2.8455832754823445
LA4126,T,shade,low,pseudohypo,2.9332136057279192,-1.0178470469777554,0.7553401585719052,0.1774459535575,0.005603213441481024,5.297884209575,0.005010346695680215,0.15077055539193843,0.11395178729879975,0.08504346667138776,2.6802804073499207,2.7945050974131744,2.894594498935415
LA4126,T,shade,high,pseudohypo,2.9332136057279192,-0.7609781457817281,0.7553401585719052,0.018330786623589675,0.02814448230173623,5.614798038925,0.031572049564941175,0.18969704600330928,0.16511259715498533,0.14309784597009284,2.567924973912837,2.6434452728557085,2.718037263215121
LA4126,U,sun,low,amphi,3.0926120626255758,-0.7696042944640472,1.6641666319280966,0.373637587135,0.01530334333504403,4.98618367255,0.007905558403510426,0.2323268228966087,0.1282928237854964,0.06643672610654777,2.3931466689177214,2.7506732990218015,2.9574267248539665
LA4126,U,sun,high,amphi,3.0926120626255758,0.055257446535945456,1.6641666319280966,0.5163233133425,0.012064612576519293,5.643056262575,0.005905028526948699,0.3677065905793,0.28285731661839,0.20216289257683107,1.8967506644198546,2.2030136309108608,2.480573046690891
LA4126,U,sun,low,pseudohypo,3.002151719110034,-1.4881592295594528,1.0798720298543005,0.0203285557278845,0.010566471030832924,4.624421409725,0.00851309480430029,0.13759137604787033,0.10238828522358032,0.0824910253781612,2.701982762864076,2.8257104508874895,2.8966708851208174
LA4126,U,sun,high,pseudohypo,3.002151719110034,-0.27193239081300485,1.0798720298543005,0.234630009455,0.010854555536631002,5.225607441725,0.006729516086498059,0.29401428839963106,0.2128808129574657,0.1499409317665547,2.120504295907703,2.421678543744942,2.6541882302324895
LA4126,V,sun,low,amphi,3.1145321089765323,-0.9497801000302001,1.4621135956024682,0.3025610958175,0.012541051308791134,4.99495050815,0.006879786012716071,0.1826848047439665,0.11234655270110114,0.07243276276340299,2.578164072799808,2.812062248304031,2.9449041569619143
LA4126,V,sun,high,amphi,3.1145321089765323,-0.08359828363892365,1.4621135956024682,0.4465051960475,0.014278177654163287,5.835040923175,0.0075599738231777,0.3186714768622138,0.23081109593420884,0.16221714044579286,2.117637580028026,2.4172066640824745,2.651616305674122
LA4126,V,sun,low,pseudohypo,3.0387121573774616,-1.4142571274829006,0.9187765473276669,0.2981283504,0.02035127003632575,5.0067767876,0.011012547573720508,0.1447478832416455,0.09589882110192689,0.06121620843277145,2.7092460859369067,2.8618165620498517,2.9782223940288635
LA4126,V,sun,high,pseudohypo,3.0387121573774616,-0.48627457209915076,0.9187765473276669,0.3565242222225,0.029202948847578913,5.7329843708,0.01801981996839912,0.27029859319157984,0.19874340358555231,0.13827950853598767,2.2939657575151875,2.525707142549754,2.725826311975763
LA4126,W,sun,low,amphi,3.1110578064711047,-1.165671275386353,1.526801944528003,0.214391033915,0.020763742849429712,4.710717835025,0.012695776267567859,0.17647450027546568,0.10781623716048348,0.06787738309279692,2.5855208847375692,2.827335983887631,2.95135113708856
LA4126,W,sun,high,amphi,3.1110578064711047,-0.1193642942061628,1.526801944528003,0.184052284935,0.008218211147701686,5.68341556865,0.0069336344713139255,0.34159839498141786,0.2597385738577999,0.19280074088886512,2.0009657392478344,2.289670217475375,2.5294127856939044
LA4126,W,sun,low,pseudohypo,3.062566864828135,-1.0602036565856487,0.9557893393558512,0.10213350599075,0.012838233737427382,4.64598352965,0.00874864503251344,0.14979442908216442,0.09728763080332815,0.06590741971028871,2.643254028640891,2.8288470195381534,2.952170106977199
LA4126,W,sun,high,pseudohypo,3.062566864828135,-0.3555933975858958,0.9557893393558512,0.2392023022225,0.015426555730263037,5.10508882615,0.01107417871124031,0.2508550471830296,0.19230292555199896,0.1512053135852859,2.2982281916579717,2.505496763256994,2.6688287597364684
