accession,lighttreatment,lightintensity,leaftype,n_plant,trait,estimate,lowerCI,upperCI
LA0107,shade,low,amphi,8,tau,166.6328930719612,149.9889090337283,185.82269244467201
LA0107,shade,low,amphi,8,lambda,1.1372412472582143,1.0886752402991058,1.186720536621027
LA0107,shade,low,amphi,8,gcl,19.2297189834736,18.72823157711066,19.753403093492768
LA0107,shade,low,amphi,8,gi,0.19534400274568445,0.17073119182786262,0.2247562806091635
LA0107,shade,low,amphi,8,gmax,2.6238250530415237,2.4731281479623117,2.7928767240212857
LA0107,shade,high,amphi,8,tau,230.90886631372663,207.7076347821037,257.13122546405134
LA0107,shade,high,amphi,8,lambda,1.255273124884177,1.202595250333273,1.3087529044388808
LA0107,shade,high,amphi,8,gcl,19.2297189834736,18.72823157711066,19.753403093492768
LA0107,shade,high,amphi,8,gi,0.4162920829989485,0.36343502783172077,0.47918465563315477
LA0107,shade,high,amphi,8,gmax,2.6238250530415237,2.4731281479623117,2.7928767240212857
LA0107,shade,low,pseudohypo,8,tau,168.58462255003957,151.63015693718745,188.20501758762254
LA0107,shade,low,pseudohypo,8,lambda,1.1145587175914082,1.0676939710901168,1.1625049274560284
LA0107,shade,low,pseudohypo,8,gcl,18.11367732908502,17.635040423645556,18.605657318473536
LA0107,shade,low,pseudohypo,8,gi,0.15736534362740115,0.1377470332305258,0.18146084917865304
LA0107,shade,low,pseudohypo,8,gmax,1.7615401954239878,1.660718759676532,1.8715495662346442
LA0107,shade,high,pseudohypo,8,tau,233.55310373414193,210.39273906827867,260.405902452902
LA0107,shade,high,pseudohypo,8,lambda,1.2301590593570737,1.1782845511821682,1.282439287517535
LA0107,shade,high,pseudohypo,8,gcl,18.11367732908502,17.635040423645556,18.605657318473536
LA0107,shade,high,pseudohypo,8,gi,0.3352671085190493,0.2923615016218108,0.38580184187552086
LA0107,shade,high,pseudohypo,8,gmax,1.7615401954239878,1.660718759676532,1.8715495662346442
LA0107,sun,low,amphi,9,tau,166.23426321869164,149.92591254721017,185.51576995614033
LA0107,sun,low,amphi,9,lambda,1.2409342983721747,1.1880562262074568,1.2946022102318295
LA0107,sun,low,amphi,9,gcl,21.55923780838128,21.007994855709892,22.131659180096506
LA0107,sun,low,amphi,9,gi,0.27729017262343303,0.24145427464753286,0.3168821445698095
LA0107,sun,low,amphi,9,gmax,4.808248614486907,4.537414118502229,5.1167654869422305
LA0107,sun,high,amphi,9,tau,230.5651457433577,207.9052493548055,256.69562980523534
LA0107,sun,high,amphi,9,lambda,1.3701740366766435,1.311302276709229,1.4286578595066404
LA0107,sun,high,amphi,9,gcl,21.55923780838128,21.007994855709892,22.131659180096506
LA0107,sun,high,amphi,9,gi,0.590971194224969,0.5147126411799903,0.6747720271576491
LA0107,sun,high,amphi,9,gmax,4.808248614486907,4.537414118502229,5.1167654869422305
LA0107,sun,low,pseudohypo,9,tau,168.3342452107729,151.61945337752624,187.38044998326995
LA0107,sun,low,pseudohypo,9,lambda,1.2156781458103854,1.1637850815325612,1.2675722008380998
LA0107,sun,low,pseudohypo,9,gcl,20.306232818172877,19.78389648159645,20.840328270823377
LA0107,sun,low,pseudohypo,9,gi,0.2230853118123711,0.19492574500593807,0.25580458277156626
LA0107,sun,low,pseudohypo,9,gmax,3.2283877677186235,3.048934983470792,3.425697899725985
LA0107,sun,high,pseudohypo,9,tau,233.5180990033371,210.5127948397223,259.68440834526376
LA0107,sun,high,pseudohypo,9,lambda,1.3417053548948494,1.2850160343988228,1.3996327389042973
LA0107,sun,high,pseudohypo,9,gcl,20.306232818172877,19.78389648159645,20.840328270823377
LA0107,sun,high,pseudohypo,9,gi,0.4756615395657843,0.4152423605348635,0.5442008628341328
LA0107,sun,high,pseudohypo,9,gmax,3.2283877677186235,3.048934983470792,3.425697899725985
LA0407,sun,low,amphi,7,tau,126.83420654685268,113.85799598328155,141.59038953162653
LA0407,sun,low,amphi,7,lambda,1.2171984753835272,1.1621559997122137,1.2693024454233723
LA0407,sun,low,amphi,7,gcl,18.387580517612733,17.93026055331004,18.84908080194538
LA0407,sun,low,amphi,7,gi,0.21345433196435754,0.18565885196757811,0.2451059219137837
LA0407,sun,low,amphi,7,gmax,5.33574287709043,4.9963257216109165,5.687129164754884
LA0407,sun,high,amphi,7,tau,175.6272063963495,157.6814001674827,196.2090731361827
LA0407,sun,high,amphi,7,lambda,1.3434908392229457,1.282641219161683,1.4019937395418034
LA0407,sun,high,amphi,7,gcl,18.387580517612733,17.93026055331004,18.84908080194538
LA0407,sun,high,amphi,7,gi,0.45520992445597824,0.39720869583436547,0.5230235120547927
LA0407,sun,high,amphi,7,gmax,5.33574287709043,4.9963257216109165,5.687129164754884
LA0407,sun,low,pseudohypo,7,tau,128.4073590026029,114.89601552455397,143.52510656426767
LA0407,sun,low,pseudohypo,7,lambda,1.1923103913037452,1.139644206399767,1.2442903310348545
LA0407,sun,low,pseudohypo,7,gcl,17.310589161274763,16.895655127751613,17.75501389764201
LA0407,sun,low,pseudohypo,7,gi,0.17191896489821995,0.1499250936398205,0.19790225570151915
LA0407,sun,low,pseudohypo,7,gmax,3.5810487824464134,3.353037558893199,3.8126508931253387
LA0407,sun,high,pseudohypo,7,tau,177.695286150496,159.6303772521792,198.5531878107881
LA0407,sun,high,pseudohypo,7,lambda,1.3159503381788729,1.255600399545439,1.3743160176093414
LA0407,sun,high,pseudohypo,7,gcl,17.310589161274763,16.895655127751613,17.75501389764201
LA0407,sun,high,pseudohypo,7,gi,0.36650851633316056,0.3205176588735031,0.4215091195210086
LA0407,sun,high,pseudohypo,7,gmax,3.5810487824464134,3.353037558893199,3.8126508931253387
LA0407,shade,low,amphi,10,tau,126.80238102434701,114.20630952552803,141.29507546122983
LA0407,shade,low,amphi,10,lambda,1.1161153648631628,1.067148999047924,1.1659407048346653
LA0407,shade,low,amphi,10,gcl,16.394879631686415,16.008685109333452,16.796198456041317
LA0407,shade,low,amphi,10,gi,0.1507814140514127,0.1314152619754986,0.1728435316400926
LA0407,shade,low,amphi,10,gmax,2.9098775728127038,2.7240846897620723,3.0961099055080328
LA0407,shade,high,amphi,10,tau,175.76754471874025,158.24539233212244,196.06854224507777
LA0407,shade,high,amphi,10,lambda,1.232312993341942,1.1781745250049978,1.286326847964828
LA0407,shade,high,amphi,10,gcl,16.394879631686415,16.008685109333452,16.796198456041317
LA0407,shade,high,amphi,10,gi,0.32157192737113643,0.2803893918125266,0.36803675724806495
LA0407,shade,high,amphi,10,gmax,2.9098775728127038,2.7240846897620723,3.0961099055080328
LA0407,shade,low,pseudohypo,10,tau,128.58019201566245,115.71354439837015,143.35502603653632
LA0407,shade,low,pseudohypo,10,lambda,1.0938619132321816,1.0462078219021231,1.142081982319826
LA0407,shade,low,pseudohypo,10,gcl,15.436211170935392,15.0828794332225,15.833278251281449
LA0407,shade,low,pseudohypo,10,gi,0.12149798835956463,0.10608700449019147,0.139180611772662
LA0407,shade,low,pseudohypo,10,gmax,1.953302309624717,1.8300684578228323,2.0782927429155915
LA0407,shade,high,pseudohypo,10,tau,178.1103564647612,160.1934383834403,198.5058693169914
LA0407,shade,high,pseudohypo,10,lambda,1.2076022701420592,1.153586193158418,1.26041222973322
LA0407,shade,high,pseudohypo,10,gcl,15.436211170935392,15.0828794332225,15.833278251281449
LA0407,shade,high,pseudohypo,10,gi,0.2590489551812701,0.22649764967470642,0.2972220170685922
LA0407,shade,high,pseudohypo,10,gmax,1.953302309624717,1.8300684578228323,2.0782927429155915
LA0429,shade,low,amphi,10,tau,124.31397547982797,114.54011250420109,136.62274182622554
LA0429,shade,low,amphi,10,lambda,1.0805854076525545,1.0382566297330356,1.1214504322691456
LA0429,shade,low,amphi,10,gcl,17.294103851849925,16.914328557260006,17.684259013450017
LA0429,shade,low,amphi,10,gi,0.1714145200492776,0.15095997454842427,0.19303157670778356
LA0429,shade,low,amphi,10,gmax,2.6674105116942086,2.5351794877935383,2.7996002729169263
LA0429,shade,high,amphi,10,tau,172.23214684575126,158.4844930999501,188.70864398986214
LA0429,shade,high,amphi,10,lambda,1.1924917693403083,1.1459316622821767,1.2370136111894796
LA0429,shade,high,amphi,10,gcl,17.294103851849925,16.914328557260006,17.684259013450017
LA0429,shade,high,amphi,10,gi,0.36487073347146193,0.322400600604247,0.4104421022300689
LA0429,shade,high,amphi,10,gmax,2.6674105116942086,2.5351794877935383,2.7996002729169263
LA0429,shade,low,pseudohypo,10,tau,125.90787080567252,115.87071121478367,138.13387326909728
LA0429,shade,low,pseudohypo,10,lambda,1.0584923698908952,1.0161834784266397,1.0980682316967887
LA0429,shade,low,pseudohypo,10,gcl,16.28715872017111,15.923703923312903,16.650851202200688
LA0429,shade,low,pseudohypo,10,gi,0.13784942326607633,0.12106488226073597,0.1552870176610561
LA0429,shade,low,pseudohypo,10,gmax,1.7915651730659792,1.7027468662374503,1.8804503867586904
LA0429,shade,high,pseudohypo,10,tau,174.4171650383595,160.50784129003313,191.2967752207112
LA0429,shade,high,pseudohypo,10,lambda,1.1686594769894136,1.1225364606003714,1.2134718174389807
LA0429,shade,high,pseudohypo,10,gcl,16.28715872017111,15.923703923312903,16.650851202200688
LA0429,shade,high,pseudohypo,10,gi,0.2938010076600335,0.2584602868261678,0.33070894738956746
LA0429,shade,high,pseudohypo,10,gmax,1.7915651730659792,1.7027468662374503,1.8804503867586904
LA0429,sun,low,amphi,10,tau,124.04355253120114,114.33827359157257,136.25666592292984
LA0429,sun,low,amphi,10,lambda,1.1782045682814468,1.1305882141263224,1.2224066266727736
LA0429,sun,low,amphi,10,gcl,19.392672799912184,18.960707035813115,19.82348009584779
LA0429,sun,low,amphi,10,gi,0.24241617899147283,0.21406315745129273,0.27356012293166593
LA0429,sun,low,amphi,10,gmax,4.8921765049545645,4.651825495907293,5.129293704144556
LA0429,sun,high,amphi,10,tau,171.8104337569896,158.23189640716853,188.8669797165266
LA0429,sun,high,amphi,10,lambda,1.3001305531641598,1.2479858064039508,1.3494134501807822
LA0429,sun,high,amphi,10,gcl,19.392672799912184,18.960707035813115,19.82348009584779
LA0429,sun,high,amphi,10,gi,0.5165268759619102,0.4566417567173985,0.58303677998281
LA0429,sun,high,amphi,10,gmax,4.8921765049545645,4.651825495907293,5.129293704144556
LA0429,sun,low,pseudohypo,10,tau,125.64986011555952,115.45968193453203,138.28632860038732
LA0429,sun,low,pseudohypo,10,lambda,1.1545732153708708,1.1072693949075327,1.1966742265277313
LA0429,sun,low,pseudohypo,10,gcl,18.262761519469578,17.865227375994653,18.6661604439462
LA0429,sun,low,pseudohypo,10,gi,0.19533380205053413,0.17210726076942326,0.22014776587753837
LA0429,sun,low,pseudohypo,10,gmax,3.2853589155907943,3.121853536036555,3.447758898732464
LA0429,sun,high,pseudohypo,10,tau,173.99594037944658,160.1914880688478,191.08820281298452
LA0429,sun,high,pseudohypo,10,lambda,1.2738454881711718,1.2237354121130701,1.321098711355058
LA0429,sun,high,pseudohypo,10,gcl,18.262761519469578,17.865227375994653,18.6661604439462
LA0429,sun,high,pseudohypo,10,gi,0.41616015243186,0.3669631359474055,0.46890866679939947
LA0429,sun,high,pseudohypo,10,gmax,3.2853589155907943,3.121853536036555,3.447758898732464
LA0436,shade,low,amphi,8,tau,116.76263588040233,106.62070001615497,127.44169216015052
LA0436,shade,low,amphi,8,lambda,1.0945361945148966,1.052263154238984,1.1421705655125596
LA0436,shade,low,amphi,8,gcl,17.5632749958862,17.17573613570139,17.976321526230773
LA0436,shade,low,amphi,8,gi,0.15633394675589035,0.1355619514433927,0.17929047819392555
LA0436,shade,low,amphi,8,gmax,2.8345617330146804,2.6859907895175326,3.0060968126272796
LA0436,shade,high,amphi,8,tau,161.83559228989725,147.61578725420225,176.37788086409591
LA0436,shade,high,amphi,8,lambda,1.207654092494338,1.1617864448913902,1.2615690554405834
LA0436,shade,high,amphi,8,gcl,17.5632749958862,17.17573613570139,17.976321526230773
LA0436,shade,high,amphi,8,gi,0.33331350181266045,0.29005827249481186,0.38050431943403284
LA0436,shade,high,amphi,8,gmax,2.8345617330146804,2.6859907895175326,3.0060968126272796
LA0436,shade,low,pseudohypo,8,tau,118.21105015440585,108.00697576478468,128.88262584320367
LA0436,shade,low,pseudohypo,8,lambda,1.0726788306041404,1.0313039830959223,1.1191974196772125
LA0436,shade,low,pseudohypo,8,gcl,16.544339116993886,16.182228482380605,16.91907921677647
LA0436,shade,low,pseudohypo,8,gi,0.12598698449814458,0.10914018524883264,0.14419597592533615
LA0436,shade,low,pseudohypo,8,gmax,1.9022399519149922,1.8045865407510078,2.0219618985021657
LA0436,shade,high,pseudohypo,8,tau,163.91754110925118,149.49079088019235,178.56879882761723
LA0436,shade,high,pseudohypo,8,lambda,1.18368881803467,1.1391479173460644,1.2344725176229656
LA0436,shade,high,pseudohypo,8,gcl,16.544339116993886,16.182228482380605,16.91907921677647
LA0436,shade,high,pseudohypo,8,gi,0.26848747652124044,0.233235872184904,0.306483383485775
LA0436,shade,high,pseudohypo,8,gmax,1.9022399519149922,1.8045865407510078,2.0219618985021657
LA0436,sun,low,amphi,8,tau,116.56890265325522,106.58517953973545,127.11035036804988
LA0436,sun,low,amphi,8,lambda,1.1931311624695964,1.1469128414656808,1.245624202643979
LA0436,sun,low,amphi,8,gcl,19.699749255190106,19.26346569289155,20.142944275942305
LA0436,sun,low,amphi,8,gi,0.22127553131005828,0.1922626388480302,0.25261561823327955
LA0436,sun,low,amphi,8,gmax,5.193672987014309,4.918256498983591,5.5103523154848135
LA0436,sun,high,amphi,10,tau,161.60313354137185,147.6725104112824,176.11002917252677
LA0436,sun,high,amphi,10,lambda,1.3169660572745625,1.2657718348124063,1.3751490883862219
LA0436,sun,high,amphi,10,gcl,19.699749255190106,19.26346569289155,20.142944275942305
LA0436,sun,high,amphi,10,gi,0.47213042826455837,0.4098682825592913,0.5381882050157283
LA0436,sun,high,amphi,10,gmax,5.193672987014309,4.918256498983591,5.5103523154848135
LA0436,sun,low,pseudohypo,8,tau,117.93391561396098,107.94911129116991,128.88109623388456
LA0436,sun,low,pseudohypo,8,lambda,1.1687120614623467,1.123672396561469,1.2186784291396786
LA0436,sun,low,pseudohypo,8,gcl,18.554316028685953,18.13321118087877,18.959999881464437
LA0436,sun,low,pseudohypo,8,gi,0.17827846277017373,0.15466131021566576,0.2034816763372213
LA0436,sun,low,pseudohypo,8,gmax,3.486275727017779,3.3011837075984887,3.7052436877233683
LA0436,sun,high,pseudohypo,10,tau,163.60412393341576,149.43938256888498,178.0773571924712
LA0436,sun,high,pseudohypo,10,lambda,1.2902504695726666,1.2391973295304919,1.3462113561431825
LA0436,sun,high,pseudohypo,10,gcl,18.554316028685953,18.13321118087877,18.959999881464437
LA0436,sun,high,pseudohypo,10,gi,0.3803722081585457,0.3295438259248793,0.43419448750254397
LA0436,sun,high,pseudohypo,10,gmax,3.486275727017779,3.3011837075984887,3.7052436877233683
LA0444,shade,low,amphi,10,tau,124.57812919082484,112.23820714390355,138.4906961960441
LA0444,shade,low,amphi,10,lambda,1.0657236072080716,1.0205596452343988,1.1106896181160262
LA0444,shade,low,amphi,10,gcl,18.408474479989877,17.969525135763064,18.861800946654313
LA0444,shade,low,amphi,10,gi,0.16231145131192926,0.14243960441939477,0.1852773305647442
LA0444,shade,low,amphi,10,gmax,2.4450092667464483,2.3100463196980385,2.5806669062432634
LA0444,shade,high,amphi,9,tau,172.6809824207727,155.90735765395206,192.0011338821554
LA0444,shade,high,amphi,9,lambda,1.1766428669899673,1.1263157361819522,1.2264467368758938
LA0444,shade,high,amphi,9,gcl,18.408474479989877,17.969525135763064,18.861800946654313
LA0444,shade,high,amphi,9,gi,0.3463490925688724,0.3032879333472066,0.3951778496937364
LA0444,shade,high,amphi,9,gmax,2.4450092667464483,2.3100463196980385,2.5806669062432634
LA0444,shade,low,pseudohypo,10,tau,126.15717479570353,113.74578115459634,140.30568301601107
LA0444,shade,low,pseudohypo,10,lambda,1.044340796680809,0.9985632632493995,1.0877808485472105
LA0444,shade,low,pseudohypo,10,gcl,17.336110765535025,16.908807132416396,17.771130187431282
LA0444,shade,low,pseudohypo,10,gi,0.13083965154894006,0.11455332885505962,0.14913478500340285
LA0444,shade,low,pseudohypo,10,gmax,1.6411729227441996,1.549538553867009,1.7311513880022
LA0444,shade,high,pseudohypo,9,tau,174.81426637829364,158.1495229401635,194.65833689003935
LA0444,shade,high,pseudohypo,9,lambda,1.1526137452726382,1.1027804356969426,1.201555822991643
LA0444,shade,high,pseudohypo,9,gcl,17.336110765535025,16.908807132416396,17.771130187431282
LA0444,shade,high,pseudohypo,9,gi,0.27900620718035274,0.2439051745465017,0.3175501497671432
LA0444,shade,high,pseudohypo,9,gmax,1.6411729227441996,1.549538553867009,1.7311513880022
LA0444,sun,low,amphi,9,tau,124.40697976199793,112.2724590171815,138.33496044581872
LA0444,sun,low,amphi,9,lambda,1.161705195979474,1.1125136959224884,1.2107883008537113
LA0444,sun,low,amphi,9,gcl,20.63683263229762,20.169187870470928,21.141772563537344
LA0444,sun,low,amphi,9,gi,0.23002842942543844,0.20158869118919795,0.2628694807368791
LA0444,sun,low,amphi,9,gmax,4.482616214814257,4.229499177523338,4.731905165442332
LA0444,sun,high,amphi,10,tau,172.3198639198381,155.35238763734736,191.30536554981055
LA0444,sun,high,amphi,10,lambda,1.2823252328654053,1.228115699914676,1.336406593690161
LA0444,sun,high,amphi,10,gcl,20.63683263229762,20.169187870470928,21.141772563537344
LA0444,sun,high,amphi,10,gi,0.49015464408267384,0.4301708252441158,0.5611282016930157
LA0444,sun,high,amphi,10,gmax,4.482616214814257,4.229499177523338,4.731905165442332
LA0444,sun,low,pseudohypo,9,tau,125.82991704341757,113.88615750738919,140.15916623798284
LA0444,sun,low,pseudohypo,9,lambda,1.1379323232120129,1.0889812223579771,1.1863433082737083
LA0444,sun,low,pseudohypo,9,gcl,19.43658124142245,18.97400180351323,19.922794016138095
LA0444,sun,low,pseudohypo,9,gi,0.18523491455930927,0.1626838404269029,0.21159166901293783
LA0444,sun,low,pseudohypo,9,gmax,3.00807548809812,2.8416218453223894,3.176726367124831
LA0444,sun,high,pseudohypo,10,tau,174.39010781002852,157.54191651802782,193.91629650173365
LA0444,sun,high,pseudohypo,10,lambda,1.2562238377097286,1.2026002974183077,1.3088986918420147
LA0444,sun,high,pseudohypo,10,gcl,19.43658124142245,18.97400180351323,19.922794016138095
LA0444,sun,high,pseudohypo,10,gi,0.39444158467298657,0.34640919426868866,0.4498354324257374
LA0444,sun,high,pseudohypo,10,gmax,3.00807548809812,2.8416218453223894,3.176726367124831
LA0716,shade,low,amphi,10,tau,193.0885760131781,173.95399668390328,212.49277868579347
LA0716,shade,low,amphi,10,lambda,1.1100012624359161,1.0655118940915906,1.1577590478356212
LA0716,shade,low,amphi,10,gcl,21.31186157138033,20.865296039550042,21.78470361182131
LA0716,shade,low,amphi,10,gi,0.15412045630748616,0.13537291816659439,0.17413381434477254
LA0716,shade,low,amphi,10,gmax,2.2806549501428197,2.159780902773176,2.407749176420016
LA0716,shade,high,amphi,9,tau,267.4243802840619,240.95182010969233,293.974845388433
LA0716,shade,high,amphi,9,lambda,1.2252217031623536,1.1766976282607615,1.2777058902882363
LA0716,shade,high,amphi,9,gcl,21.31186157138033,20.865296039550042,21.78470361182131
LA0716,shade,high,amphi,9,gi,0.3283790521811819,0.28805225622635117,0.37061306845949926
LA0716,shade,high,amphi,9,gmax,2.2806549501428197,2.159780902773176,2.407749176420016
LA0716,shade,low,pseudohypo,10,tau,195.48816211291668,176.17959530408964,214.89665100031647
LA0716,shade,low,pseudohypo,10,lambda,1.0869780593831087,1.044509263901888,1.1329561083246265
LA0716,shade,low,pseudohypo,10,gcl,20.07186456435349,19.644411192472283,20.51157233667834
LA0716,shade,low,pseudohypo,10,gi,0.12396432368400119,0.10914345412900704,0.14054275500354302
LA0716,shade,low,pseudohypo,10,gmax,1.5315470556151851,1.4509861242229212,1.61291201373132
LA0716,shade,high,pseudohypo,9,tau,270.9128793784245,243.7465831260069,298.35632667167596
LA0716,shade,high,pseudohypo,9,lambda,1.1996136096380168,1.152193282504663,1.2511795610496008
LA0716,shade,high,pseudohypo,9,gcl,20.07186456435349,19.644411192472283,20.51157233667834
LA0716,shade,high,pseudohypo,9,gi,0.26426933796280994,0.2322075645242893,0.29861390900355783
LA0716,shade,high,pseudohypo,9,gmax,1.5315470556151851,1.4509861242229212,1.61291201373132
LA0716,sun,low,amphi,9,tau,192.84892383584497,174.04596125813288,212.44775944965397
LA0716,sun,low,amphi,9,lambda,1.210231195385579,1.1620962562082349,1.2627352673261762
LA0716,sun,low,amphi,9,gcl,23.893809128440875,23.397822377087415,24.428211101315174
LA0716,sun,low,amphi,9,gi,0.21797044397084098,0.19139973139675587,0.24759254684996998
LA0716,sun,low,amphi,9,gmax,4.177433502719094,3.9636230590924617,4.413043709338017
LA0716,sun,high,amphi,10,tau,267.11613443601027,241.28815657800283,293.65330297964033
LA0716,sun,high,amphi,10,lambda,1.3356203466734393,1.2833417901073938,1.3925530731775762
LA0716,sun,high,amphi,10,gcl,23.893809128440875,23.397822377087415,24.428211101315174
LA0716,sun,high,amphi,10,gi,0.46469530694460565,0.4080382030183692,0.5286763659322715
LA0716,sun,high,amphi,10,gmax,4.177433502719094,3.9636230590924617,4.413043709338017
LA0716,sun,low,pseudohypo,9,tau,195.25643567469035,175.89711695964192,214.57661772972796
LA0716,sun,low,pseudohypo,9,lambda,1.1854236927402313,1.138007320133597,1.2357384260910949
LA0716,sun,low,pseudohypo,9,gcl,22.507122823589597,22.03414345353187,22.999880459497714
LA0716,sun,low,pseudohypo,9,gi,0.17542912014024176,0.15419969768393477,0.19913069304610004
LA0716,sun,low,pseudohypo,9,gmax,2.8063955134238983,2.6571331907700872,2.961857794548559
LA0716,sun,high,pseudohypo,10,tau,270.66845174436173,244.0021250686327,297.5318428372731
LA0716,sun,high,pseudohypo,10,lambda,1.3075632883061672,1.2555082834274713,1.3630459947618034
LA0716,sun,high,pseudohypo,10,gcl,22.507122823589597,22.03414345353187,22.999880459497714
LA0716,sun,high,pseudohypo,10,gi,0.3740381740963625,0.32910947355394,0.4248036878128799
LA0716,sun,high,pseudohypo,10,gmax,2.8063955134238983,2.6571331907700872,2.961857794548559
LA0750,shade,low,amphi,10,tau,182.37394292465214,165.23886220149453,200.98791160027315
LA0750,shade,low,amphi,10,lambda,1.1210489544096578,1.0759929435387245,1.163714568320882
LA0750,shade,low,amphi,10,gcl,21.302112666129155,20.84657490481211,21.74415918734585
LA0750,shade,low,amphi,10,gi,0.15080967343781881,0.132718205710718,0.17046662362054202
LA0750,shade,low,amphi,10,gmax,2.100460160977164,1.9956840650141876,2.208632877727369
LA0750,shade,high,amphi,9,tau,252.55135584956597,229.3169760308056,278.91431944429564
LA0750,shade,high,amphi,9,lambda,1.23679466953039,1.188485102760073,1.2846321312322322
LA0750,shade,high,amphi,9,gcl,21.302112666129155,20.84657490481211,21.74415918734585
LA0750,shade,high,amphi,9,gi,0.32138049669912894,0.28203484856424854,0.36327311440797944
LA0750,shade,high,amphi,9,gmax,2.100460160977164,1.9956840650141876,2.208632877727369
LA0750,shade,low,pseudohypo,10,tau,184.53506677532977,167.80121723466448,203.5058532497294
LA0750,shade,low,pseudohypo,10,lambda,1.0978882838573396,1.0549254986380672,1.141016231116186
LA0750,shade,low,pseudohypo,10,gcl,20.064228140002005,19.630753551010727,20.471417973294688
LA0750,shade,low,pseudohypo,10,gi,0.12137481488756607,0.10672073506212543,0.13725373653353776
LA0750,shade,low,pseudohypo,10,gmax,1.4099277115901097,1.3413195774412505,1.48249139909403
LA0750,shade,high,pseudohypo,9,tau,255.61832625666577,232.0555193591602,282.20304038557276
LA0750,shade,high,pseudohypo,9,lambda,1.2108840598605917,1.1636955341183597,1.2590923949822588
LA0750,shade,high,pseudohypo,9,gcl,20.064228140002005,19.630753551010727,20.471417973294688
LA0750,shade,high,pseudohypo,9,gi,0.258665207782252,0.22731190642474225,0.2924674919263277
LA0750,shade,high,pseudohypo,9,gmax,1.4099277115901097,1.3413195774412505,1.48249139909403
LA0750,sun,high,amphi,11,tau,252.3777207106903,230.27190918354873,278.4096657260799
LA0750,sun,high,amphi,11,lambda,1.3484574882835871,1.2963721868325826,1.4006644770384273
LA0750,sun,high,amphi,11,gcl,23.885864312469426,23.381976080001145,24.377689701515525
LA0750,sun,high,amphi,11,gi,0.45511003263513966,0.4000721672590207,0.5167610050811099
LA0750,sun,high,amphi,11,gmax,3.848910327421302,3.6592311682867265,4.0438392781586865
LA0750,sun,high,pseudohypo,11,tau,255.37055582864718,232.3800553470683,281.8784046431833
LA0750,sun,high,pseudohypo,11,lambda,1.3202927929879351,1.2688951530894388,1.3729571448315938
LA0750,sun,high,pseudohypo,11,gcl,22.491360424783203,22.02445525421308,22.95961825738197
LA0750,sun,high,pseudohypo,11,gi,0.36639178821876695,0.3224877468602151,0.4160247849037852
LA0750,sun,high,pseudohypo,11,gmax,2.5838354175673897,2.459597679252457,2.7179926656800046
LA0750,sun,low,amphi,9,tau,182.1420972163142,165.5239669564769,200.91190047650667
LA0750,sun,low,amphi,9,lambda,1.2217237186387047,1.1747641008276994,1.2700663032628279
LA0750,sun,low,amphi,9,gcl,23.885864312469426,23.381976080001145,24.377689701515525
LA0750,sun,low,amphi,9,gi,0.21349586354449468,0.18742927161774237,0.24187477984501346
LA0750,sun,low,amphi,9,gmax,3.848910327421302,3.6592311682867265,4.0438392781586865
LA0750,sun,low,pseudohypo,9,tau,184.3972080823927,168.00461244918907,203.64240022554839
LA0750,sun,low,pseudohypo,9,lambda,1.1965791019456278,1.1504222523198562,1.2451743218950504
LA0750,sun,low,pseudohypo,9,gcl,22.491360424783203,22.02445525421308,22.95961825738197
LA0750,sun,low,pseudohypo,9,gi,0.17199323816253126,0.15080956553504415,0.19501710034234152
LA0750,sun,low,pseudohypo,9,gmax,2.5838354175673897,2.459597679252457,2.7179926656800046
LA1028,shade,low,amphi,10,tau,205.37005703675595,186.0855031873727,229.08530262725932
LA1028,shade,low,amphi,10,lambda,1.2532525146132019,1.2017847316967278,1.307406668742649
LA1028,shade,low,amphi,10,gcl,23.301314143738583,22.78713009682397,23.817356922721974
LA1028,shade,low,amphi,10,gi,0.2196255276441784,0.19318009556732624,0.2511095723011679
LA1028,shade,low,amphi,10,gmax,3.0343848976996624,2.8791691816898743,3.191191213572444
LA1028,shade,high,amphi,10,tau,284.82052229548344,258.1834577800923,317.7165146184823
LA1028,shade,high,amphi,10,lambda,1.382550690502028,1.3274340797545103,1.4423703220548632
LA1028,shade,high,amphi,10,gcl,23.301314143738583,22.78713009682397,23.817356922721974
LA1028,shade,high,amphi,10,gi,0.4684096694021201,0.4119395594122002,0.5344508037130252
LA1028,shade,high,amphi,10,gmax,3.0343848976996624,2.8791691816898743,3.191191213572444
LA1028,shade,low,pseudohypo,10,tau,208.1508801166324,188.0161211968403,231.80024743891943
LA1028,shade,low,pseudohypo,10,lambda,1.227393378221914,1.176497764331695,1.2804276750400059
LA1028,shade,low,pseudohypo,10,gcl,21.950499111992055,21.469709230201627,22.450786527341016
LA1028,shade,low,pseudohypo,10,gi,0.1770840409440965,0.15546305153564366,0.20184469561987653
LA1028,shade,low,pseudohypo,10,gmax,2.037689218711151,1.937424524955641,2.1436275298558978
LA1028,shade,high,pseudohypo,10,tau,288.5025683295032,260.85532431407125,321.4950616671444
LA1028,shade,high,pseudohypo,10,lambda,1.354453730364806,1.2990972740491273,1.4120623514736017
LA1028,shade,high,pseudohypo,10,gcl,21.950499111992055,21.469709230201627,22.450786527341016
LA1028,shade,high,pseudohypo,10,gi,0.3771761095584509,0.33175275902521695,0.4306027245663368
LA1028,shade,high,pseudohypo,10,gmax,2.037689218711151,1.937424524955641,2.1436275298558978
LA1028,sun,low,amphi,7,tau,205.20981109528518,185.74013640491853,229.28914475474272
LA1028,sun,low,amphi,7,lambda,1.3659934166194798,1.3109674076904994,1.4256403603192447
LA1028,sun,low,amphi,7,gcl,26.130394904824307,25.535829931000446,26.737409538272928
LA1028,sun,low,amphi,7,gi,0.31129477970918396,0.27158855843172064,0.3562249017888824
LA1028,sun,low,amphi,7,gmax,5.562522964871161,5.268183774061113,5.85509938171243
LA1028,sun,high,amphi,7,tau,284.40445462935793,257.28403124652925,317.61260026325556
LA1028,sun,high,amphi,7,lambda,1.5071353725495777,1.447478895482265,1.574291690754789
LA1028,sun,high,amphi,7,gcl,26.130394904824307,25.535829931000446,26.737409538272928
LA1028,sun,high,amphi,7,gi,0.6631914544982656,0.5788016343163463,0.75773499351167
LA1028,sun,high,amphi,7,gmax,5.562522964871161,5.268183774061113,5.85509938171243
LA1028,sun,low,pseudohypo,7,tau,207.71826627648164,187.79873723764965,232.2322353593684
LA1028,sun,low,pseudohypo,7,lambda,1.337803866256716,1.2832419785437204,1.3978797904252183
LA1028,sun,low,pseudohypo,7,gcl,24.61238922024224,24.063226068666197,25.165501233828564
LA1028,sun,low,pseudohypo,7,gi,0.25069511448569876,0.21868751621660384,0.2868138586561394
LA1028,sun,low,pseudohypo,7,gmax,3.732952274712206,3.543399106499204,3.929749833990819
LA1028,sun,high,pseudohypo,7,tau,287.7381328528727,259.79169177497556,321.6200014670543
LA1028,sun,high,pseudohypo,7,lambda,1.476194523969172,1.4169031679631605,1.5421286734753923
LA1028,sun,high,pseudohypo,7,gcl,24.61238922024224,24.063226068666197,25.165501233828564
LA1028,sun,high,pseudohypo,7,gi,0.5338473760577988,0.4665699457430839,0.6111113866751031
LA1028,sun,high,pseudohypo,7,gmax,3.732952274712206,3.543399106499204,3.929749833990819
LA1044,shade,low,amphi,10,tau,132.75952912248667,122.05862048563776,145.00283030985153
LA1044,shade,low,amphi,10,lambda,1.105419350860045,1.061360966801751,1.151353290552936
LA1044,shade,low,amphi,10,gcl,18.628685623233434,18.23358005830736,19.032639467849798
LA1044,shade,low,amphi,10,gi,0.21890647580426797,0.19053920072038852,0.25184377608027325
LA1044,shade,low,amphi,10,gmax,2.5667845530589077,2.4410694641938178,2.6980967635003785
LA1044,shade,high,amphi,10,tau,184.03648612897726,169.296254879148,200.99860359881131
LA1044,shade,high,amphi,10,lambda,1.2203865447315563,1.170716846021711,1.2703362235460307
LA1044,shade,high,amphi,10,gcl,18.628685623233434,18.23358005830736,19.032639467849798
LA1044,shade,high,amphi,10,gi,0.46682411554345277,0.40680005745347947,0.5359830244312965
LA1044,shade,high,amphi,10,gmax,2.5667845530589077,2.4410694641938178,2.6980967635003785
LA1044,shade,low,pseudohypo,10,tau,134.5713505295271,123.58178786075129,146.9328494594629
LA1044,shade,low,pseudohypo,10,lambda,1.082877082771919,1.040761816727037,1.128148125103637
LA1044,shade,low,pseudohypo,10,gcl,17.548460275090864,17.173886541197454,17.923333486067424
LA1044,shade,low,pseudohypo,10,gi,0.1764463010046457,0.15352293109440965,0.20224276595905613
LA1044,shade,low,pseudohypo,10,gmax,1.7241363214806271,1.6394262210408528,1.8098685465457405
LA1044,shade,high,pseudohypo,10,tau,186.33256024718924,171.36279357464335,203.3237311160351
LA1044,shade,high,pseudohypo,10,lambda,1.1952551995646334,1.1475970804811666,1.2447621918166851
LA1044,shade,high,pseudohypo,10,gcl,17.548460275090864,17.173886541197454,17.923333486067424
LA1044,shade,high,pseudohypo,10,gi,0.3763694606213514,0.32764820010771234,0.4309754172383458
LA1044,shade,high,pseudohypo,10,gmax,1.7241363214806271,1.6394262210408528,1.8098685465457405
LA1044,sun,low,amphi,11,tau,132.6982302039667,121.97968448336823,144.59483779095285
LA1044,sun,low,amphi,11,lambda,1.2051430968972896,1.1566409471447041,1.2543425097179475
LA1044,sun,low,amphi,11,gcl,20.88623348156816,20.446992649183834,21.3213107640938
LA1044,sun,low,amphi,11,gi,0.31031361720230694,0.26964269079733677,0.3566455893048357
LA1044,sun,low,amphi,11,gmax,4.703871981223323,4.4731523515176015,4.938813730937761
LA1044,sun,high,amphi,11,tau,183.8648492878572,168.92286950770205,200.54645638334523
LA1044,sun,high,amphi,11,lambda,1.329385550561664,1.276158610627459,1.3842178194661614
LA1044,sun,high,amphi,11,gcl,20.88623348156816,20.446992649183834,21.3213107640938
LA1044,sun,high,amphi,11,gi,0.6612605158164818,0.5766457659976272,0.7574646487154932
LA1044,sun,high,amphi,11,gmax,4.703871981223323,4.4731523515176015,4.938813730937761
LA1044,sun,low,pseudohypo,11,tau,134.32326446021997,123.26414192506152,146.47600720138107
LA1044,sun,low,pseudohypo,11,lambda,1.1802451073816214,1.1340073041671483,1.2296224639651467
LA1044,sun,low,pseudohypo,11,gcl,19.674910077517282,19.270859875464758,20.083864575601897
LA1044,sun,low,pseudohypo,11,gi,0.24985263148200956,0.21761843922609356,0.2862599405226399
LA1044,sun,low,pseudohypo,11,gmax,3.1594194123520225,2.9980774158639614,3.3169092186344487
LA1044,sun,high,pseudohypo,11,tau,186.13077174549184,171.39120294026327,203.16025467242238
LA1044,sun,high,pseudohypo,11,lambda,1.3025766779126877,1.2512206548826545,1.3561318045977873
LA1044,sun,high,pseudohypo,11,gcl,19.674910077517282,19.270859875464758,20.083864575601897
LA1044,sun,high,pseudohypo,11,gi,0.5327991804242047,0.4644858620095328,0.6093068815660937
LA1044,sun,high,pseudohypo,11,gmax,3.1594194123520225,2.9980774158639614,3.3169092186344487
LA1269,shade,low,amphi,9,tau,115.03374832690213,104.94597719247109,126.67562450230754
LA1269,shade,low,amphi,9,lambda,1.1356827752821759,1.0920727745152874,1.1850093581535208
LA1269,shade,low,amphi,9,gcl,19.137912599688946,18.723027347395174,19.558955529126212
LA1269,shade,low,amphi,9,gi,0.18750143570643502,0.16525782998255945,0.21322482421833427
LA1269,shade,low,amphi,9,gmax,2.525369480668737,2.3898715301539264,2.6650681395969347
LA1269,shade,high,amphi,10,tau,159.36928446114538,145.38684697299243,175.28055571884494
LA1269,shade,high,amphi,10,lambda,1.2536193407112306,1.2064682657794308,1.308004023839247
LA1269,shade,high,amphi,10,gcl,19.137912599688946,18.723027347395174,19.558955529126212
LA1269,shade,high,amphi,10,gi,0.3993539825851518,0.35334425575774364,0.4557015911646806
LA1269,shade,high,amphi,10,gmax,2.525369480668737,2.3898715301539264,2.6650681395969347
LA1269,shade,low,pseudohypo,9,tau,116.44947188029748,106.28976974862677,128.04299655131652
LA1269,shade,low,pseudohypo,9,lambda,1.1123852989096095,1.0684997678036097,1.1615855332861342
LA1269,shade,low,pseudohypo,9,gcl,18.024908601386716,17.630293977825787,18.420561474063383
LA1269,shade,low,pseudohypo,9,gi,0.15100486245453704,0.13340704459652605,0.17148925182318767
LA1269,shade,low,pseudohypo,9,gmax,1.6950834105742993,1.6029590226862407,1.789778336272672
LA1269,shade,high,pseudohypo,10,tau,161.25829985634522,147.13344769714078,177.51809587928972
LA1269,shade,high,pseudohypo,10,lambda,1.2281005419868272,1.1802633218128142,1.278775927949898
LA1269,shade,high,pseudohypo,10,gcl,18.024908601386716,17.630293977825787,18.420561474063383
LA1269,shade,high,pseudohypo,10,gi,0.3216949741964517,0.28502211929819354,0.3657837906090132
LA1269,shade,high,pseudohypo,10,gmax,1.6950834105742993,1.6029590226862407,1.789778336272672
LA1269,sun,low,amphi,6,tau,114.92389974300505,104.5550798077649,126.4870299068885
LA1269,sun,low,amphi,6,lambda,1.2382051014007698,1.1906534579369117,1.291604458096189
LA1269,sun,low,amphi,6,gcl,21.44852506561383,20.973046464202834,21.94811260397107
LA1269,sun,low,amphi,6,gi,0.26580933006350255,0.23442164251920544,0.30257268550147176
LA1269,sun,low,amphi,6,gmax,4.627771022955015,4.377030925140692,4.884308510175131
LA1269,sun,high,amphi,9,tau,159.24752634587352,145.1112129317843,174.99506666808114
LA1269,sun,high,amphi,9,lambda,1.3658438833818454,1.3144665529666582,1.4259720383910615
LA1269,sun,high,amphi,9,gcl,21.44852506561383,20.973046464202834,21.94811260397107
LA1269,sun,high,amphi,9,gi,0.5657545613599363,0.5026068782261448,0.6451065222706812
LA1269,sun,high,amphi,9,gmax,4.627771022955015,4.377030925140692,4.884308510175131
LA1269,sun,low,pseudohypo,6,tau,116.33591626845681,105.95737330631836,127.75409906730584
LA1269,sun,low,pseudohypo,6,lambda,1.2121593502392078,1.1641107783632056,1.2662125279483367
LA1269,sun,low,pseudohypo,6,gcl,20.204343162685948,19.76180830744935,20.66382220525938
LA1269,sun,low,pseudohypo,6,gi,0.21358401832203947,0.18917870456073257,0.24318121433789266
LA1269,sun,low,pseudohypo,6,gmax,3.1084029088329115,2.936442832185895,3.2801592907478803
LA1269,sun,high,pseudohypo,9,tau,161.17779683689432,147.01939117338182,177.20652569983528
LA1269,sun,high,pseudohypo,9,lambda,1.338130515212138,1.287595095151332,1.3964354779581312
LA1269,sun,high,pseudohypo,9,gcl,20.204343162685948,19.76180830744935,20.66382220525938
LA1269,sun,high,pseudohypo,9,gi,0.4553294541464086,0.40456706529163117,0.5195214320861813
LA1269,sun,high,pseudohypo,9,gmax,3.1084029088329115,2.936442832185895,3.2801592907478803
LA1316,shade,low,amphi,10,tau,179.35812962207316,162.84483988465126,196.7254181197044
LA1316,shade,low,amphi,10,lambda,1.183363869266869,1.1351604535340012,1.2306108216417346
LA1316,shade,low,amphi,10,gcl,20.65341580472487,20.229181200146062,21.0880052026718
LA1316,shade,low,amphi,10,gi,0.21491993232632692,0.18961505681558466,0.24319205835830754
LA1316,shade,low,amphi,10,gmax,2.987281249195038,2.845685770871909,3.134451405817621
LA1316,shade,low,pseudohypo,10,tau,181.50873692117608,164.85884972992946,199.4507997912951
LA1316,shade,low,pseudohypo,10,lambda,1.1590761973097885,1.1129614511059247,1.2053443158843127
LA1316,shade,low,pseudohypo,10,gcl,19.45051095501266,19.05580283644012,19.85898349212319
LA1316,shade,low,pseudohypo,10,gi,0.17290382749385513,0.15262401337814813,0.19608690788179964
LA1316,shade,low,pseudohypo,10,gmax,2.0052942089007857,1.91356722418931,2.105677954915972
LA1316,shade,high,amphi,9,tau,248.28824216533252,225.14752480930252,272.61429365795817
LA1316,shade,high,amphi,9,lambda,1.3061673391432724,1.2537093232879069,1.3571507410578645
LA1316,shade,high,amphi,9,gcl,20.65341580472487,20.229181200146062,21.0880052026718
LA1316,shade,high,amphi,9,gi,0.458397269173383,0.40553147461150685,0.5189359416770787
LA1316,shade,high,amphi,9,gmax,2.987281249195038,2.845685770871909,3.134451405817621
LA1316,shade,high,pseudohypo,9,tau,251.33212315848348,228.13020524688167,276.3913113576009
LA1316,shade,high,pseudohypo,9,lambda,1.2791679200214554,1.2270645641027818,1.3314104419905772
LA1316,shade,high,pseudohypo,9,gcl,19.45051095501266,19.05580283644012,19.85898349212319
LA1316,shade,high,pseudohypo,9,gi,0.36878809986412475,0.3265405347126654,0.4189472120218073
LA1316,shade,high,pseudohypo,9,gmax,2.0052942089007857,1.91356722418931,2.105677954915972
LA1316,sun,low,amphi,9,tau,179.07619061266158,162.05146765776374,196.7076839117067
LA1316,sun,low,amphi,9,lambda,1.2900847339083639,1.237190381062862,1.341986929674076
LA1316,sun,low,amphi,9,gcl,23.153947260260054,22.67359336766758,23.64275932341435
LA1316,sun,low,amphi,9,gi,0.3042882939804175,0.2686230047225497,0.34319705134408574
LA1316,sun,low,amphi,9,gmax,5.474569639743497,5.212509422410621,5.736414414470303
LA1316,sun,high,amphi,10,tau,248.27004245998094,225.68096836220744,273.5156789225893
LA1316,sun,high,amphi,10,lambda,1.4241237675791063,1.3671431924083564,1.4814598695459573
LA1316,sun,high,amphi,10,gcl,23.153947260260054,22.67359336766758,23.64275932341435
LA1316,sun,high,amphi,10,gi,0.6496979570837068,0.5737166485418649,0.7313459184011885
LA1316,sun,high,amphi,10,gmax,5.474569639743497,5.212509422410621,5.736414414470303
LA1316,sun,low,pseudohypo,9,tau,181.24391987282334,164.16340669250351,199.5135796489636
LA1316,sun,low,pseudohypo,9,lambda,1.2638107460665047,1.2121001832518958,1.3151277325171238
LA1316,sun,low,pseudohypo,9,gcl,21.80556435461582,21.353338301445234,22.272711571654877
LA1316,sun,low,pseudohypo,9,gi,0.24520551446781214,0.21663312521702727,0.2765079104241632
LA1316,sun,low,pseudohypo,9,gmax,3.6753962721201674,3.4978525842376804,3.857618088927629
LA1316,sun,high,pseudohypo,10,tau,251.05955258193677,227.93099559019703,276.29160353493296
LA1316,sun,high,pseudohypo,10,lambda,1.3944628040520213,1.3373268572776054,1.4519574791231862
LA1316,sun,high,pseudohypo,10,gcl,21.80556435461582,21.353338301445234,22.272711571654877
LA1316,sun,high,pseudohypo,10,gi,0.5221859413992294,0.4617501114215757,0.5908866646043534
LA1316,sun,high,pseudohypo,10,gmax,3.6753962721201674,3.4978525842376804,3.857618088927629
LA1322,shade,low,amphi,8,tau,162.82754503595817,148.54509288858395,178.96996159015382
LA1322,shade,low,amphi,8,lambda,1.2375161958313527,1.1895525387834958,1.2863714844428633
LA1322,shade,low,amphi,8,gcl,19.342053451791998,18.93370760758763,19.744485109810693
LA1322,shade,low,amphi,8,gi,0.1937666929109958,0.171916454487056,0.21978062487133138
LA1322,shade,low,amphi,8,gmax,2.7540886227871955,2.6178094138338888,2.9029005635966043
LA1322,shade,high,amphi,10,tau,225.5068745846289,205.6039304346937,248.1229799900275
LA1322,shade,high,amphi,10,lambda,1.3663202739323117,1.313098723434708,1.4195414296576996
LA1322,shade,high,amphi,10,gcl,19.342053451791998,18.93370760758763,19.744485109810693
LA1322,shade,high,amphi,10,gi,0.41309458804515853,0.3677136804938882,0.46873697505870454
LA1322,shade,high,amphi,10,gmax,2.7540886227871955,2.6178094138338888,2.9029005635966043
LA1322,shade,low,pseudohypo,8,tau,164.9125769688537,150.1061317117849,181.2668256156717
LA1322,shade,low,pseudohypo,8,lambda,1.2126373773923087,1.1649999705938074,1.2601471958097668
LA1322,shade,low,pseudohypo,8,gcl,18.21359182709187,17.834566992219017,18.62013801369393
LA1322,shade,low,pseudohypo,8,gi,0.15614836062926937,0.1384455588015474,0.1771866033334195
LA1322,shade,low,pseudohypo,8,gmax,1.8492696826880308,1.7565109182381407,1.94829004889865
LA1322,shade,high,pseudohypo,10,tau,228.3434390697362,207.9730567920262,251.4063586365028
LA1322,shade,high,pseudohypo,10,lambda,1.3387210242281902,1.2860302570321691,1.3897493206260951
LA1322,shade,high,pseudohypo,10,gcl,18.21359182709187,17.834566992219017,18.62013801369393
LA1322,shade,high,pseudohypo,10,gi,0.3328026625887268,0.29558296584633587,0.3767764253147891
LA1322,shade,high,pseudohypo,10,gmax,1.8492696826880308,1.7565109182381407,1.94829004889865
LA1322,sun,low,amphi,9,tau,162.6265474241468,148.22970478496595,178.70149868562387
LA1322,sun,low,amphi,9,lambda,1.3493489182995084,1.2965138154535383,1.4049012208365228
LA1322,sun,low,amphi,9,gcl,21.688129028881068,21.228738734715385,22.143170327799133
LA1322,sun,low,amphi,9,gi,0.2748221250754419,0.24288824358421537,0.31122281061429813
LA1322,sun,low,amphi,9,gmax,5.046684734567122,4.806795891725894,5.310685298409738
LA1322,sun,high,amphi,10,tau,225.217938741649,205.40640102968752,247.50037415264748
LA1322,sun,high,amphi,10,lambda,1.4896264470309306,1.4317820309986735,1.5493433319104384
LA1322,sun,high,amphi,10,gcl,21.688129028881068,21.228738734715385,22.143170327799133
LA1322,sun,high,amphi,10,gi,0.5856409713766064,0.5189788378905098,0.6631694348019073
LA1322,sun,high,amphi,10,gmax,5.046684734567122,4.806795891725894,5.310685298409738
LA1322,sun,low,pseudohypo,9,tau,164.79538783118582,150.0020660922371,181.1621724774187
LA1322,sun,low,pseudohypo,9,lambda,1.322110490251496,1.270270953238946,1.375392258296672
LA1322,sun,low,pseudohypo,9,gcl,20.427179050202295,19.998172972376,20.85902772089954
LA1322,sun,low,pseudohypo,9,gi,0.2213397240213965,0.19573592951196458,0.250641674411928
LA1322,sun,low,pseudohypo,9,gmax,3.387478374509983,3.2275471134147318,3.570193179206126
LA1322,sun,high,pseudohypo,10,tau,228.06676690133204,207.59939829474635,250.7742671998895
LA1322,sun,high,pseudohypo,10,lambda,1.459586369196491,1.402738456493195,1.5170722731463882
LA1322,sun,high,pseudohypo,10,gcl,20.427179050202295,19.998172972376,20.85902772089954
LA1322,sun,high,pseudohypo,10,gi,0.4717745907197859,0.41730918358756924,0.5334268357539254
LA1322,sun,high,pseudohypo,10,gmax,3.387478374509983,3.2275471134147318,3.570193179206126
LA1358,shade,low,amphi,9,tau,131.13500495846358,118.2484560443929,145.32329849495522
LA1358,shade,low,amphi,9,lambda,1.1173716445906186,1.0720974465816222,1.1664921178954455
LA1358,shade,low,amphi,9,gcl,17.559701461343366,17.1488787068551,18.00278663600067
LA1358,shade,low,amphi,9,gi,0.16404089188106055,0.14388342405809348,0.18642269045133347
LA1358,shade,low,amphi,9,gmax,2.549646908301236,2.414714949548969,2.6936420219834636
LA1358,shade,high,amphi,8,tau,181.68497765108214,164.03305038625984,202.0307748975237
LA1358,shade,high,amphi,8,lambda,1.233051646587081,1.1847151231780677,1.2866509518891767
LA1358,shade,high,amphi,8,gcl,17.559701461343366,17.1488787068551,18.00278663600067
LA1358,shade,high,amphi,8,gi,0.3494821001023099,0.30726603741262853,0.3960943572805024
LA1358,shade,high,amphi,8,gmax,2.549646908301236,2.414714949548969,2.6936420219834636
LA1358,shade,low,pseudohypo,9,tau,132.84608040460068,119.83516142126635,147.3463222575174
LA1358,shade,low,pseudohypo,9,lambda,1.0946590971213135,1.0506898693755666,1.1417966879712849
LA1358,shade,low,pseudohypo,9,gcl,16.53508958218076,16.148405567107616,16.957567978843404
LA1358,shade,low,pseudohypo,9,gi,0.13210860857089013,0.11563025300059764,0.14978180521312207
LA1358,shade,low,pseudohypo,9,gmax,1.7109736141708474,1.6217392531669992,1.8079311880204634
LA1358,shade,high,pseudohypo,8,tau,183.94499754077717,166.08961738264574,204.561529619348
LA1358,shade,high,pseudohypo,8,lambda,1.2075700151034414,1.1587895707329205,1.2601294435266115
LA1358,shade,high,pseudohypo,8,gcl,16.53508958218076,16.148405567107616,16.957567978843404
LA1358,shade,high,pseudohypo,8,gi,0.2814041845340527,0.2474877606104936,0.3189126460998461
LA1358,shade,high,pseudohypo,8,gmax,1.7109736141708474,1.6217392531669992,1.8079311880204634
LA1358,sun,low,amphi,8,tau,130.9349710700135,118.47838015305528,145.51812626035868
LA1358,sun,low,amphi,8,lambda,1.2175922383495237,1.168689170242202,1.2705619007319429
LA1358,sun,low,amphi,8,gcl,19.691166319492716,19.232127526318617,20.17390968115085
LA1358,sun,low,amphi,8,gi,0.23222893513439694,0.2035420871543043,0.2635378490124364
LA1358,sun,low,amphi,8,gmax,4.674282419246233,4.427722354191164,4.925402202392421
LA1358,sun,high,amphi,10,tau,181.40119238323953,163.96789057250678,201.69052254808398
LA1358,sun,high,amphi,10,lambda,1.3439773386528082,1.2898478323182552,1.401790209931507
LA1358,sun,high,amphi,10,gcl,19.691166319492716,19.232127526318617,20.17390968115085
LA1358,sun,high,amphi,10,gi,0.4948584091264988,0.4337942924167994,0.5591536837862382
LA1358,sun,high,amphi,10,gmax,4.674282419246233,4.427722354191164,4.925402202392421
LA1358,sun,low,pseudohypo,8,tau,132.6433099156784,119.48086421630555,147.3206464009711
LA1358,sun,low,pseudohypo,8,lambda,1.1928024530382046,1.1444513539710242,1.2456733996857678
LA1358,sun,low,pseudohypo,8,gcl,18.54113820854592,18.1076779174762,18.99692117139185
LA1358,sun,low,pseudohypo,8,gi,0.1869971825160773,0.1638048705844403,0.212159499765422
LA1358,sun,low,pseudohypo,8,gmax,3.1373089023957164,2.970998343619028,3.3046354955113975
LA1358,sun,high,pseudohypo,10,tau,183.665778014275,165.8178658078791,204.36265181311703
LA1358,sun,high,pseudohypo,10,lambda,1.3166800550629745,1.2636671610373569,1.373831523809383
LA1358,sun,high,pseudohypo,10,gcl,18.54113820854592,18.1076779174762,18.99692117139185
LA1358,sun,high,pseudohypo,10,gi,0.3986130105974254,0.3491228055526607,0.4516220701541131
LA1358,sun,high,pseudohypo,10,gmax,3.1373089023957164,2.970998343619028,3.3046354955113975
LA1360,sun,low,amphi,9,tau,131.4131646966245,118.80757917507196,145.17375169274627
LA1360,sun,low,amphi,9,lambda,1.1980928495063898,1.1497417440755597,1.2455118756111883
LA1360,sun,low,amphi,9,gcl,20.201791287004188,19.786360072841134,20.646383629607175
LA1360,sun,low,amphi,9,gi,0.273709750307966,0.2407874529185504,0.3117259583374807
LA1360,sun,low,amphi,9,gmax,4.54523419179687,4.314622612319691,4.790434260976266
LA1360,sun,high,amphi,9,tau,182.15138343602177,164.86493755135535,201.47319767823444
LA1360,sun,high,amphi,9,lambda,1.3228010631323823,1.2695896133013693,1.3765689425525867
LA1360,sun,high,amphi,9,gcl,20.201791287004188,19.786360072841134,20.646383629607175
LA1360,sun,high,amphi,9,gi,0.5843770975822886,0.5130016000630218,0.6624770737870502
LA1360,sun,high,amphi,9,gmax,4.54523419179687,4.314622612319691,4.790434260976266
LA1360,sun,low,pseudohypo,9,tau,133.11833923464263,120.27638967248849,147.08284069984276
LA1360,sun,low,pseudohypo,9,lambda,1.1733890452036242,1.125522244473195,1.221687571214492
LA1360,sun,low,pseudohypo,9,gcl,19.028397226584552,18.62702076677207,19.43173442768524
LA1360,sun,low,pseudohypo,9,gi,0.22025867020526368,0.1942315121521046,0.2511462951406551
LA1360,sun,low,pseudohypo,9,gmax,3.052528426347148,2.897525890752219,3.216564968909708
LA1360,sun,high,pseudohypo,9,tau,184.4738942401976,166.98413253742365,203.56326460876457
LA1360,sun,high,pseudohypo,9,lambda,1.29514926970409,1.2423834156886404,1.3481437475830362
LA1360,sun,high,pseudohypo,9,gcl,19.028397226584552,18.62702076677207,19.43173442768524
LA1360,sun,high,pseudohypo,9,gi,0.47020637143004174,0.41340063654211884,0.5333484891072702
LA1360,sun,high,pseudohypo,9,gmax,3.052528426347148,2.897525890752219,3.216564968909708
LA1360,shade,low,amphi,10,tau,131.56924982684558,119.34556921004588,144.8774426491635
LA1360,shade,low,amphi,10,lambda,1.0990831972784756,1.0548480890576777,1.1448872944952877
LA1360,shade,low,amphi,10,gcl,18.02281132431637,17.649518587295766,18.395524015127553
LA1360,shade,low,amphi,10,gi,0.19342400319584827,0.17008557849242306,0.22057706133792304
LA1360,shade,low,amphi,10,gmax,2.4808833493237272,2.3564520670643985,2.6155613910733706
LA1360,shade,high,amphi,10,tau,182.4026624980824,165.47721036218286,200.90628214285198
LA1360,shade,high,amphi,10,lambda,1.2132903714296774,1.1662752951389666,1.263598434914306
LA1360,shade,high,amphi,10,gcl,18.02281132431637,17.649518587295766,18.395524015127553
LA1360,shade,high,amphi,10,gi,0.41245136610900457,0.3627923271572387,0.4688030546494957
LA1360,shade,high,amphi,10,gmax,2.4808833493237272,2.3564520670643985,2.6155613910733706
LA1360,shade,low,pseudohypo,10,tau,133.2506381835095,120.7493226270465,147.00174275459898
LA1360,shade,low,pseudohypo,10,lambda,1.0766394887544828,1.03273881863968,1.1211644089424002
LA1360,shade,low,pseudohypo,10,gcl,16.971242665157092,16.618520154152932,17.32480515269444
LA1360,shade,low,pseudohypo,10,gi,0.15567455208064418,0.137347218712067,0.17683874410430345
LA1360,shade,low,pseudohypo,10,gmax,1.6655657733067282,1.5830825113889044,1.7542410531587753
LA1360,shade,high,pseudohypo,10,tau,184.67318755268658,167.46409343106694,203.326578286224
LA1360,shade,high,pseudohypo,10,lambda,1.1886077102454937,1.1412361518907868,1.23858696032276
LA1360,shade,high,pseudohypo,10,gcl,16.971242665157092,16.618520154152932,17.32480515269444
LA1360,shade,high,pseudohypo,10,gi,0.3322502966624304,0.2920222872917361,0.377133260769565
LA1360,shade,high,pseudohypo,10,gmax,1.6655657733067282,1.5830825113889044,1.7542410531587753
LA1364,shade,low,amphi,10,tau,146.55953610426656,131.37775933269708,162.97208840175946
LA1364,shade,low,amphi,10,lambda,1.174141278587704,1.1227668228430858,1.2249336813953084
LA1364,shade,low,amphi,10,gcl,17.503224044057415,17.057901637682008,17.93694848878791
LA1364,shade,low,amphi,10,gi,0.19272285308182513,0.16969266153596343,0.22061733395267039
LA1364,shade,low,amphi,10,gmax,2.7986759602417086,2.6352205621077487,2.973571715709534
LA1364,shade,high,amphi,10,tau,203.0858967786264,182.47525263743384,225.52007064936552
LA1364,shade,high,amphi,10,lambda,1.2952986003674936,1.2410848940476438,1.3524332209425973
LA1364,shade,high,amphi,10,gcl,17.503224044057415,17.057901637682008,17.93694848878791
LA1364,shade,high,amphi,10,gi,0.41070980723045275,0.35994439552920166,0.4697057503840383
LA1364,shade,high,amphi,10,gmax,2.7986759602417086,2.6352205621077487,2.973571715709534
LA1364,shade,low,pseudohypo,10,tau,148.38273327987991,133.35545632008316,164.90465649507888
LA1364,shade,low,pseudohypo,10,lambda,1.1500322692367815,1.1017309545866911,1.2004511818542778
LA1364,shade,low,pseudohypo,10,gcl,16.47902334204884,16.073164268715615,16.88668532466346
LA1364,shade,low,pseudohypo,10,gi,0.15526954529077194,0.13619246566413348,0.17688049877275475
LA1364,shade,low,pseudohypo,10,gmax,1.8787706906278994,1.7699344432270612,1.997701684206545
LA1364,shade,high,pseudohypo,10,tau,205.64392974867522,184.70683897459443,228.19373474010962
LA1364,shade,high,pseudohypo,10,lambda,1.269384462204687,1.215938690139636,1.3258347653014382
LA1364,shade,high,pseudohypo,10,gcl,16.47902334204884,16.073164268715615,16.88668532466346
LA1364,shade,high,pseudohypo,10,gi,0.330985285756842,0.2902017256524566,0.3787738936135669
LA1364,shade,high,pseudohypo,10,gmax,1.8787706906278994,1.7699344432270612,1.997701684206545
LA1364,sun,low,amphi,5,tau,146.35025849470392,130.940418241294,163.2499603027442
LA1364,sun,low,amphi,5,lambda,1.2803244277195052,1.2239535912579782,1.3371866705698527
LA1364,sun,low,amphi,5,gcl,19.626774432033233,19.115781365519325,20.125167373687244
LA1364,sun,low,amphi,5,gi,0.27328274007804715,0.2391569200622098,0.31271190417409456
LA1364,sun,low,amphi,5,gmax,5.129741359319311,4.81553070749629,5.447266260625223
LA1364,sun,high,amphi,7,tau,202.84526129030053,181.79382540136507,225.47059693760056
LA1364,sun,high,amphi,7,lambda,1.4127741150987592,1.3518806283250813,1.47437626952257
LA1364,sun,high,amphi,7,gcl,19.626774432033233,19.115781365519325,20.125167373687244
LA1364,sun,high,amphi,7,gi,0.5830177424942229,0.5094272728404371,0.6665995207704317
LA1364,sun,high,amphi,7,gmax,5.129741359319311,4.81553070749629,5.447266260625223
LA1364,sun,low,pseudohypo,7,tau,148.19726183730884,133.12473883821013,165.4156105939809
LA1364,sun,low,pseudohypo,7,lambda,1.253799047978347,1.1992032453318793,1.3107764765829648
LA1364,sun,low,pseudohypo,7,gcl,18.479418092191708,18.013946800475324,18.94090846263741
LA1364,sun,low,pseudohypo,7,gi,0.22013153080186737,0.19262796977392127,0.25131400747733185
LA1364,sun,low,pseudohypo,7,gmax,3.445366510770943,3.234994096145386,3.6604244457186366
LA1364,sun,high,pseudohypo,8,tau,205.33607033636514,184.48119687354853,228.5499725844549
LA1364,sun,high,pseudohypo,8,lambda,1.3838134343109578,1.3247647728221446,1.4457142105644718
LA1364,sun,high,pseudohypo,8,gcl,18.479418092191708,18.013946800475324,18.94090846263741
LA1364,sun,high,pseudohypo,8,gi,0.46860989853374085,0.41022452991561587,0.5363210019021907
LA1364,sun,high,pseudohypo,8,gmax,3.445366510770943,3.234994096145386,3.6604244457186366
LA1589,shade,low,amphi,10,tau,106.42000017437829,96.03703942134133,116.72128520024056
LA1589,shade,low,amphi,10,lambda,1.077265131516067,1.0324464427118831,1.1219800817212136
LA1589,shade,low,amphi,10,gcl,18.10276516227812,17.705447842327775,18.500821583646033
LA1589,shade,low,amphi,10,gi,0.1870350807739771,0.1638224791100423,0.21261705145022883
LA1589,shade,low,amphi,10,gmax,2.6874123185883256,2.542143432476009,2.838788592578523
LA1589,shade,high,amphi,10,tau,147.52486728882468,132.99185340239208,161.930880090281
LA1589,shade,high,amphi,10,lambda,1.189252219300911,1.1391019223209717,1.2381410500435819
LA1589,shade,high,amphi,10,gcl,18.10276516227812,17.705447842327775,18.500821583646033
LA1589,shade,high,amphi,10,gi,0.39794968451741447,0.34910525667257386,0.4524984114301142
LA1589,shade,high,amphi,10,gmax,2.6874123185883256,2.542143432476009,2.838788592578523
LA1589,shade,low,pseudohypo,10,tau,107.70115675380676,97.09554951873045,118.33069774137957
LA1589,shade,low,pseudohypo,10,lambda,1.0552537711107923,1.0112405418039272,1.0981879858946078
LA1589,shade,low,pseudohypo,10,gcl,17.04905388800015,16.678736812084345,17.424974319984635
LA1589,shade,low,pseudohypo,10,gi,0.15038874493129945,0.131931674919563,0.17120421021492235
LA1589,shade,low,pseudohypo,10,gmax,1.805579230264399,1.7098771308262284,1.9038713484121257
LA1589,shade,high,pseudohypo,10,tau,149.33894614595107,134.83289068075365,163.87308086028816
LA1589,shade,high,pseudohypo,10,lambda,1.1651203767246487,1.1153723329566452,1.2118547551990095
LA1589,shade,high,pseudohypo,10,gcl,17.04905388800015,16.678736812084345,17.424974319984635
LA1589,shade,high,pseudohypo,10,gi,0.3204840138976084,0.2813174403842989,0.3646935736934196
LA1589,shade,high,pseudohypo,10,gmax,1.805579230264399,1.7098771308262284,1.9038713484121257
LA1589,sun,low,amphi,6,tau,106.37628576833997,95.97013928962312,116.93889168725028
LA1589,sun,low,amphi,6,lambda,1.174292524019205,1.1266560944645791,1.2229730021466052
LA1589,sun,low,amphi,6,gcl,20.296288290551946,19.85315064042157,20.742143993174142
LA1589,sun,low,amphi,6,gi,0.264594014101628,0.23279631588181743,0.3003156998144584
LA1589,sun,low,amphi,6,gmax,4.923154603945111,4.654477660667254,5.205094711213801
LA1589,sun,high,amphi,9,tau,147.232740585414,132.82088882786667,161.88699887895305
LA1589,sun,high,amphi,9,lambda,1.2964651943303152,1.2421255870009082,1.3488197333339276
LA1589,sun,high,amphi,9,gcl,20.296288290551946,19.85315064042157,20.742143993174142
LA1589,sun,high,amphi,9,gi,0.5632817767407171,0.4967329958183579,0.6395013753825958
LA1589,sun,high,amphi,9,gmax,4.923154603945111,4.654477660667254,5.205094711213801
LA1589,sun,low,pseudohypo,6,tau,107.56112845535877,96.88134718747047,118.39156963590031
LA1589,sun,low,pseudohypo,6,lambda,1.1503278615707349,1.1039757767279084,1.1972430162831484
LA1589,sun,low,pseudohypo,6,gcl,19.115006993255076,18.68514818511083,19.533082379178538
LA1589,sun,low,pseudohypo,6,gi,0.21272061370816242,0.18751918068818493,0.24220198771041024
LA1589,sun,low,pseudohypo,6,gmax,3.3070891860332394,3.1273640816192314,3.496068734943353
LA1589,sun,high,pseudohypo,9,tau,149.0832097835252,134.48130831127256,163.968404120409
LA1589,sun,high,pseudohypo,9,lambda,1.2700000898481343,1.2165430546328644,1.3205333815633413
LA1589,sun,high,pseudohypo,9,gcl,19.115006993255076,18.68514818511083,19.533082379178538
LA1589,sun,high,pseudohypo,9,gi,0.4537004894573677,0.40054421922741384,0.5160315112764282
LA1589,sun,high,pseudohypo,9,gmax,3.3070891860332394,3.1273640816192314,3.496068734943353
LA1777,shade,low,amphi,9,tau,120.23931955349116,108.31772950458269,133.53409840296928
LA1777,shade,low,amphi,9,lambda,1.049115447066261,1.0058107848925897,1.0929728836653567
LA1777,shade,low,amphi,9,gcl,16.269641840539727,15.888359443011524,16.65199595397698
LA1777,shade,low,amphi,9,gi,0.15364835378822095,0.13540582838851145,0.1765932997486761
LA1777,shade,low,amphi,9,gmax,3.9351802486944503,3.719172207473474,4.1614316526719834
LA1777,shade,high,amphi,10,tau,166.62655836148875,150.39488025110631,185.37096278212337
LA1777,shade,high,amphi,10,lambda,1.1580173423002418,1.1104020567250934,1.206247927681047
LA1777,shade,high,amphi,10,gcl,16.269641840539727,15.888359443011524,16.65199595397698
LA1777,shade,high,amphi,10,gi,0.3277228143431494,0.28851920548818183,0.37619568581710583
LA1777,shade,high,amphi,10,gmax,3.9351802486944503,3.719172207473474,4.1614316526719834
LA1777,shade,low,pseudohypo,9,tau,121.89367767879534,109.5697602952051,135.2794368212092
LA1777,shade,low,pseudohypo,9,lambda,1.0276251761384763,0.9848138643113635,1.0703214800113696
LA1777,shade,low,pseudohypo,9,gcl,15.32072330778767,14.96991600908151,15.68222187624944
LA1777,shade,low,pseudohypo,9,gi,0.12374862725298945,0.10918627622930303,0.14168893737588428
LA1777,shade,low,pseudohypo,9,gmax,2.642953475886233,2.4980597097015846,2.791733415536206
LA1777,shade,high,pseudohypo,10,tau,168.85994872466273,151.83173029441528,187.44079167844703
LA1777,shade,high,pseudohypo,10,lambda,1.134122147045825,1.0872956495478554,1.181699158635917
LA1777,shade,high,pseudohypo,10,gcl,15.32072330778767,14.96991600908151,15.68222187624944
LA1777,shade,high,pseudohypo,10,gi,0.26380291360766583,0.23228173851854372,0.30171078341596486
LA1777,shade,high,pseudohypo,10,gmax,2.642953475886233,2.4980597097015846,2.791733415536206
LA1777,sun,low,amphi,9,tau,120.02029658998377,107.8478806124458,133.39749572342348
LA1777,sun,low,amphi,9,lambda,1.143083730960053,1.0968973667101958,1.1913704560294403
LA1777,sun,low,amphi,9,gcl,18.244235634650252,17.81528600951139,18.674689976678277
LA1777,sun,low,amphi,9,gi,0.21797071142073982,0.19091000493990495,0.2493566885331712
LA1777,sun,low,amphi,9,gmax,7.210936546474469,6.818714221947301,7.617826609197777
LA1777,sun,high,amphi,10,tau,166.2648718156216,149.4882276234148,185.24286095748033
LA1777,sun,high,amphi,10,lambda,1.2618641343780628,1.2107898692872383,1.3152325656266874
LA1777,sun,high,amphi,10,gcl,18.244235634650252,17.81528600951139,18.674689976678277
LA1777,sun,high,amphi,10,gi,0.46452603071862664,0.40767466470163594,0.5301409855175468
LA1777,sun,high,amphi,10,gmax,7.210936546474469,6.818714221947301,7.617826609197777
LA1777,sun,high,pseudohypo,10,tau,168.3834712465609,151.70705546060623,187.42614143103518
LA1777,sun,high,pseudohypo,10,lambda,1.235560586231494,1.1862266832757413,1.2884801467182418
LA1777,sun,high,pseudohypo,10,gcl,17.179670927877662,16.780703158162908,17.58481887576786
LA1777,sun,high,pseudohypo,10,gi,0.37409421145633276,0.32826391175849506,0.4269054671269632
LA1777,sun,high,pseudohypo,10,gmax,4.844079000515744,4.575604285992236,5.117392791655999
LA1777,sun,low,pseudohypo,8,tau,121.63830781141701,109.26981078601902,134.9307752538959
LA1777,sun,low,pseudohypo,8,lambda,1.119822244067605,1.074399959089691,1.1664680309778306
LA1777,sun,low,pseudohypo,8,gcl,17.179670927877662,16.780703158162908,17.58481887576786
LA1777,sun,low,pseudohypo,8,gi,0.17542704973798334,0.1537340483649242,0.20085501227466115
LA1777,sun,low,pseudohypo,8,gmax,4.844079000515744,4.575604285992236,5.117392791655999
LA1782,sun,low,amphi,8,tau,129.6148284060535,116.9532077596705,144.65868441030852
LA1782,sun,low,amphi,8,lambda,1.243615716447563,1.1903168824506152,1.2977910366138656
LA1782,sun,low,amphi,8,gcl,18.02171407760003,17.545812538068954,18.49560773978993
LA1782,sun,low,amphi,8,gi,0.25132766247340615,0.22061515095053907,0.28644263699693795
LA1782,sun,low,amphi,8,gmax,4.6468899775231645,4.367164433578889,4.93574575119865
LA1782,sun,high,amphi,10,tau,179.74135688562592,161.58468678905325,200.09196507912674
LA1782,sun,high,amphi,10,lambda,1.372448330831075,1.3140879244841424,1.4318012057195568
LA1782,sun,high,amphi,10,gcl,18.02171407760003,17.545812538068954,18.49560773978993
LA1782,sun,high,amphi,10,gi,0.5352203402172809,0.47007748265624166,0.611737313979284
LA1782,sun,high,amphi,10,gmax,4.6468899775231645,4.367164433578889,4.93574575119865
LA1782,sun,low,pseudohypo,8,tau,131.3954852640443,118.07351648444819,146.34562776450346
LA1782,sun,low,pseudohypo,8,lambda,1.218341071451083,1.1646590524309155,1.270607235094809
LA1782,sun,low,pseudohypo,8,gcl,16.97100957963786,16.5346574263135,17.417930201066003
LA1782,sun,low,pseudohypo,8,gi,0.20252564135021497,0.17750530296537478,0.23112489306423037
LA1782,sun,low,pseudohypo,8,gmax,3.1200047055208087,2.9282763594627794,3.314587815362848
LA1782,sun,high,pseudohypo,10,tau,181.95959123938638,163.90116151991168,202.24188350742375
LA1782,sun,high,pseudohypo,10,lambda,1.3440822471365765,1.2854468057974986,1.4031971652871076
LA1782,sun,high,pseudohypo,10,gcl,16.97100957963786,16.5346574263135,17.417930201066003
LA1782,sun,high,pseudohypo,10,gi,0.4312058164474538,0.3782840363295929,0.4928979042039105
LA1782,sun,high,pseudohypo,10,gmax,3.1200047055208087,2.9282763594627794,3.314587815362848
LA1782,shade,low,amphi,10,tau,129.653353430441,116.72972879668029,144.45684250771043
LA1782,shade,low,amphi,10,lambda,1.1404971371657362,1.092843653074389,1.1886555391682019
LA1782,shade,low,amphi,10,gcl,16.071333150189602,15.663131316964924,16.494144213673565
LA1782,shade,low,amphi,10,gi,0.17716233824878264,0.15586440167195087,0.20393360230800434
LA1782,shade,low,amphi,10,gmax,2.537062863536129,2.384298864019075,2.694251511353961
LA1782,shade,high,amphi,10,tau,179.74913754612038,161.43120624589525,199.41612945472514
LA1782,shade,high,amphi,10,lambda,1.258421002050726,1.206922672437433,1.3133076474222118
LA1782,shade,high,amphi,10,gcl,16.071333150189602,15.663131316964924,16.494144213673565
LA1782,shade,high,amphi,10,gi,0.37747352828507064,0.33154704280841824,0.4344512866177262
LA1782,shade,high,amphi,10,gmax,2.537062863536129,2.384298864019075,2.694251511353961
LA1782,shade,low,pseudohypo,10,tau,131.3672283612892,118.07128343153833,146.10233062896606
LA1782,shade,low,pseudohypo,10,lambda,1.1172858330355735,1.0696418099943028,1.1657055020278806
LA1782,shade,low,pseudohypo,10,gcl,15.140722936978774,14.746389027947716,15.539470752906158
LA1782,shade,low,pseudohypo,10,gi,0.14258174816166264,0.12547530449885086,0.1640931988869799
LA1782,shade,low,pseudohypo,10,gmax,1.7032371900383874,1.598958272021812,1.8103510462923031
LA1782,shade,high,pseudohypo,10,tau,182.13005661641867,163.4938726935487,202.20932685612877
LA1782,shade,high,pseudohypo,10,lambda,1.2328394438794739,1.1799305063890926,1.285946255497927
LA1782,shade,high,pseudohypo,10,gcl,15.140722936978774,14.746389027947716,15.539470752906158
LA1782,shade,high,pseudohypo,10,gi,0.3039864995308613,0.2672339802475834,0.3499881783629362
LA1782,shade,high,pseudohypo,10,gmax,1.7032371900383874,1.598958272021812,1.8103510462923031
LA2133,shade,low,amphi,9,tau,151.52833576631053,138.24620498704004,166.61819538567556
LA2133,shade,low,amphi,9,lambda,1.2429257005312238,1.1963761374839699,1.2965400222034968
LA2133,shade,low,amphi,9,gcl,18.475030616162314,18.047244222740233,18.903222745228188
LA2133,shade,low,amphi,9,gi,0.1804808257290114,0.15952552893835437,0.20392150248641835
LA2133,shade,low,amphi,9,gmax,2.526439959072996,2.384405386750445,2.677525521811285
LA2133,shade,high,amphi,10,tau,209.93373466078944,191.56077914505946,230.49598791121514
LA2133,shade,high,amphi,10,lambda,1.3718371694551246,1.31988391461303,1.428047072405392
LA2133,shade,high,amphi,10,gcl,18.475030616162314,18.047244222740233,18.903222745228188
LA2133,shade,high,amphi,10,gi,0.3845219621277104,0.3403213582556354,0.4339235176844404
LA2133,shade,high,amphi,10,gmax,2.526439959072996,2.384405386750445,2.677525521811285
LA2133,shade,low,pseudohypo,9,tau,153.40869983986784,139.68383511898148,168.61519589217136
LA2133,shade,low,pseudohypo,9,lambda,1.2174919001351574,1.1718871479151385,1.2690336515527552
LA2133,shade,low,pseudohypo,9,gcl,17.397079085855964,16.998232201890705,17.80107109964485
LA2133,shade,low,pseudohypo,9,gi,0.14528919021375136,0.12823191147616664,0.16384869127339272
LA2133,shade,low,pseudohypo,9,gmax,1.696599794895498,1.6052221043298511,1.797350739527116
LA2133,shade,high,pseudohypo,10,tau,212.48199391114534,193.54621435744176,233.57292697586038
LA2133,shade,high,pseudohypo,10,lambda,1.34406058168025,1.2942167196704801,1.3996597137083682
LA2133,shade,high,pseudohypo,10,gcl,17.397079085855964,16.998232201890705,17.80107109964485
LA2133,shade,high,pseudohypo,10,gi,0.30948651532692134,0.27447649547050057,0.35015124061187347
LA2133,shade,high,pseudohypo,10,gmax,1.696599794895498,1.6052221043298511,1.797350739527116
LA2133,sun,high,amphi,11,tau,209.54250126373742,190.86432064813144,230.21490865422086
LA2133,sun,high,amphi,11,lambda,1.4959325231583471,1.4380846621902195,1.5569034355348887
LA2133,sun,high,amphi,11,gcl,20.7144853426458,20.242184086509752,21.184015356719367
LA2133,sun,high,amphi,11,gi,0.5435283662339608,0.4812112098609827,0.6124148891183985
LA2133,sun,high,amphi,11,gmax,4.628685967492565,4.3776533458416385,4.899553211584368
LA2133,sun,high,pseudohypo,11,tau,212.12223899270265,193.33233666055176,233.0292710516792
LA2133,sun,high,pseudohypo,11,lambda,1.46475484230531,1.408414087932177,1.5256590264376668
LA2133,sun,high,pseudohypo,11,gcl,19.508291976415435,19.069953948774042,19.951046303024356
LA2133,sun,high,pseudohypo,11,gi,0.4374536078530715,0.38718519147253017,0.4922266976644288
LA2133,sun,high,pseudohypo,11,gmax,3.1085968535803112,2.9371234111578666,3.29311646611995
LA2133,sun,low,amphi,8,tau,151.2457126776259,137.56155839485422,166.27326174169312
LA2133,sun,low,amphi,8,lambda,1.354998703057849,1.3027761222205774,1.4104281210048135
LA2133,sun,low,amphi,8,gcl,20.7144853426458,20.242184086509752,21.184015356719367
LA2133,sun,low,amphi,8,gi,0.2549993955012128,0.2256402054138055,0.28818442017745527
LA2133,sun,low,amphi,8,gmax,4.628685967492565,4.3776533458416385,4.899553211584368
LA2133,sun,low,pseudohypo,8,tau,153.19027368407276,139.30649988656057,168.69017255712228
LA2133,sun,low,pseudohypo,8,lambda,1.3275629243985625,1.2759207092273186,1.3831218047078395
LA2133,sun,low,pseudohypo,8,gcl,19.508291976415435,19.069953948774042,19.951046303024356
LA2133,sun,low,pseudohypo,8,gi,0.2055689881755524,0.18172285321101472,0.23165130697749942
LA2133,sun,low,pseudohypo,8,gmax,3.1085968535803112,2.9371234111578666,3.29311646611995
LA2172,sun,low,amphi,10,tau,148.44193250885263,134.3404337535947,163.3945754406886
LA2172,sun,low,amphi,10,lambda,1.308317093816163,1.2582231939799875,1.3619475731700317
LA2172,sun,low,amphi,10,gcl,21.20849910356194,20.72103790070292,21.698374080156405
LA2172,sun,low,amphi,10,gi,0.24941536494388802,0.21869794242527615,0.28215759994506967
LA2172,sun,low,amphi,10,gmax,5.066766865124537,4.809586670685728,5.3503771673066565
LA2172,sun,high,amphi,10,tau,205.8569739928328,186.40185750529784,226.10854843144142
LA2172,sun,high,amphi,10,lambda,1.4439292793294682,1.3875849575025205,1.502862796001281
LA2172,sun,high,amphi,10,gcl,21.20849910356194,20.72103790070292,21.698374080156405
LA2172,sun,high,amphi,10,gi,0.5311493664744631,0.4668024835201893,0.601966190671916
LA2172,sun,high,amphi,10,gmax,5.066766865124537,4.809586670685728,5.3503771673066565
LA2172,sun,low,pseudohypo,10,tau,150.21692565154703,135.7913711142566,165.4738657151654
LA2172,sun,low,pseudohypo,10,lambda,1.2812462813194754,1.23028610497276,1.3343038698568228
LA2172,sun,low,pseudohypo,10,gcl,19.968676194082658,19.508749073049053,20.4451418266063
LA2172,sun,low,pseudohypo,10,gi,0.20068441076731758,0.17625516428697774,0.22720089951728467
LA2172,sun,low,pseudohypo,10,gmax,3.4052223040385003,3.224835613801679,3.5963184256775302
LA2172,sun,high,pseudohypo,10,tau,208.14459148270734,188.26849422397987,229.226938705746
LA2172,sun,high,pseudohypo,10,lambda,1.4142336503920223,1.358880149716706,1.4727235931507352
LA2172,sun,high,pseudohypo,10,gcl,19.968676194082658,19.508749073049053,20.4451418266063
LA2172,sun,high,pseudohypo,10,gi,0.4275632447978147,0.37521327966986723,0.48431518899907866
LA2172,sun,high,pseudohypo,10,gmax,3.4052223040385003,3.224835613801679,3.5963184256775302
LA2172,shade,low,amphi,10,tau,148.5665919269354,134.7310778061189,163.20230580111127
LA2172,shade,low,amphi,10,lambda,1.1998175337305428,1.1524601387188198,1.2495712423129806
LA2172,shade,low,amphi,10,gcl,18.916618340444867,18.490316223324427,19.347453074243898
LA2172,shade,low,amphi,10,gi,0.1759788902322151,0.15460736106639533,0.19987617538398747
LA2172,shade,low,amphi,10,gmax,2.7659047274828894,2.6237568485796827,2.9185841715221743
LA2172,shade,high,amphi,10,tau,205.90571352734554,186.89484451801286,226.48334980045382
LA2172,shade,high,amphi,10,lambda,1.324409292474269,1.2716190917658592,1.3789069615437588
LA2172,shade,high,amphi,10,gcl,18.916618340444867,18.490316223324427,19.347453074243898
LA2172,shade,high,amphi,10,gi,0.3749995276921948,0.32887677119287767,0.4254198910591549
LA2172,shade,high,amphi,10,gmax,2.7659047274828894,2.6237568485796827,2.9185841715221743
LA2172,shade,low,pseudohypo,10,tau,150.4630415565079,136.42763471418746,165.37055941207672
LA2172,shade,low,pseudohypo,10,lambda,1.175729223113871,1.1287752570596297,1.2238829564808533
LA2172,shade,low,pseudohypo,10,gcl,17.815339800176407,17.400806854175297,18.2294006317799
LA2172,shade,low,pseudohypo,10,gi,0.14174136727316042,0.12437847327365091,0.16074856812806831
LA2172,shade,low,pseudohypo,10,gmax,1.858600820309829,1.7631808422282276,1.9596739937427172
LA2172,shade,high,pseudohypo,10,tau,208.56338265267584,188.94530635613958,229.07767506039067
LA2172,shade,high,pseudohypo,10,lambda,1.297315180256121,1.2452150771009292,1.3501094978414259
LA2172,shade,high,pseudohypo,10,gcl,17.815339800176407,17.400806854175297,18.2294006317799
LA2172,shade,high,pseudohypo,10,gi,0.30209104292503963,0.26474617998968625,0.34310583946509715
LA2172,shade,high,pseudohypo,10,gmax,1.858600820309829,1.7631808422282276,1.9596739937427172
LA2744,sun,low,amphi,9,tau,156.72307278158488,141.0073540260513,175.03406378059037
LA2744,sun,low,amphi,9,lambda,1.2309670130665002,1.1815176989266567,1.2820182989002968
LA2744,sun,low,amphi,9,gcl,22.569199302162634,22.04128357237601,23.107883883885343
LA2744,sun,low,amphi,9,gi,0.3225002505007822,0.2827376322011694,0.36907313966812094
LA2744,sun,low,amphi,9,gmax,5.802228201793821,5.492281691597872,6.123167215622
LA2744,sun,high,amphi,8,tau,217.18628007720298,195.06114556885555,242.61745946434763
LA2744,sun,high,amphi,8,lambda,1.3590817120257432,1.3041722703323668,1.4158377635714834
LA2744,sun,high,amphi,8,gcl,22.569199302162634,22.04128357237601,23.107883883885343
LA2744,sun,high,amphi,8,gi,0.6881469218476582,0.6007826937890328,0.7863334702084791
LA2744,sun,high,amphi,8,gmax,5.802228201793821,5.492281691597872,6.123167215622
LA2744,sun,low,pseudohypo,9,tau,158.7598025988524,142.64308893820996,176.66718954997265
LA2744,sun,low,pseudohypo,9,lambda,1.2057892260907683,1.1564080659975797,1.2569973614759777
LA2744,sun,low,pseudohypo,9,gcl,21.2485563303015,20.77702881937805,21.763421271405615
LA2744,sun,low,pseudohypo,9,gi,0.25992307132937226,0.2275835652286771,0.29677002831550064
LA2744,sun,low,pseudohypo,9,gmax,3.8958747569883054,3.6826071572192953,4.120071983213213
LA2744,sun,high,pseudohypo,8,tau,219.99649260906276,197.5647876376515,245.27895296054487
LA2744,sun,high,pseudohypo,8,lambda,1.3314932051715467,1.278378334878442,1.3866900805714486
LA2744,sun,high,pseudohypo,8,gcl,21.2485563303015,20.77702881937805,21.763421271405615
LA2744,sun,high,pseudohypo,8,gi,0.5545947184586834,0.4846927315724531,0.6333779809871259
LA2744,sun,high,pseudohypo,8,gmax,3.8958747569883054,3.6826071572192953,4.120071983213213
LA2744,shade,low,amphi,10,tau,156.93220451158984,141.11977532003297,174.62085894638335
LA2744,shade,low,amphi,10,lambda,1.129302862389839,1.083699274788046,1.1773166009177731
LA2744,shade,low,amphi,10,gcl,20.124880350093804,19.632272272332948,20.601439455760193
LA2744,shade,low,amphi,10,gi,0.22789531555920017,0.19990172212108687,0.2600518092035435
LA2744,shade,low,amphi,10,gmax,3.1677575829789073,2.9932263221696718,3.33959444487154
LA2744,shade,high,amphi,9,tau,217.42936541483192,195.12741640466336,242.57813349744615
LA2744,shade,high,amphi,9,lambda,1.2464874651090294,1.197269143384682,1.297765969802518
LA2744,shade,high,amphi,9,gcl,20.124880350093804,19.632272272332948,20.601439455760193
LA2744,shade,high,amphi,9,gi,0.4857087272139305,0.4256749561024506,0.5541524628755377
LA2744,shade,high,amphi,9,gmax,3.1677575829789073,2.9932263221696718,3.33959444487154
LA2744,shade,low,pseudohypo,10,tau,159.0192276020763,143.2237471510729,176.4628513081648
LA2744,shade,low,pseudohypo,10,lambda,1.1062876606026035,1.0624381801201044,1.1522982831797624
LA2744,shade,low,pseudohypo,10,gcl,18.95177530913986,18.50992848420052,19.409530974547994
LA2744,shade,low,pseudohypo,10,gi,0.18362518353109325,0.16064189327062675,0.20904946186513654
LA2744,shade,low,pseudohypo,10,gmax,2.124771785393136,2.011468566534692,2.243494948408943
LA2744,shade,high,pseudohypo,9,tau,220.17736803253138,198.09420365619144,244.77583367616256
LA2744,shade,high,pseudohypo,9,lambda,1.2207439178569093,1.1729467030885354,1.2712652188270963
LA2744,shade,high,pseudohypo,9,gcl,18.95177530913986,18.50992848420052,19.409530974547994
LA2744,shade,high,pseudohypo,9,gi,0.39118325360340905,0.3427665876298588,0.4456812819422368
LA2744,shade,high,pseudohypo,9,gmax,2.124771785393136,2.011468566534692,2.243494948408943
LA2933,shade,low,amphi,9,tau,112.00485927400005,102.23492931739153,123.18060938678761
LA2933,shade,low,amphi,9,lambda,1.1369562570979392,1.0947065544697103,1.186918617859612
LA2933,shade,low,amphi,9,gcl,17.521230604072315,17.10315453579438,17.952956874545634
LA2933,shade,low,amphi,9,gi,0.1598006162938525,0.14038535318872147,0.18026792684485238
LA2933,shade,low,amphi,9,gmax,2.4775701929743215,2.3291184477370335,2.6228652893669526
LA2933,shade,high,amphi,10,tau,155.07314404630853,141.62140273695508,170.95267262120922
LA2933,shade,high,amphi,10,lambda,1.2546409263508964,1.2067563261314544,1.3099585815730521
LA2933,shade,high,amphi,10,gcl,17.521230604072315,17.10315453579438,17.952956874545634
LA2933,shade,high,amphi,10,gi,0.3406662591909444,0.2988901066162527,0.3841416144274877
LA2933,shade,high,amphi,10,gmax,2.4775701929743215,2.3291184477370335,2.6228652893669526
LA2933,shade,low,pseudohypo,9,tau,113.44145934221639,103.34912944884297,124.90607579434244
LA2933,shade,low,pseudohypo,9,lambda,1.113741706658915,1.070703077258163,1.162040068119932
LA2933,shade,low,pseudohypo,9,gcl,16.50235583345651,16.103469486815982,16.907604910611305
LA2933,shade,low,pseudohypo,9,gi,0.12865259454343883,0.1129654313843034,0.144809459710065
LA2933,shade,low,pseudohypo,9,gmax,1.6642238357015002,1.566651062657577,1.765533277425896
LA2933,shade,high,pseudohypo,9,tau,157.04442637235982,143.0562753662878,173.1321180059711
LA2933,shade,high,pseudohypo,9,lambda,1.2289932479975685,1.1823272119155248,1.282567312381409
LA2933,shade,high,pseudohypo,9,gcl,16.50235583345651,16.103469486815982,16.907604910611305
LA2933,shade,high,pseudohypo,9,gi,0.2741185465550619,0.2403644899586623,0.3087350548054359
LA2933,shade,high,pseudohypo,9,gmax,1.6642238357015002,1.566651062657577,1.765533277425896
LA2933,sun,low,amphi,10,tau,111.82514076120505,102.4066586967935,123.01558120260256
LA2933,sun,low,amphi,10,lambda,1.2393935598233135,1.1914845125797608,1.294209969234326
LA2933,sun,low,amphi,10,gcl,19.645773458316047,19.187028866844756,20.112458444681472
LA2933,sun,low,amphi,10,gi,0.2265012231166769,0.19824165813115713,0.25589830958171994
LA2933,sun,low,amphi,10,gmax,4.5410283649191765,4.273444057531354,4.8113285213433885
LA2933,sun,high,amphi,10,tau,154.9693531606643,141.63877628551046,170.22998564351266
LA2933,sun,high,amphi,10,lambda,1.3680504487825484,1.3154323369466654,1.4278621044622375
LA2933,sun,high,amphi,10,gcl,19.645773458316047,19.187028866844756,20.112458444681472
LA2933,sun,high,amphi,10,gi,0.48243103068775506,0.42306877362480616,0.5454136357680207
LA2933,sun,high,amphi,10,gmax,4.5410283649191765,4.273444057531354,4.8113285213433885
LA2933,sun,low,pseudohypo,10,tau,113.32250213404423,103.6724772755532,124.49239417596979
LA2933,sun,low,pseudohypo,10,lambda,1.2139281922442893,1.1662432176069448,1.2680075796755712
LA2933,sun,low,pseudohypo,10,gcl,18.502666630759396,18.05192270258904,18.971084241189356
LA2933,sun,low,pseudohypo,10,gi,0.1823971292001557,0.15935601657501297,0.20567538588206757
LA2933,sun,low,pseudohypo,10,gmax,3.050982828304764,2.868728023948151,3.236334960764743
LA2933,sun,high,pseudohypo,10,tau,156.94802531168276,143.33117631738608,172.41652932497536
LA2933,sun,high,pseudohypo,10,lambda,1.3400770761357497,1.2887415906718183,1.4004440299358216
LA2933,sun,high,pseudohypo,10,gcl,18.502666630759396,18.05192270258904,18.971084241189356
LA2933,sun,high,pseudohypo,10,gi,0.3885034245161109,0.3405786695723568,0.4384445292004971
LA2933,sun,high,pseudohypo,10,gmax,3.050982828304764,2.868728023948151,3.236334960764743
LA2951,sun,low,amphi,9,tau,188.2402480938394,170.85959400420742,209.09565278234754
LA2951,sun,low,amphi,9,lambda,1.2426197812367197,1.1895049612387742,1.2938417943493792
LA2951,sun,low,amphi,9,gcl,24.11223316696099,23.49585365083085,24.767651066977496
LA2951,sun,low,amphi,9,gi,0.34667853466161724,0.3036561332874424,0.3960902070156678
LA2951,sun,low,amphi,9,gmax,4.488166132137644,4.213207811142059,4.7757613084563
LA2951,sun,high,amphi,10,tau,260.7544045045583,236.64307663949862,290.02148767195223
LA2951,sun,high,amphi,10,lambda,1.3712083521513656,1.313502041802155,1.4287849640581822
LA2951,sun,high,amphi,10,gcl,24.11223316696099,23.49585365083085,24.767651066977496
LA2951,sun,high,amphi,10,gi,0.7391721486918256,0.6479310215637267,0.8402229917547825
LA2951,sun,high,amphi,10,gmax,4.488166132137644,4.213207811142059,4.7757613084563
LA2951,sun,low,pseudohypo,9,tau,190.48718910400675,173.14610027927455,211.59942912315026
LA2951,sun,low,pseudohypo,9,lambda,1.2170035378748392,1.164563998762852,1.268258655507335
LA2951,sun,low,pseudohypo,9,gcl,22.70396415228114,22.12476237559022,23.303563505436692
LA2951,sun,low,pseudohypo,9,gi,0.27886283900870956,0.24448829347776765,0.318862716117779
LA2951,sun,low,pseudohypo,9,gmax,3.01565323529271,2.8275243752526804,3.208684793028374
LA2951,sun,high,pseudohypo,10,tau,263.85429843066436,239.69619098550865,293.0055916797042
LA2951,sun,high,pseudohypo,10,lambda,1.3430108829352514,1.2860848381361614,1.4005805851434936
LA2951,sun,high,pseudohypo,10,gcl,22.70396415228114,22.12476237559022,23.303563505436692
LA2951,sun,high,pseudohypo,10,gi,0.5945827889088239,0.5218413131177139,0.6781519286433126
LA2951,sun,high,pseudohypo,10,gmax,3.01565323529271,2.8275243752526804,3.208684793028374
LA2951,shade,low,amphi,9,tau,188.26657638892303,171.21614566514555,209.03273877961558
LA2951,shade,low,amphi,9,lambda,1.1395185924066573,1.09093736430049,1.1876678963667906
LA2951,shade,low,amphi,9,gcl,21.5075943103068,20.947077381008018,22.078117462091033
LA2951,shade,low,amphi,9,gi,0.24479554219439167,0.2148200317100629,0.2799778358848833
LA2951,shade,low,amphi,9,gmax,2.4489350586095973,2.3021446453051877,2.6053596343780687
LA2951,shade,high,amphi,6,tau,260.8760648712949,236.87654261901287,290.06075013937516
LA2951,shade,high,amphi,6,lambda,1.2574201257670994,1.204768235972075,1.312805440003626
LA2951,shade,high,amphi,6,gcl,21.5075943103068,20.947077381008018,22.078117462091033
LA2951,shade,high,amphi,6,gi,0.5212860046945893,0.45867554440964026,0.5967386659890523
LA2951,shade,high,amphi,6,gmax,2.4489350586095973,2.3021446453051877,2.6053596343780687
LA2951,shade,low,pseudohypo,9,tau,190.5043924162271,173.35136245665404,211.58517502330994
LA2951,shade,low,pseudohypo,9,lambda,1.1158846628780812,1.069060857567888,1.1634296786392448
LA2951,shade,low,pseudohypo,9,gcl,20.25776980429351,19.737766813194963,20.7885117031008
LA2951,shade,low,pseudohypo,9,gi,0.19687792093835896,0.17287755698662224,0.2256985863852111
LA2951,shade,low,pseudohypo,9,gmax,1.6442511504010275,1.5452417875477142,1.7498879821295572
LA2951,shade,high,pseudohypo,6,tau,264.14839131467636,240.10898875764346,293.4320870426024
LA2951,shade,high,pseudohypo,6,lambda,1.23148221012057,1.1792280562618485,1.2860261852922155
LA2951,shade,high,pseudohypo,6,gcl,20.25776980429351,19.737766813194963,20.7885117031008
LA2951,shade,high,pseudohypo,6,gi,0.4199076957004268,0.3684635816375444,0.4809090509350453
LA2951,shade,high,pseudohypo,6,gmax,1.6442511504010275,1.5452417875477142,1.7498879821295572
LA2964,shade,low,amphi,10,tau,170.34770604429556,154.00380170631038,189.2572572594263
LA2964,shade,low,amphi,10,lambda,1.2248133599920874,1.1756054948808279,1.2737366082113442
LA2964,shade,low,amphi,10,gcl,18.857783700103333,18.4693981830266,19.286456519715284
LA2964,shade,low,amphi,10,gi,0.16589761384191432,0.14565541145706987,0.1867911057432747
LA2964,shade,low,amphi,10,gmax,2.1922449464808276,2.079378593078673,2.3157812737155643
LA2964,shade,high,amphi,10,tau,236.1002042410839,213.14264840416584,262.27061451857884
LA2964,shade,high,amphi,10,lambda,1.352327551527765,1.2974439622193008,1.4055777580227022
LA2964,shade,high,amphi,10,gcl,18.857783700103333,18.4693981830266,19.286456519715284
LA2964,shade,high,amphi,10,gi,0.35349014655301747,0.3102848723214897,0.3971642514186956
LA2964,shade,high,amphi,10,gmax,2.1922449464808276,2.079378593078673,2.3157812737155643
LA2964,shade,low,pseudohypo,10,tau,172.44601606749094,156.10620405493563,191.69689131936835
LA2964,shade,low,pseudohypo,10,lambda,1.1993058324689307,1.151291898774697,1.2486398420872915
LA2964,shade,low,pseudohypo,10,gcl,17.759787126114706,17.39533290732301,18.14838529871175
LA2964,shade,low,pseudohypo,10,gi,0.1335004688050078,0.11748989653866364,0.1503897075163405
LA2964,shade,low,pseudohypo,10,gmax,1.4724782505351683,1.400413251455004,1.5522479681016326
LA2964,shade,high,pseudohypo,10,tau,238.94744934586555,215.7249781978451,265.628428181944
LA2964,shade,high,pseudohypo,10,lambda,1.324499121578676,1.270308428635629,1.3782530828566302
LA2964,shade,high,pseudohypo,10,gcl,17.759787126114706,17.39533290732301,18.14838529871175
LA2964,shade,high,pseudohypo,10,gi,0.2844653223931238,0.2499487555826711,0.3203881746108159
LA2964,shade,high,pseudohypo,10,gmax,1.4724782505351683,1.400413251455004,1.5522479681016326
LA2964,sun,low,amphi,10,tau,170.11598916409682,154.0507086301624,188.07749355478933
LA2964,sun,low,amphi,10,lambda,1.3348691721785557,1.2814905122440425,1.3894695862496353
LA2964,sun,low,amphi,10,gcl,21.145606295588276,20.701285292627283,21.621744529674686
LA2964,sun,low,amphi,10,gi,0.23469222431248327,0.20677550069679154,0.265395996088769
LA2964,sun,low,amphi,10,gmax,4.017980261652642,3.8148464533403987,4.235796617730452
LA2964,sun,high,amphi,10,tau,235.76164966932296,213.39935960668566,260.846330685303
LA2964,sun,high,amphi,10,lambda,1.4737072678343721,1.4165230444505656,1.534522915689199
LA2964,sun,high,amphi,10,gcl,21.145606295588276,20.701285292627283,21.621744529674686
LA2964,sun,high,amphi,10,gi,0.5003674855094389,0.4415091303864272,0.5651416390606009
LA2964,sun,high,amphi,10,gmax,4.017980261652642,3.8148464533403987,4.235796617730452
LA2964,sun,low,pseudohypo,10,tau,172.21758270149755,156.09095755791486,190.84810220755813
LA2964,sun,low,pseudohypo,10,lambda,1.3073703441072304,1.2547984736157296,1.3629157391925586
LA2964,sun,low,pseudohypo,10,gcl,19.90953140223925,19.50163133752201,20.346030393812267
LA2964,sun,low,pseudohypo,10,gi,0.18890105397515108,0.16683465119715907,0.2136141602261089
LA2964,sun,low,pseudohypo,10,gmax,2.698228514802258,2.5626635819869596,2.8430286593787764
LA2964,sun,high,pseudohypo,10,tau,238.75155254820754,216.20399675776412,264.21623083180407
LA2964,sun,high,pseudohypo,10,lambda,1.443992942789884,1.3855378968744445,1.5018602705025548
LA2964,sun,high,pseudohypo,10,gcl,19.90953140223925,19.50163133752201,20.346030393812267
LA2964,sun,high,pseudohypo,10,gi,0.4028819763835129,0.3551671949993457,0.45580288623640575
LA2964,sun,high,pseudohypo,10,gmax,2.698228514802258,2.5626635819869596,2.8430286593787764
LA3124,shade,low,amphi,10,tau,117.77536201368623,107.5112818801425,128.6020472491313
LA3124,shade,low,amphi,10,lambda,1.1105894946652275,1.0683573923731833,1.156751997502253
LA3124,shade,low,amphi,10,gcl,17.408954573422374,16.99745628684645,17.81478008791473
LA3124,shade,low,amphi,10,gi,0.1703701640961503,0.15092248806665515,0.19273252909119074
LA3124,shade,low,amphi,10,gmax,2.608795557496596,2.455183514925798,2.7823506903396282
LA3124,shade,high,amphi,10,tau,163.07501527692,149.09608250180574,177.9811789961948
LA3124,shade,high,amphi,10,lambda,1.22548934978552,1.1785074555870154,1.2779671251988818
LA3124,shade,high,amphi,10,gcl,17.408954573422374,16.99745628684645,17.81478008791473
LA3124,shade,high,amphi,10,gi,0.36292181467011964,0.3231687138346233,0.41104965584811826
LA3124,shade,high,amphi,10,gmax,2.608795557496596,2.455183514925798,2.7823506903396282
LA3124,shade,low,pseudohypo,10,tau,119.16391206672034,108.70247164713612,130.2451266462028
LA3124,shade,low,pseudohypo,10,lambda,1.087752862528172,1.045137599416655,1.1331913595090866
LA3124,shade,low,pseudohypo,10,gcl,16.39351760986288,15.999702486129618,16.765939713501236
LA3124,shade,low,pseudohypo,10,gi,0.1370754841486618,0.12177476935404913,0.15558730192635384
LA3124,shade,low,pseudohypo,10,gmax,1.7520504104707408,1.6482826318263761,1.865466590865512
LA3124,shade,high,pseudohypo,10,tau,165.1260875029205,151.00309719867246,180.4732231027182
LA3124,shade,high,pseudohypo,10,lambda,1.200477971199857,1.1538838497168653,1.2502376336659806
LA3124,shade,high,pseudohypo,10,gcl,16.39351760986288,15.999702486129618,16.765939713501236
LA3124,shade,high,pseudohypo,10,gi,0.2921437093425031,0.2605817331578319,0.33188463846563515
LA3124,shade,high,pseudohypo,10,gmax,1.7520504104707408,1.6482826318263761,1.865466590865512
LA3124,sun,low,amphi,8,tau,117.64793613993362,107.31192061657175,128.25982859576055
LA3124,sun,low,amphi,8,lambda,1.2109574013551108,1.1643893161228505,1.2616211491563973
LA3124,sun,low,amphi,8,gcl,19.516391876362064,19.0507023079079,19.977358992430762
LA3124,sun,low,amphi,8,gi,0.2414459100316222,0.21283016755738435,0.2735556446940466
LA3124,sun,low,amphi,8,gmax,4.779215635275354,4.505048634731991,5.092617277455536
LA3124,sun,high,amphi,8,tau,163.00269333020765,149.14447449643967,177.72243042822922
LA3124,sun,high,amphi,8,lambda,1.336300672581609,1.2845670175784816,1.3926650868165433
LA3124,sun,high,amphi,8,gcl,19.516391876362064,19.0507023079079,19.977358992430762
LA3124,sun,high,amphi,8,gi,0.5144487690050983,0.45468073299641487,0.5821540809871635
LA3124,sun,high,amphi,8,gmax,4.779215635275354,4.505048634731991,5.092617277455536
LA3124,sun,low,pseudohypo,8,tau,118.97874029824862,108.58227290906613,130.05790039854003
LA3124,sun,low,pseudohypo,8,lambda,1.186019542213725,1.140106331373592,1.2362118618475775
LA3124,sun,low,pseudohypo,8,gcl,18.381015809291174,17.941186907849232,18.800845780905586
LA3124,sun,low,pseudohypo,8,gi,0.19441333453911636,0.17145455997882145,0.2205415836017797
LA3124,sun,low,pseudohypo,8,gmax,3.2121283915555328,3.0250040715610687,3.418231453028985
LA3124,sun,high,pseudohypo,8,tau,164.96235057414742,150.87591282131044,180.4530143892611
LA3124,sun,high,pseudohypo,8,lambda,1.3088827951947226,1.2571997038842064,1.3644593385168031
LA3124,sun,high,pseudohypo,8,gcl,18.381015809291174,17.941186907849232,18.800845780905586
LA3124,sun,high,pseudohypo,8,gi,0.4141860009271392,0.36566746929674526,0.468545957209814
LA3124,sun,high,pseudohypo,8,gmax,3.2121283915555328,3.0250040715610687,3.418231453028985
LA3778,shade,low,amphi,10,tau,164.16557666124407,147.00851170129172,182.57484034654433
LA3778,shade,low,amphi,10,lambda,1.1325650889222512,1.087974642029331,1.1807820375108553
LA3778,shade,low,amphi,10,gcl,17.69733692685075,17.244070425331504,18.134280329346453
LA3778,shade,low,amphi,10,gi,0.13525168616624828,0.11787320761209633,0.15466198418085916
LA3778,shade,low,amphi,10,gmax,1.8008007093165577,1.700071341083695,1.9081602735297865
LA3778,shade,high,amphi,9,tau,227.3625484371535,204.68231330864768,253.45544625308145
LA3778,shade,high,amphi,9,lambda,1.2494903731008662,1.2001235322124788,1.3036995809555132
LA3778,shade,high,amphi,9,gcl,17.69733692685075,17.244070425331504,18.134280329346453
LA3778,shade,high,amphi,9,gi,0.2879544716187516,0.25154355060350003,0.32965438476902537
LA3778,shade,high,amphi,9,gmax,1.8008007093165577,1.700071341083695,1.9081602735297865
LA3778,shade,low,pseudohypo,10,tau,166.18412744595906,148.93033382052033,185.235793145897
LA3778,shade,low,pseudohypo,10,lambda,1.109401515584963,1.0641983132291333,1.1573564641532923
LA3778,shade,low,pseudohypo,10,gcl,16.66269638763464,16.233138985045844,17.079109780116166
LA3778,shade,low,pseudohypo,10,gi,0.10887441411901368,0.09498474721059368,0.12401512745631708
LA3778,shade,low,pseudohypo,10,gmax,1.2085366088456782,1.141084315707122,1.2828412960788507
LA3778,shade,high,pseudohypo,9,tau,230.17413371906522,207.26771179884165,256.7223201369069
LA3778,shade,high,pseudohypo,9,lambda,1.2241788152234685,1.175101121307532,1.2781339202196187
LA3778,shade,high,pseudohypo,9,gcl,16.66269638763464,16.233138985045844,17.079109780116166
LA3778,shade,high,pseudohypo,9,gi,0.23202492854807016,0.2024940556467032,0.265572191730933
LA3778,shade,high,pseudohypo,9,gmax,1.2085366088456782,1.141084315707122,1.2828412960788507
LA3778,sun,low,amphi,8,tau,163.76320937253797,146.64346688270476,182.45777802151267
LA3778,sun,low,amphi,8,lambda,1.2338899331227513,1.1850543206235515,1.2887565295661378
LA3778,sun,low,amphi,8,gcl,19.838961923824808,19.323583344903327,20.34099767257579
LA3778,sun,low,amphi,8,gi,0.19127440926035869,0.1662319352251469,0.21911194732874034
LA3778,sun,low,amphi,8,gmax,3.2974178038814363,3.1115724283341835,3.5018605744499194
LA3778,sun,high,amphi,9,tau,226.78785548100726,204.12579212240308,252.83734769007307
LA3778,sun,high,amphi,9,lambda,1.3616553091303443,1.308373850347641,1.4219149204373234
LA3778,sun,high,amphi,9,gcl,19.838961923824808,19.323583344903327,20.34099767257579
LA3778,sun,high,amphi,9,gi,0.40733980164197625,0.35416563692917336,0.4676672421765853
LA3778,sun,high,amphi,9,gmax,3.2974178038814363,3.1115724283341835,3.5018605744499194
LA3778,sun,low,pseudohypo,8,tau,165.78298197697598,148.7831302206198,184.65135958297307
LA3778,sun,low,pseudohypo,8,lambda,1.2088324897177138,1.160930632843186,1.2625807255885615
LA3778,sun,low,pseudohypo,8,gcl,18.680958152581397,18.190860882493205,19.16845470949361
LA3778,sun,low,pseudohypo,8,gi,0.15414290543263348,0.13381854033653134,0.17613089433245202
LA3778,sun,low,pseudohypo,8,gmax,2.2136775880605772,2.0893058791499888,2.350623700715982
LA3778,sun,high,pseudohypo,9,tau,229.61252236546963,206.80132504754934,255.85591732723609
LA3778,sun,high,pseudohypo,9,lambda,1.3338961686720543,1.2814632640796855,1.393376951770565
LA3778,sun,high,pseudohypo,9,gcl,18.680958152581397,18.190860882493205,19.16845470949361
LA3778,sun,high,pseudohypo,9,gi,0.32842266215652555,0.2851177007159675,0.37572744366904653
LA3778,sun,high,pseudohypo,9,gmax,2.2136775880605772,2.0893058791499888,2.350623700715982
LA4116,shade,high,amphi,8,tau,206.63882069668577,183.84844560458907,231.70685447992
LA4116,shade,high,amphi,8,lambda,1.2654415891348787,1.2090958098040223,1.3272841303171505
LA4116,shade,high,amphi,8,gcl,20.703734725105438,20.09880217684512,21.317150864757366
LA4116,shade,high,amphi,8,gi,0.3804880291371767,0.32910946859261464,0.4388476067291688
LA4116,shade,high,amphi,8,gmax,1.8678253225087695,1.7348842504794495,2.0103109660855436
LA4116,shade,high,pseudohypo,7,tau,209.1979581853711,186.042836013586,234.75441902317047
LA4116,shade,high,pseudohypo,7,lambda,1.2395823714985286,1.1844967926401981,1.299293801774712
LA4116,shade,high,pseudohypo,7,gcl,19.499571330952627,18.93262355222564,20.06691267915358
LA4116,shade,high,pseudohypo,7,gi,0.30674066478590045,0.2646426126506045,0.354662610260321
LA4116,shade,high,pseudohypo,7,gmax,1.2545152598002753,1.1663650340714684,1.350068836685105
LA4116,shade,low,amphi,8,tau,149.2154258006768,132.43316963339115,166.63400503365017
LA4116,shade,low,amphi,8,lambda,1.146458013535143,1.0953893342619117,1.2026945491945502
LA4116,shade,low,amphi,8,gcl,20.703734725105438,20.09880217684512,21.317150864757366
LA4116,shade,low,amphi,8,gi,0.17854147210959762,0.15411520735466425,0.20637271454199077
LA4116,shade,low,amphi,8,gmax,1.8678253225087695,1.7348842504794495,2.0103109660855436
LA4116,shade,low,pseudohypo,8,tau,151.10007849807647,134.06292306198023,169.03682020854032
LA4116,shade,low,pseudohypo,8,lambda,1.1232034389074843,1.0724967287870208,1.1756931008961409
LA4116,shade,low,pseudohypo,8,gcl,19.499571330952627,18.93262355222564,20.06691267915358
LA4116,shade,low,pseudohypo,8,gi,0.14389624871818674,0.12414346590983068,0.16626532497811988
LA4116,shade,low,pseudohypo,8,gmax,1.2545152598002753,1.1663650340714684,1.350068836685105
LA4116,sun,low,amphi,7,tau,148.94879016447774,132.50985229322538,167.11823475911365
LA4116,sun,low,amphi,7,lambda,1.249937423163418,1.1947451775544118,1.3088801262659782
LA4116,sun,low,amphi,7,gcl,23.21459941767632,22.543137094611943,23.897746531328107
LA4116,sun,low,amphi,7,gi,0.25324341035696823,0.21905057261327035,0.29227253117497515
LA4116,sun,low,amphi,7,gmax,3.4246551961862255,3.1839556362770662,3.6868569290100717
LA4116,sun,high,amphi,9,tau,206.4997088784578,184.00498440987673,231.69030555904047
LA4116,sun,high,amphi,9,lambda,1.3795317772620337,1.3181678706519127,1.4439454845273918
LA4116,sun,high,amphi,9,gcl,23.21459941767632,22.543137094611943,23.897746531328107
LA4116,sun,high,amphi,9,gi,0.5393515892837896,0.46572871023924184,0.6235590295310416
LA4116,sun,high,amphi,9,gmax,3.4246551961862255,3.1839556362770662,3.6868569290100717
LA4116,sun,low,pseudohypo,7,tau,150.8467539780971,134.2379256601661,169.116431382427
LA4116,sun,low,pseudohypo,7,lambda,1.2245940253527172,1.1687694441672174,1.2818590062167747
LA4116,sun,low,pseudohypo,7,gcl,21.86896574428994,21.227511864236007,22.51148945339419
LA4116,sun,low,pseudohypo,7,gi,0.20397865570682855,0.17600004292094665,0.2357429624750778
LA4116,sun,low,pseudohypo,7,gmax,2.299899970839505,2.1374787691221133,2.4772089143892613
LA4116,sun,high,pseudohypo,8,tau,209.0049093919356,186.2025921880086,234.52871882848208
LA4116,sun,high,pseudohypo,8,lambda,1.3513480271515752,1.2898804067581238,1.4140428119379114
LA4116,sun,high,pseudohypo,8,gcl,21.86896574428994,21.227511864236007,22.51148945339419
LA4116,sun,high,pseudohypo,8,gi,0.4345943830094012,0.3756179919612608,0.5027944546574471
LA4116,sun,high,pseudohypo,8,gmax,2.299899970839505,2.1374787691221133,2.4772089143892613
LA4117A,shade,low,amphi,9,tau,152.0727987481853,136.37759837681057,170.34078058947796
LA4117A,shade,low,amphi,9,lambda,1.140172084935661,1.091740783956428,1.191186427405784
LA4117A,shade,low,amphi,9,gcl,19.12640724110726,18.662056535274136,19.633171023481754
LA4117A,shade,low,amphi,9,gi,0.16530062560468156,0.14462508364653906,0.1894980249156839
LA4117A,shade,low,amphi,9,gmax,1.7553436171487784,1.646840105398029,1.865838183792319
LA4117A,shade,low,pseudohypo,9,tau,154.0423695239191,137.6963193126657,172.52581574817333
LA4117A,shade,low,pseudohypo,9,lambda,1.1170449569564183,1.0694964287169269,1.1664270162786896
LA4117A,shade,low,pseudohypo,9,gcl,18.010837562136533,17.575391176194614,18.486736829901687
LA4117A,shade,low,pseudohypo,9,gi,0.1329655477221553,0.11630291074398041,0.15270078313274613
LA4117A,shade,low,pseudohypo,9,gmax,1.178537370687208,1.1059456646329244,1.2525551139030728
LA4117A,sun,low,amphi,7,tau,151.75756104598392,136.25783375801024,170.43912872117434
LA4117A,sun,low,amphi,7,lambda,1.2428136608191953,1.1894407517842531,1.2971442110492724
LA4117A,sun,low,amphi,7,gcl,21.447130598733736,20.91973141148176,22.006025948440353
LA4117A,sun,low,amphi,7,gi,0.23398870605767613,0.2029694614325259,0.26895397520125164
LA4117A,sun,low,amphi,7,gmax,3.2145255165946036,3.0175552778940364,3.420969681682746
LA4117A,sun,high,amphi,9,tau,210.30105896782408,188.48138052947425,235.51479413203197
LA4117A,sun,high,amphi,9,lambda,1.3713601182993103,1.3118834686038918,1.43160635947664
LA4117A,sun,high,amphi,9,gcl,21.447130598733736,20.91973141148176,22.006025948440353
LA4117A,sun,high,amphi,9,gi,0.4983675818831863,0.43410704808380096,0.5728801295888809
LA4117A,sun,high,amphi,9,gmax,3.2145255165946036,3.0175552778940364,3.420969681682746
LA4117A,sun,low,pseudohypo,7,tau,153.8357818461718,137.77188610053454,172.09618299815202
LA4117A,sun,low,pseudohypo,7,lambda,1.2172665289828581,1.1631594376136554,1.2704332821557163
LA4117A,sun,low,pseudohypo,7,gcl,20.192687926730972,19.70838386272702,20.72345996394622
LA4117A,sun,low,pseudohypo,7,gi,0.18819774730292957,0.16351843728227805,0.21654566059023342
LA4117A,sun,low,pseudohypo,7,gmax,2.159241889487329,2.029689292008065,2.2953040883431597
LA4117A,sun,high,pseudohypo,9,tau,213.21939073698567,191.01271468292188,238.2719123120179
LA4117A,sun,high,pseudohypo,9,lambda,1.3435629109486613,1.2839140862385603,1.4040523412824713
LA4117A,sun,high,pseudohypo,9,gcl,20.192687926730972,19.70838386272702,20.72345996394622
LA4117A,sun,high,pseudohypo,9,gi,0.4013174323928424,0.3486538644458548,0.46186486403298976
LA4117A,sun,high,pseudohypo,9,gmax,2.159241889487329,2.029689292008065,2.2953040883431597
LA4117A,shade,high,amphi,8,tau,210.74197049737552,188.6591157306444,236.19018679214972
LA4117A,shade,high,amphi,8,lambda,1.2579199893192947,1.203828342593965,1.3149244615059053
LA4117A,shade,high,amphi,8,gcl,19.12640724110726,18.662056535274136,19.633171023481754
LA4117A,shade,high,amphi,8,gi,0.3517732579469085,0.30799210797103954,0.40462888102410366
LA4117A,shade,high,amphi,8,gmax,1.7553436171487784,1.646840105398029,1.865838183792319
LA4117A,shade,high,pseudohypo,7,tau,213.6179572328158,191.0334919439528,238.9704416505896
LA4117A,shade,high,pseudohypo,7,lambda,1.2324705826540328,1.1780290396732196,1.2886576462962782
LA4117A,shade,high,pseudohypo,7,gcl,18.010837562136533,17.575391176194614,18.486736829901687
LA4117A,shade,high,pseudohypo,7,gi,0.28338738037286326,0.2481764386700169,0.3259161485050841
LA4117A,shade,high,pseudohypo,7,gmax,1.178537370687208,1.1059456646329244,1.2525551139030728
LA4126,sun,low,amphi,11,tau,172.98343553858558,157.21190914509447,190.75927630986618
LA4126,sun,low,amphi,11,lambda,1.2670535385239834,1.21890414651439,1.3203257984113128
LA4126,sun,low,amphi,11,gcl,24.122795215074518,23.584778887269366,24.661123166418946
LA4126,sun,low,amphi,11,gi,0.33912802833297756,0.29779295474500306,0.38341980144225984
LA4126,sun,low,amphi,11,gmax,4.690126223864624,4.459498396312246,4.935613863688047
LA4126,sun,high,amphi,11,tau,240.1229665365548,218.01398012267825,263.955150924763
LA4126,sun,high,amphi,11,lambda,1.3981927826205678,1.3441432384202963,1.4566240990438117
LA4126,sun,high,amphi,11,gcl,24.122795215074518,23.584778887269366,24.661123166418946
LA4126,sun,high,amphi,11,gi,0.7231893555898316,0.6363343075441853,0.8171619610537153
LA4126,sun,high,amphi,11,gmax,4.690126223864624,4.459498396312246,4.935613863688047
LA4126,sun,low,pseudohypo,11,tau,175.09885043890336,159.1346525115641,193.1543828294469
LA4126,sun,low,pseudohypo,11,lambda,1.2410030259500933,1.1929659188682382,1.2935238389604267
LA4126,sun,low,pseudohypo,11,gcl,22.719638826371735,22.220184236527622,23.23081652887648
LA4126,sun,low,pseudohypo,11,gi,0.27281888741970894,0.23988772012993193,0.3091937574514891
LA4126,sun,low,pseudohypo,11,gmax,3.150642888181821,2.992126678636701,3.318751221356272
LA4126,sun,high,pseudohypo,11,tau,242.7717602571955,220.65976669374453,266.79195040119436
LA4126,sun,high,pseudohypo,11,lambda,1.3693234347426366,1.317342087337606,1.427935311812838
LA4126,sun,high,pseudohypo,11,gcl,22.719638826371735,22.220184236527622,23.23081652887648
LA4126,sun,high,pseudohypo,11,gi,0.5811377686021482,0.5126669236202155,0.6598220183141058
LA4126,sun,high,pseudohypo,11,gmax,3.150642888181821,2.992126678636701,3.318751221356272
LA4126,shade,low,amphi,10,tau,173.21614164561174,157.7881912817214,190.5295088590867
LA4126,shade,low,amphi,10,lambda,1.16162617838878,1.1174726707336116,1.2096009036967532
LA4126,shade,low,amphi,10,gcl,21.51773988829312,21.035919159815005,22.00049305080695
LA4126,shade,low,amphi,10,gi,0.23919507505561513,0.21121374399150716,0.2717969535712603
LA4126,shade,low,amphi,10,gmax,2.559954761381552,2.4327732027193067,2.694665666074428
LA4126,shade,high,amphi,10,tau,240.13757054132688,218.66176108016876,263.9219070843984
LA4126,shade,high,amphi,10,lambda,1.2821367710825204,1.232669464548402,1.3348452456859892
LA4126,shade,high,amphi,10,gcl,21.51773988829312,21.035919159815005,22.00049305080695
LA4126,shade,high,amphi,10,gi,0.5098935064245799,0.45049258730141317,0.5797902416101294
LA4126,shade,high,amphi,10,gmax,2.559954761381552,2.4327732027193067,2.694665666074428
LA4126,shade,low,pseudohypo,10,tau,175.41543296724262,159.85355124035465,192.85748485547734
LA4126,shade,low,pseudohypo,10,lambda,1.1382125806582148,1.0941042115759545,1.1852492716520886
LA4126,shade,low,pseudohypo,10,gcl,20.264594768286223,19.81064234995208,20.720145254105763
LA4126,shade,low,pseudohypo,10,gi,0.19258984343325591,0.17019130583468078,0.2191975373913275
LA4126,shade,low,pseudohypo,10,gmax,1.7177537035948698,1.6343076436056754,1.8115620462318838
LA4126,shade,high,pseudohypo,9,tau,243.21668698610756,221.26376796501197,267.11488065062525
LA4126,shade,high,pseudohypo,9,lambda,1.2559637730949738,1.2082623566456654,1.308235442438976
LA4126,shade,high,pseudohypo,9,gcl,20.264594768286223,19.81064234995208,20.720145254105763
LA4126,shade,high,pseudohypo,9,gi,0.4104832472168585,0.3629885347052934,0.4654591657326408
LA4126,shade,high,pseudohypo,9,gmax,1.7177537035948698,1.6343076436056754,1.8115620462318838
