accession,id,lighttreatment,lightintensity,leaftype,loggcl,logitfgmax,loglambdamean,loglambdasd,logtaumean,logtausd,initial_RH,median_RH,final_RH,initial_VPD,median_VPD,final_VPD
LA0107,C,shade,low,amphi,3.0764275054393497,-2.213241318103594,0.23870756108,0.011209986744971394,5.1809155862,0.006959886365426462,0.17629772184121462,0.10124599048694012,0.054482929158951254,2.5866954091276564,2.8399881395804267,2.998759839191116
LA0107,C,shade,high,amphi,3.0764275054393497,-1.744223702035799,0.26403481511,0.028732685312406418,5.371705777,0.020750866116570645,0.23475675823195935,0.16652851243246597,0.11289605756713629,2.382228255592274,2.6164377060318147,2.799553217071522
LA0107,C,shade,low,pseudohypo,3.0142096889952903,-3.2682940520638777,-0.018209827059489,0.009843381184225336,4.6044484267,0.0077421004373218255,0.06694334285634126,0.04784521516220283,0.0368773645304452,2.953093616974368,3.017556691475029,3.055965439013476
LA0107,C,shade,high,pseudohypo,3.0142096889952903,-1.955380061260469,0.2363982008,0.03778631551630775,5.5986336125,0.02763890530039744,0.16909875559735602,0.11105351081557506,0.07378493636200083,2.62181256105543,2.802805128181203,2.9308609362472993
LA0107,E,shade,low,amphi,3.0577660776064635,-2.4143874547821746,0.39307082619,0.016543372761513447,4.9733025201,0.011975889432500839,0.10747097427941533,0.047034789819519585,0.03890349564345474,2.8232955102941006,3.034669763918589,3.05071960681439
LA0107,E,shade,high,amphi,3.0577660776064635,-1.8557743485882456,0.49501571575,0.022470557706277886,5.4424131922,0.010775439202553503,0.159155731462236,0.09571441417503451,0.05869136904027978,2.6614001310438207,2.8789997294720635,2.991488427540845
LA0107,E,shade,low,pseudohypo,3.012497983471436,-2.007254923156056,0.41411675338,0.01730592009643424,5.096631358,0.01205770194616698,0.12186814121646455,0.055118343052751435,0.04090006338429425,2.7716851192108147,2.997194960745387,3.043245704490511
LA0107,E,shade,high,pseudohypo,3.012497983471436,-1.2903381155922107,0.51482195963,0.021182803403218403,5.8461526399,0.010974278184524454,0.1834380962708792,0.11039402553491899,0.0642354701460376,2.546842791590523,2.8126772497907453,2.9689699787011556
LA0107,I,shade,low,amphi,3.0486859483817366,-2.9066568665048527,-0.20750930831,0.01477291400177952,4.9394602709,0.014547717101029103,0.09636381037956995,0.0750282660301203,0.066352846083201,2.863604146124325,2.930936144470638,2.961682980737517
LA0107,I,shade,high,amphi,3.0486859483817366,-1.9388237319287605,0.16487695327,0.007826126270906312,4.9492391586,0.0055893009055246416,0.17994716877677777,0.12399216625678827,0.0872177299403844,2.5721827219789746,2.7677224220527292,2.8848288939687716
LA0107,I,shade,low,pseudohypo,3.0251240861179016,-2.58220689391555,-0.039685240610498,0.022152135309625644,4.6935647197,0.016538653187678998,0.11143338846332797,0.08696355903189694,0.07757914830683099,2.826875969958881,2.875042760203351,2.9120659102744284
LA0107,I,shade,high,pseudohypo,3.0251240861179016,-2.0292539065921904,0.081482804488,0.007681799220299437,4.5053159191,0.0056231395206249165,0.16172837276940755,0.12609863569216664,0.10653158252223002,2.6697716502938764,2.7576684810457137,2.824663868129382
LA0107,J,sun,low,amphi,3.173366516313687,-2.9093899440668296,0.143958025337,0.011909363390566422,4.5814026511,0.00919231168607184,0.21334150730497758,0.12192742288486091,0.10297144508511705,2.4601519400060066,2.7665028769500593,2.8303126544273534
LA0107,J,sun,high,amphi,3.173366516313687,-1.8377267556921908,0.21240040174,0.026096269201254588,5.8936893386,0.01889768496499678,0.37162389309548644,0.26176784978099216,0.17478994341167256,1.8634566099599539,2.2551644750950746,2.5703360578793575
LA0107,J,sun,low,pseudohypo,3.061808246881836,-2.860458266741623,0.03156161241144,0.012753522164299223,5.1972483441,0.01238104239985196,0.15406864899869946,0.11260351986910297,0.07930109034446009,2.6489270282226975,2.779918915981141,2.9168595286212136
LA0107,J,sun,high,pseudohypo,3.061808246881836,-2.0076478083222495,0.22059385876,0.006763891051915872,4.5807724148,0.004132309486787704,0.2649996901819785,0.14419163917839783,0.12078281619829805,2.2671101029425227,2.712169705019937,2.775385191073477
LA0107,K,sun,low,amphi,3.123245878543451,-2.1954221971402283,0.2099999898,0.01530270963252537,4.6466198013,0.009520596385212365,0.21647226652242668,0.14565499058182527,0.09639116842138844,2.456414018872073,2.6954008934088867,2.8597845864637512
LA0107,K,sun,high,amphi,3.123245878543451,-1.6709793070604826,0.13025520072,0.006544560186065909,4.9746871583,0.004495811349171416,0.2837548743574987,0.21216374727366588,0.1648362341752994,2.2020929214509635,2.4543680270205614,2.6205532516782037
LA0107,K,sun,low,pseudohypo,2.9759186598205076,-2.7378590875741446,-0.0427498756859,0.010328069365143319,4.7373662525,0.013601553447694273,0.12665737541191033,0.10361609905665808,0.09148479895199886,2.7266380856803094,2.8009514219770755,2.8641928174429583
LA0107,K,sun,high,pseudohypo,2.9759186598205076,-1.555434367715692,0.21070970691,0.012300753087540361,5.3310696085,0.008339076896531425,0.25708144479173006,0.1933441385837706,0.13897284076558347,2.2582742522085164,2.514078564214528,2.7087772563167913
LA0107,L,sun,low,amphi,3.0274821876639946,-2.9260150134569396,0.072094804565,0.005099832496832286,5.1382462441,0.004094640435290929,0.17217447037819159,0.11584831028755957,0.07862379255365945,2.595728947159335,2.7855224407227426,2.9149567829585816
LA0107,L,sun,high,amphi,3.0274821876639946,-1.8529986041380215,0.54605305821,0.014631084293248952,5.78778211,0.006404010674064596,0.32482852989174676,0.21593084423218606,0.13352373650870608,2.041984260020655,2.431887210790257,2.724356361094148
LA0107,L,sun,low,pseudohypo,2.9548963898982645,-3.0294973937373624,0.098653973519,0.01372905398540426,5.5095155596,0.009990887511575576,0.1282504709472559,0.09997277509884145,0.07576917207406532,2.744468779926699,2.837590696601695,2.9199525493636322
LA0107,L,sun,high,pseudohypo,2.9548963898982645,-2.0265850875036167,0.34244010288,0.013345809188063594,5.6180268744,0.008020180635437689,0.2400851097019381,0.17462794387655334,0.11950016458850106,2.3380055722786293,2.574082596903329,2.7689499679430654
LA0107,M,shade,low,amphi,3.0639928779788947,-1.778966455605891,-0.02764149118152,0.03222560127649725,5.7524093328,0.03755608639587436,0.17196504106784377,0.08323622242259951,0.03881926696457967,2.591382321316561,2.9079063530485993,3.050307922638928
LA0107,M,shade,high,amphi,3.0639928779788947,-1.590324817040671,-0.00539385729216,0.03747233573528829,5.3813655049,0.030151595724537402,0.20109034779056512,0.1394819290843649,0.09346900978237302,2.511608738016702,2.7234898825343548,2.8828304686681956
LA0107,M,shade,low,pseudohypo,3.0358962491325125,-2.2721700362811523,0.10039120953926,0.039941837129308225,5.4333413609,0.03168122247002628,0.11144909813007545,0.05644141513138924,0.028380439596814012,2.8045655111975782,2.9895347350188204,3.085512189156008
LA0107,M,shade,high,pseudohypo,3.0358962491325125,-2.080051299257273,-0.078274536973,0.009041325358873096,5.9415759074,0.010439539306771295,0.12666007207574742,0.09699543278590876,0.07491822272590636,2.7689507863149063,2.860038614040902,2.93381557534335
LA0107,N,shade,low,amphi,3.050954795013205,-1.9326560810181708,0.0917023143898,0.03386128614786325,5.6468860738,0.02486159654918704,0.1516340678842438,0.06743552250761689,0.02901231216773732,2.686756280962741,2.960680551516341,3.0854888606493915
LA0107,N,shade,high,amphi,3.050954795013205,-1.5526796194835222,0.19962207209,0.016848358237202102,5.2015765288,0.011197385334366986,0.19026974310659847,0.12880872673092242,0.08552034948240876,2.5581909147906736,2.759637209392052,2.900270734675339
LA0107,N,shade,low,pseudohypo,3.0060495211216653,-1.5438542706478426,0.05420391541843,0.04244694987088589,5.6452892856,0.03529108972506539,0.1565323869769218,0.07089402450490016,0.03148492193718655,2.6585151327061727,2.950394394945548,3.076696596917564
LA0107,N,shade,high,pseudohypo,3.0060495211216653,-1.1635259854282372,0.03685530157399,0.02073441414586536,5.2013722553,0.016044857846419968,0.1901679957160949,0.12505995813369528,0.07873552833002206,2.5413101025198652,2.767409959799174,2.9214937212761556
LA0107,P,shade,low,amphi,2.877632632886697,-2.4855748336256394,0.18783995469,0.011019241105088225,5.3316505825,0.00862580189709176,0.10896221598950181,0.08016608111001161,0.0592097819195132,2.832545200926275,2.9156537477554854,2.98582719689471
LA0107,P,shade,high,amphi,2.877632632886697,-1.482573928322806,0.43613009618,0.07876336923125289,6.1928916746,0.05972601072491721,0.21532953689865839,0.15100600793023009,0.10441594959520036,2.471760837525564,2.6889971160364805,2.843462949585851
LA0107,P,shade,low,pseudohypo,2.8486860827044302,-2.0231813839321107,0.16504002507,0.00424898680549953,5.2109331967,0.004373620565397641,0.11782644589745228,0.08976655384576987,0.06910431970095812,2.7893104689087895,2.8760099104133676,2.9482731595196756
LA0107,P,shade,high,pseudohypo,2.8486860827044302,-1.0811813866658295,0.49956794544,0.03484291236388336,6.1694629689,0.020793427870641108,0.21381877053851167,0.1663360856083042,0.1266686405255979,2.470549512071474,2.637078173021554,2.769350797159444
LA0107,Q,sun,low,amphi,3.223401276870689,-2.954578350007278,0.125203459104,0.007917993448892541,4.689830749,0.005732177748737576,0.1261703790086213,0.09043896570994686,0.06485015603074226,2.7483389006224903,2.8747097975450107,2.955672330891899
LA0107,Q,sun,high,amphi,3.223401276870689,-1.6919979636132558,0.5374885538,0.010514804644052779,5.8429919269,0.004908608608320286,0.28041286391697684,0.18719979200418566,0.11553254285065061,2.1820475439516893,2.5676650400982197,2.7990708532382667
LA0107,Q,sun,low,pseudohypo,3.1749524741150754,-2.9152889979915315,0.093293262826,0.011828387289288143,4.605591126,0.008049371411102726,0.09799171392487108,0.0666963517684711,0.05141981565579152,2.8777562925442233,2.953299736992593,3.005922272026763
LA0107,Q,sun,high,pseudohypo,3.1749524741150754,-1.7421814466023249,0.58171553796,0.01867998551901945,5.5015696393,0.008324829006450058,0.21229330173027758,0.13919425603346824,0.08192889000121263,2.4443631914283985,2.71618039364927,2.908869033835586
LA0107,R,shade,low,amphi,2.9473757990746092,-2.3526926376767543,0.43717104027,0.03414867517490709,5.2951877608,0.021112147900620163,0.12673624719668383,0.08251921224655981,0.053455068885481044,2.7755462474106114,2.9032950841779064,3.003582337527532
LA0107,R,shade,high,amphi,2.9473757990746092,-1.9134717013895512,0.120321218854114,0.0930315207256986,6.0818198219,0.1503364134119067,0.17455787636320086,0.12016463284102852,0.08395879848396569,2.634404982900329,2.805444602677271,2.918402462257731
LA0107,R,shade,low,pseudohypo,2.9369761645012895,-2.727504621497205,0.113092518289,0.029656002437151094,5.5615482925,0.04583153742954641,0.07278525197718734,0.049602649739108065,0.034606201520104185,2.951075761945964,3.012998864548738,3.0641031185739833
LA0107,R,shade,high,pseudohypo,2.9369761645012895,-1.8213026543699173,-0.147939824104,0.035447933910367185,5.8228223064,0.06395210195761725,0.1294448573892682,0.08241416927709377,0.0527752327172671,2.7599436981332177,2.9079325824697833,3.0063402820828684
LA0107,S,sun,low,amphi,3.093259494643367,-1.8930269132765687,0.39746460273,0.013186068437867494,5.4766369896,0.007566731213249573,0.30127324341819606,0.22128842405310944,0.16720060447424562,2.190205828001935,2.4453335275670742,2.626024578616855
LA0107,S,sun,high,amphi,3.093259494643367,-1.4073051265978278,0.46534726392,0.012741636427886244,5.5846795218,0.006893627302094652,0.3729963655734032,0.2948795217804287,0.23164431441769334,1.9485042138073212,2.204669337562719,2.4140235376497206
LA0107,S,sun,low,pseudohypo,3.0147907899976834,-2.5335604233695994,0.054453605161,0.009218299511119929,5.038206216,0.00804891731514306,0.1400983202696161,0.11671937464227858,0.09992495156862181,2.71653951647066,2.7875858718790334,2.8432445086701303
LA0107,S,sun,high,pseudohypo,3.0147907899976834,-1.5237193119192247,0.28451840399,0.009793403881429661,5.5075387489,0.0061202004043910754,0.256585775947346,0.20499843373845508,0.16108905599349588,2.3272821991717993,2.504597623820578,2.6518292875419496
LA0107,T,sun,low,amphi,3.0146988743240115,-3.277919695250814,0.49999052191,0.016403752573028216,5.6844122872,0.008436306119271297,0.11366889164224844,0.08584551747118851,0.06542932685299287,2.8038212761493884,2.8907140639068367,2.959568536769419
LA0107,T,sun,high,amphi,3.0146988743240115,-2.0416653743844835,0.58924791778,0.021150115287092767,5.7265954814,0.008195717707406323,0.25617893695263133,0.1468805599873883,0.0793925952131069,2.30042191084086,2.685333840002192,2.9143486644411913
LA0107,T,sun,low,pseudohypo,3.0004056241398187,-2.7758456078094924,0.33830918494,0.008995243953651049,5.1685801368,0.005340351647395851,0.09724851734131833,0.07054520083031027,0.05278815097753253,2.8408794345613284,2.9491862751393243,2.998600710381717
LA0107,T,sun,high,pseudohypo,3.0004056241398187,-1.7395383510696645,0.51638876563,0.02346688817923373,5.7917920511,0.010445266619982534,0.1957795452049904,0.11365575358962117,0.06054288418629678,2.491744633938454,2.7995112117248873,2.9785336363703485
LA0107,U,sun,low,amphi,2.9941168285023796,-2.178980074329755,0.22236485733,0.014297138723638367,5.266742043,0.01145033009502153,0.1988540618547892,0.13501081964198292,0.088341054561295207,2.501306128752229,2.7268464218813984,2.881966378861438
LA0107,U,sun,high,amphi,2.9941168285023796,-1.3237509179272953,0.3662411844,0.03620466002036721,5.9574826736,0.026649663393203956,0.31892766074684836,0.22390722676764463,0.14640441930104786,2.07141436645799,2.421370206227233,2.699343405151002
LA0107,U,sun,low,pseudohypo,2.892183960987572,-2.552573458658249,0.1973048885,0.011602885393344586,4.8413257226,0.008346822873657591,0.14295078659264432,0.1064215928679268,0.08822421138124693,2.689251204985471,2.8174254062023847,2.8772252396256635
LA0107,U,sun,high,pseudohypo,2.892183960987572,-1.264035095899435,0.30785549496,0.04292093997804051,5.9414977057,0.03387842656758655,0.28334736972174135,0.19670418095963987,0.1330932549612486,2.2089617410779754,2.517469740900669,2.7427881281697903
LA0107,V,shade,low,amphi,2.693807828352878,-2.3213849531035073,0.140842137431,0.026264075344363848,5.1940327124,0.026692476425532612,0.08932203444686378,0.06255248816279416,0.05614031092795157,2.902758949800566,2.9785681698908757,2.996521778975193
LA0107,V,shade,high,amphi,2.693807828352878,-1.8036691638883207,0.2216890789,0.024011409033157738,5.0681040626,0.018734815606940645,0.13094547695718853,0.10637832715804493,0.08645924664540311,2.796031535663365,2.8493035833508844,2.9088545911272474
LA0107,V,shade,low,pseudohypo,2.6358186535057166,-2.5487446929709634,-0.0399777673271,0.006836926724137857,4.986981851,0.008085010039856705,0.08394660418830437,0.06737255164587058,0.0550481293845389,2.901083010019085,2.9482909064303806,2.992159880651151
LA0107,V,shade,high,pseudohypo,2.6358186535057166,-1.8954110997965883,0.118631981763,0.01761444219427828,5.0574143736,0.014145066208784385,0.1255157289341084,0.10415804846329599,0.09091648483552459,2.760255782119387,2.820343861213973,2.867342891363541
LA0107,W,sun,low,amphi,2.8498943452322334,-2.642177360058521,0.2191889523,0.010184747345842732,5.6357516474,0.008621956605273323,0.08538661913344871,0.07018252415392687,0.06015862962241462,2.886601799771869,2.9433415489703076,2.979632657447043
LA0107,W,sun,high,amphi,2.8498943452322334,-2.0483044905410495,0.18953175144,0.00913336953533613,5.1994410103,0.006822067368917575,0.13129937383714674,0.1010128086396495,0.07830364122828155,2.750805086091917,2.8515861434414798,2.9251874748316764
LA0107,W,sun,low,pseudohypo,2.7976550119357704,-2.2857876560516766,0.33517569583,0.011559620870903143,5.3592871731,0.007832138992978351,0.10405284429071042,0.08397423900288946,0.06799462575341506,2.8238139274530143,2.890972704953284,2.9437099479561892
LA0107,W,sun,high,pseudohypo,2.7976550119357704,-1.738267927215009,0.124104883886,0.011155140463749241,5.1931469541,0.008696752177830863,0.14748066919813482,0.11555963712915449,0.08828105680962696,2.673013023969656,2.7827142649264878,2.8774649954309015
LA0107,X,sun,low,amphi,2.732393113514725,-2.9026062471707674,0.0599388110245,0.015244273122909668,5.0084854179,0.012357152871214819,0.10969694839537099,0.08726005565976161,0.07051703760519258,2.8364145356397863,2.8908684657282175,2.947342258620965
LA0107,X,sun,high,amphi,2.732393113514725,-2.1614215774474355,0.36614197919,0.007553984767865405,5.2141872618,0.004387427775369614,0.18337643866088615,0.14147046089252174,0.10799182175458757,2.6081796963445165,2.740030391349309,2.841761462304721
LA0107,X,sun,low,pseudohypo,2.7043570330630677,-2.3499033793581305,-0.059740150776,0.014973869714406424,5.1012952198,0.01807950258786763,0.1470112299444624,0.11973922465118901,0.10458060754815258,2.679788051007126,2.75796472987545,2.813475828401197
LA0107,X,sun,high,pseudohypo,2.7043570330630677,-1.7063574190409212,0.26541406264,0.00929229105948793,5.1065460769,0.005982332160207372,0.23017208763046218,0.1908047390032413,0.16360907702808236,2.479308692009435,2.5480054989311407,2.6422140435687145
LA0407,E,sun,low,amphi,3.0587716713519115,-3.1200487868942517,0.113809994016,0.00515248215999596,4.3995325713,0.0035873170977188383,0.11330639861165706,0.07470880346329443,0.0574665950707385,2.8002293755717953,2.9319574636278447,2.9873519340273678
LA0407,E,sun,high,amphi,3.0587716713519115,-2.271535021732853,0.086100409177,0.006442869036083244,4.5676525065,0.004861846171919376,0.1995057814563964,0.11447010704781065,0.08946262579852324,2.4997727308542106,2.8025219258250176,2.8771726737441714
LA0407,E,sun,low,pseudohypo,2.82264968360189,-3.0483634053338275,-0.089098822151269,0.042395435757410276,4.7652307902,0.034880465944561206,0.08412052212411252,0.0661726215368392,0.061410071148751834,2.892723781724909,2.9573547650597902,2.9752442898763247
LA0407,E,sun,high,pseudohypo,2.82264968360189,-2.5493709166596368,0.0166980443592011,0.008866180539036345,3.8638355658,0.006674899965544082,0.10701538682709186,0.08069347969067556,0.0774926424441314,2.812508879708812,2.9107427430412276,2.911519573496406
LA0407,H,shade,low,amphi,2.9075889316885104,-2.618480015566633,-0.061785046031,0.007221350462679486,3.9465511534,0.00606064093773626,0.07350276239937407,0.055048002000219615,0.050634344697406894,2.943440984130006,2.9981380693297783,3.013798884156331
LA0407,H,shade,high,amphi,2.9075889316885104,-2.154748560548878,0.089297807182,0.013188954017770364,3.92381288,0.008810002197494607,0.10319164685990807,0.07831743144106712,0.07386116852196169,2.860587871996934,2.933278479655452,2.936864546062094
LA0407,H,shade,low,pseudohypo,2.8487972386747367,-2.5175782984775155,-0.04761142325,0.01015570054369429,4.1985256345,0.008155133045395887,0.07096617055328672,0.05197476773496716,0.045031507436428586,2.949638908464528,3.0047296688997394,3.030340613344787
LA0407,H,shade,high,pseudohypo,2.8487972386747367,-1.4071868771804739,-0.001093755473191451,0.005645632454646117,4.4855469461,0.004573028703168706,0.1419188037487014,0.11246851074354328,0.09401927558253823,2.7069913413953954,2.808256165005653,2.862256300126663
LA0407,I,shade,low,amphi,2.689398403696083,-2.9596763341955015,0.30443892613,0.02149850618143672,5.1058547921,0.010353070038124032,0.1767486111313216,0.10241286832661188,0.058125855730990016,2.5948918299365964,2.847575531591577,2.9881267931398114
LA0407,I,shade,high,amphi,2.689398403696083,-2.6773949496914993,0.46891605895,0.016794603358481937,4.9384903234,0.010815051902569277,0.21629506891305242,0.10689016923686996,0.08251933683788487,2.481864196099409,2.834626352913716,2.9086817273156926
LA0407,I,shade,low,pseudohypo,2.6835686658611935,-3.5043994108691328,0.151862055737,0.0176976730730801,5.1104199634,0.011549466510691392,0.1157690910639487,0.0735448785912119,0.045827869898574645,2.8001206962426535,2.938377882719001,3.029376746210702
LA0407,I,shade,high,pseudohypo,2.6835686658611935,-2.8668486932013333,0.38397727817,0.014043232963049499,5.2977151254,0.007330429089736457,0.1843887920679046,0.11985902565933268,0.0743337997921106,2.6049590946582843,2.792590812478001,2.935724361716761
LA0407,J,shade,low,amphi,2.8292046091213705,-4.086373918186206,-0.089267258081,0.007608973110358887,4.4415423068,0.008138724423771818,0.057672378165468434,0.04972862797095808,0.045462174667180985,2.994766931275374,3.015173283588197,3.028168629965438
LA0407,J,shade,high,amphi,2.8292046091213705,-1.8282487506150424,0.28576592160000003,0.016083858317730963,4.7634216517,0.01344062355476629,0.24221192561004481,0.0865328806096211,0.07650101927073538,2.3469746416866575,2.8922383049025795,2.91710428110061
LA0407,J,shade,low,pseudohypo,2.8192560116470844,-3.652760283984767,0.096994659401,0.021935070253687173,4.003206173,0.020662757217173783,0.08126702528687227,0.06932624244164312,0.06674162946407705,2.9077331580388694,2.953496336036396,2.9582723935931745
LA0407,J,shade,high,pseudohypo,2.8192560116470844,-2.098549635646683,0.19657743694,0.01597202877331711,4.4382033403,0.009886861962392789,0.19524211308063183,0.11814965134588516,0.0964737590998053,2.5185447797635203,2.7810345463795976,2.854655739867482
LA0407,K,sun,low,amphi,2.916696263517361,-3.6723143256297717,0.28288431433,0.021009419281971337,5.0194020531,0.01322650085369305,0.16513137807364126,0.0890767787318932,0.06011811856828714,2.6425975003423563,2.8917884951179293,2.982620958871214
LA0407,K,sun,high,amphi,2.916696263517361,-2.955837352127686,0.43268160716,0.011551985732587032,5.4894411361,0.006082918079029421,0.25959169829544354,0.17325927262489565,0.109382680392835,2.319003820349012,2.6073995581145835,2.8185986414226707
LA0407,K,sun,low,pseudohypo,2.9303906248457525,-3.209926344539085,0.28051764066,0.016942729071742445,5.0790475398,0.009276490946062976,0.1793410331515495,0.10826140909189991,0.06529193094148959,2.5743794281600794,2.82332264206042,2.963314988150826
LA0407,K,sun,high,pseudohypo,2.9303906248457525,-2.463896267008559,0.46329012486,0.01585460400235445,5.5821544803,0.008448345422176734,0.28261341408447493,0.1926806037610599,0.12534278178099767,2.2459552498313635,2.539000877205643,2.7707573442467615
LA0407,L,shade,low,amphi,2.9856692361463506,-3.0609840613772143,0.164853457625,0.0278792943513372,5.2488684095,0.026406481168656532,0.09039836976587544,0.06331164884122151,0.04504332613177343,2.8807436005137954,2.9759703138080886,3.0330232898036145
LA0407,L,shade,high,amphi,2.9856692361463506,-2.2838032917125606,0.089617163895,0.007830826521654623,5.6430181831,0.007657591836107012,0.1622265087185262,0.12552891340395989,0.0944465717576284,2.6627249654706224,2.783530321963901,2.8820254120583884
LA0407,L,shade,low,pseudohypo,2.9691705123837617,-2.391638041411249,-0.05290266339514,0.04861501761676453,5.6009188753,0.05986179235548273,0.1472190941769096,0.08696178822226854,0.051498884308632496,2.692790277746301,2.89082651111227,3.009732759235382
LA0407,L,shade,high,pseudohypo,2.9691705123837617,-1.789652967635903,0.09246340762,0.016599704798540563,5.6477605531,0.013407183716808938,0.21896587006032048,0.1607134246944092,0.11325102877620419,2.46553360008744,2.6590892292660193,2.814981248456393
LA0407,M,sun,low,amphi,2.8591579377519034,-3.3967160005556134,0.06394907995,0.009459173221645181,4.4023038549,0.007182669625073872,0.16691353405755271,0.11055169959158577,0.08698345570443301,2.632849221167205,2.8095712016430268,2.8884643153348053
LA0407,M,sun,high,amphi,2.8591579377519034,-2.4095572178240507,0.19495467642,0.007004179413746377,5.2429226984,0.005027369072292851,0.31331729333284436,0.23414677454475447,0.16826427210777917,2.120048037715547,2.399916262390297,2.6186715125240183
LA0407,M,sun,low,pseudohypo,2.804901931678735,-3.1216860356372607,-0.122763339224,0.0355981254886372,4.5343558781,0.031034084827056246,0.1541489649308343,0.1255718229340736,0.11007268504070916,2.666746727578478,2.746671559577155,2.800577784151077
LA0407,M,sun,high,pseudohypo,2.804901931678735,-2.6441565638805677,0.0655511653606,0.017890736011463102,4.8287925903,0.01330613108701401,0.2214087919371435,0.17306331315965462,0.13753889092609448,2.4609398921485064,2.624335458121221,2.7407606999078102
LA0407,N,shade,low,amphi,2.872886841522236,-1.71684667946909,0.20148391051,0.013506309472424207,4.8028266392,0.0077034737351620525,0.2761515189957845,0.1039079773218979,0.04649378212531987,2.251933538312484,2.845884381561913,3.0277434198415407
LA0407,N,shade,high,amphi,2.872886841522236,-1.756178993700011,0.20814081845,0.022236960875929065,4.5521887627,0.01423718583438039,0.27969955150066816,0.14480157991912043,0.08352110311188636,2.2796843358417993,2.7142996046970462,2.909449887721971
LA0407,N,shade,low,pseudohypo,2.7566713644335668,-2.099556709167347,0.16450737344,0.009151599697229066,4.7892759533,0.005890748088189443,0.15652005595829946,0.07544850394337763,0.0391749906858257,2.6905169017413684,2.928429987874181,3.0508914983350572
LA0407,N,shade,high,pseudohypo,2.7566713644335668,-1.6452102868401643,0.41741557535,0.013877055704642958,4.9282287204,0.006734304441448575,0.21496974941606092,0.117697805338494,0.06304809362592642,2.503706112891516,2.8224328473426303,2.980932833754536
LA0407,O,shade,low,amphi,2.9602800757595866,-2.300865695387585,0.15534652383,0.014400259354913182,4.9012748915,0.008521733414047746,0.14655952253904345,0.05325536572836168,0.02345360211826375,2.6840702269947467,3.0049547074467617,3.1003333331923963
LA0407,O,shade,high,amphi,2.9602800757595866,-1.311820339383661,0.120191174873,0.01570208323233054,5.4132673819,0.011452499944086954,0.2637459464949538,0.11278936024928726,0.04569124514541455,2.2643837931164867,2.798927406236746,3.025599622701174
LA0407,O,shade,low,pseudohypo,2.9126606661660377,-1.834042660767194,0.04777881246746,0.018886565933425612,5.0935375347,0.014006682894725633,0.1451589050383559,0.058708394886235776,0.023824656862568593,2.700567657037088,2.982805958046435,3.101125856794886
LA0407,O,shade,high,pseudohypo,2.9126606661660377,-1.1964710458012182,0.19036299783,0.010114710576391633,5.0808870719,0.006525478564902451,0.2154749548544696,0.10846413468719363,0.050809219738900645,2.465816730977308,2.827793383155255,3.0150834148794394
LA0407,R,shade,low,amphi,2.7419630734454734,-2.4113969859701747,0.1791270134,0.017158747817321705,5.1654862597,0.012218187817707454,0.1520543513722719,0.10829860209394596,0.07612658566266597,2.667357925541309,2.8213635183299193,2.926229625582806
LA0407,R,shade,high,amphi,2.7419630734454734,-1.836152879189307,0.224603307965,0.027105041600103446,5.2058726695,0.01953781286679084,0.21537843581647836,0.15309648412952664,0.10642245102760903,2.436200907861276,2.6566601454975993,2.8110082993074483
LA0407,R,shade,low,pseudohypo,2.675752468895229,-2.5562357873164987,0.19935323975,0.018464462891340287,5.4860834447,0.014723688815544441,0.10218318311135659,0.0669201391384471,0.04395560751619387,2.8328654235059503,2.9552397751655524,3.0307288475028673
LA0407,R,shade,high,pseudohypo,2.675752468895229,-1.7801851956702446,0.101036571277,0.02126242274649,5.6228225185,0.020207479321002305,0.1726395695662387,0.1204157145210378,0.08193391373858197,2.5915639065714275,2.7710138660866592,2.901767939225553
LA0407,S,shade,low,amphi,2.74137634271797,-2.3364523533816226,0.37889112747,0.022489008344540488,5.7041697053,0.012633131002940615,0.1791779228571464,0.10184978774330418,0.05932229218531812,2.5833038996806144,2.845530482271461,2.983996071351573
LA0407,S,shade,high,amphi,2.74137634271797,-1.9362189208356178,0.03816247929458,0.014440977858214172,5.5399027239,0.013809231690864303,0.22736889202146615,0.1499258715384496,0.09671910593471249,2.4274300125927817,2.685313216820893,2.8642884038489878
LA0407,S,shade,low,pseudohypo,2.7061131058068164,-2.185149027049224,0.28165158867,0.014593537027941443,5.1790042604,0.00877980213379439,0.15766123929517728,0.07991879029295688,0.04006204355078774,2.639118859039459,2.9229867203742135,3.047705351283758
LA0407,S,shade,high,pseudohypo,2.7061131058068164,-1.9185156071800096,0.37894721774,0.02420576737879343,5.0302350595,0.011849738915072554,0.20378446664798014,0.10994569930516823,0.058587716713175815,2.5573396854586514,2.8366742926179356,2.9969932068656946
LA0407,T,shade,low,amphi,2.7765085813927617,-2.8574663815653873,0.15648174716,0.00789180883507039,4.804319353,0.005056144760422652,0.12872111357976826,0.07727364881974805,0.048819579595921266,2.748779351591709,2.918995044242083,3.0148129417517504
LA0407,T,shade,high,amphi,2.7765085813927617,-2.1894655598961306,0.21833804975999999,0.01873517390834948,5.0786013322,0.011936183335523223,0.20271513502746055,0.12382265433010581,0.07626155458440871,2.4902374288230193,2.76442810908257,2.918170862892663
LA0407,T,shade,low,pseudohypo,2.7418732784073563,-2.761305375299167,0.0643295268645,0.020322472098014934,5.4846500907,0.019760694933610087,0.1084116702761251,0.05652946552522594,0.029892849552085998,2.815075781950821,2.988528911782476,3.0797420032742746
LA0407,T,shade,high,pseudohypo,2.7418732784073563,-2.2583552181589384,-0.068994713158,0.018399230889485432,5.3612013721,0.01898662418516361,0.1566441642604481,0.0982433081174624,0.0591569554424766,2.660915224357177,2.8548334806852815,2.9846409466674078
LA0407,U,sun,low,amphi,2.906406336866021,-3.5457305454518826,0.079010915086,0.006302266645802482,4.8084389364,0.00486994742282871,0.14525270115301392,0.10177547790448609,0.07391544319361126,2.6960600819515035,2.838230105051249,2.9338698307054623
LA0407,U,sun,high,amphi,2.906406336866021,-2.4256477381187254,0.1899017825,0.005500380774249386,5.1750754515,0.0038198294922087033,0.2917110195203414,0.19975635824292018,0.12934907203453924,2.1831208403240536,2.504517103666589,2.7412604787314416
LA0407,U,sun,low,pseudohypo,2.8058543900263895,-3.5268943625437394,0.15318575309,0.009491539203649082,4.6167871022,0.006282349763644796,0.10069151082133826,0.057128840990298184,0.03540218359957585,2.8452420100731977,2.9864434882013873,3.059696603861043
LA0407,U,sun,high,pseudohypo,2.8058543900263895,-2.3409354550638337,0.55322881797,0.013583101069086672,5.2434862582,0.005869326246988342,0.22876677491817757,0.12151636021398884,0.06293323076395789,2.3854044884845034,2.7633493661713917,2.967277115776271
LA0407,V,sun,low,amphi,2.8732749977866487,-2.6053790322161317,0.32636893191,0.014735861782347537,5.1363106131,0.008071568261030252,0.2224239812237171,0.13491970425271446,0.08070336921039802,2.446271800629674,2.734978186731269,2.9140222087189502
LA0407,V,sun,high,amphi,2.8732749977866487,-1.7550144104484289,0.3367698963,0.023459203233590326,5.7238039626,0.015051886219743137,0.35237337808893515,0.24465704074212638,0.16031147878298563,1.9896515193904023,2.3582351537250403,2.644426078240909
LA0407,V,sun,low,pseudohypo,2.767989880498325,-2.7769475937726846,0.099067284873,0.014935801452889242,5.0348676665,0.011299031571378106,0.1360793801651933,0.08896013217381558,0.05725615751730068,2.734693044025458,2.882992465760734,2.9873306363001872
LA0407,V,sun,high,pseudohypo,2.767989880498325,-1.8344717781751447,0.27833000941,0.016629018804463165,5.5133643419,0.009858652191596443,0.2619177660445365,0.1726009056639372,0.11180253595969004,2.361526594213019,2.6279012544371168,2.828828909379725
LA0407,W,sun,low,amphi,2.8044067852973074,-3.3146145458577796,0.39999487669,0.010529344580083621,5.2388510712,0.0059570811842584726,0.2033035962211457,0.11925783305402765,0.0667856162678477,2.5068119379163987,2.787436846152687,2.9593738937133995
LA0407,W,sun,high,amphi,2.8044067852973074,-2.754451051266074,0.39033457638,0.009505535128393404,5.3946297363,0.005137814960888006,0.28826977234132883,0.18150934569135463,0.10899979089621166,2.222683895495236,2.5789423251470307,2.818176088566978
LA0407,W,sun,low,pseudohypo,2.752015177154388,-3.4199646787090687,0.1731178391,0.012331928009938849,4.7829409572,0.007192713386510577,0.1543116711245954,0.058541360026645346,0.04770836269232257,2.677067405694214,2.9864628665682864,3.0217537713946223
LA0407,W,sun,high,pseudohypo,2.752015177154388,-2.9706135206054585,0.46778742723,0.011237608093548348,5.2775439013,0.005523616883987277,0.22340609445719328,0.13927698414919676,0.087696485829563,2.4981461991978993,2.751276229710525,2.911722825472199
LA0407,X,shade,low,amphi,2.7345469660316115,-2.511044177794508,0.20865949846,0.010422810452870553,4.913175078,0.006273902748732767,0.16635041610462292,0.08013435303715384,0.03999771359941283,2.6215655818994548,2.9122868956030468,3.04372883650112
LA0407,X,shade,high,amphi,2.7345469660316115,-1.8624872133587473,0.41382564618,0.017195867604606778,5.1423917098,0.008191407508040776,0.2508832301219621,0.14350769892110316,0.07518542734301122,2.3160318213590934,2.6955617857158995,2.928780205858522
LA0407,X,shade,low,pseudohypo,2.6963366302717087,-2.4796690834829596,0.28536879752,0.02443508370435354,5.4870920516,0.014542007539833908,0.15304621457330736,0.09017625352533112,0.05976207279640666,2.6656664862674306,2.877130638086724,2.978852799236807
LA0407,X,shade,high,pseudohypo,2.6963366302717087,-1.9562823823289022,0.154072837282,0.013298368159659454,5.6491636335,0.011936583361283446,0.20698703035328977,0.14026640940393537,0.09312251520707465,2.4842937536187737,2.7129212706552734,2.870948165526623
LA0407,Y,sun,low,amphi,2.8342867061131645,-3.66789632543805,-0.044522775082,0.007286977535543106,4.3496808829999996,0.005700192465569501,0.10741237878128054,0.06555486711812945,0.051057129901454466,2.831259964739216,2.964423997313531,3.013781992264511
LA0407,Y,sun,high,amphi,2.8342867061131645,-2.1438952283445802,0.32661414949,0.016411477084602766,5.116528326,0.009394502590233387,0.30836070896824785,0.18890322974089785,0.10390869825834453,2.163114565004944,2.5688564992364618,2.8528312521256827
LA0407,Y,sun,low,pseudohypo,2.780127555843648,-3.6818320781438154,-0.10789657350700001,0.025369372956192335,4.5202050388,0.019530652432217493,0.08153283333965473,0.05915233723871725,0.051758444128816875,2.9256319665400325,2.985366299083606,3.0087758059603176
LA0407,Y,sun,high,pseudohypo,2.780127555843648,-2.261471898819699,0.41813471899,0.014168362378694723,4.9791922453,0.007176323445622705,0.23374772537274427,0.1500919496930609,0.09061632804463705,2.4572358861681542,2.7228616838898527,2.8969906818678046
LA0429,A,shade,low,amphi,2.9542972066133895,-2.536366666760156,0.03893627459403,0.036531942723910096,4.7848174299,0.029700554197396173,0.1472314438378023,0.05417022672619205,0.03203142294829098,2.6899845144592427,3.00187393270293,3.0732755085286185
LA0429,A,shade,high,amphi,2.9542972066133895,-1.5195064827416551,0.088528016121,0.018006682704367744,5.0446557133,0.01241558428383627,0.2616191398478305,0.13407565729262305,0.06718140994607949,2.275891859790797,2.7143661733810704,2.9485057609100176
LA0429,A,shade,low,pseudohypo,2.8504415501587874,-2.2376379273859865,0.14120922208,0.024915699008726293,4.9405471328,0.015894188499084465,0.12646295201736218,0.05596790385204828,0.03563921470281023,2.747757632478137,2.9949350790561766,3.061009021390568
LA0429,A,shade,high,pseudohypo,2.8504415501587874,-1.900391788246502,-0.083947042328,0.01298605591496636,4.9839176885,0.013373819319603911,0.1520728753118301,0.09143641121049015,0.05919906773999637,2.667060743557154,2.8715676901169376,2.983288442278103
LA0429,B,shade,low,amphi,2.980981811548017,-2.554609139176781,-0.047420746613798,0.030776682471192387,5.2304413795,0.028043463722549466,0.12358812294061951,0.05679366394267287,0.02688023913729867,2.7702744687329512,2.992636990554268,3.0898002750484723
LA0429,B,shade,high,amphi,2.980981811548017,-2.1047743191267387,0.16914868128,0.0032284884981146553,4.8248995161,0.0019478574673481334,0.16413866774021355,0.07509662405796569,0.03816713589610913,2.6189916674607,2.9226317401190993,3.0473238150763367
LA0429,B,shade,low,pseudohypo,2.899336022899481,-2.141980160286281,0.17333618056,0.020427675967869357,5.1200846553,0.013245623523418449,0.1065908338319213,0.06209549487746455,0.045705129584627455,2.824124436361716,2.9789868683726883,3.028184974911032
LA0429,B,shade,high,pseudohypo,2.899336022899481,-1.8813885969036352,0.090871058412,0.02443592536132667,4.8628618875,0.017048358697827875,0.12047080343134213,0.07378005814185212,0.05125163283411222,2.775271794870882,2.9351009903760006,3.000606891975588
LA0429,C,sun,low,amphi,3.060046571235092,-2.4771291840461913,0.36091906075,0.013346173006146465,4.7255053356,0.007784961724182044,0.19137321901038185,0.11124194647425661,0.06748173592589843,2.524641387953263,2.806379069560079,2.950746709002555
LA0429,C,sun,high,amphi,3.060046571235092,-1.765127618242663,0.22442129903,0.009922882884737052,4.7977476536,0.005794698852563345,0.28371044614372526,0.15188178252955747,0.09039199930723364,2.188958731233505,2.6553917482050413,2.870087515292742
LA0429,C,sun,low,pseudohypo,2.9253155578612864,-2.259026339505595,0.163575968024,0.020480259131559285,4.4676150953,0.012538788354204715,0.16156682063410538,0.08553036080473712,0.05225872827341684,2.65362324906264,2.896681418505335,3.0027153797582566
LA0429,C,sun,high,pseudohypo,2.9253155578612864,-1.3055850826473119,0.27227606035,0.014666487117859794,5.0328833920000005,0.008045692257742787,0.27525222694562806,0.1606415493143683,0.08763901595044622,2.2308410371864458,2.634684798227093,2.8859355120643553
LA0429,D,sun,low,amphi,3.045078432897903,-3.0373700571009223,0.097736890262,0.014690611514978788,4.5292739908,0.010344242471850297,0.1298354262682197,0.08371195938059585,0.06586402995710448,2.7488696536858797,2.9004306922080345,2.9615891175311035
LA0429,D,sun,high,amphi,3.045078432897903,-1.712705348911441,0.29366733159,0.004668323640691632,4.786992576,0.0029213189919515253,0.29309438888746975,0.14638955281122346,0.0853055781789799,2.173880156637253,2.688408110017993,2.892980894456444
LA0429,D,sun,low,pseudohypo,2.92206430705081,-2.239566024165361,0.141280409337,0.018140684319111148,4.5183645213,0.012031848854183885,0.17126412906826322,0.0842090096333753,0.048732037937666596,2.6096133338266827,2.8907424395319072,3.0175830682272116
LA0429,D,sun,high,pseudohypo,2.92206430705081,-1.5245555416607888,0.20413050411,0.01191680718861916,4.997788919,0.007877146044030042,0.2533646665311671,0.13949664532443273,0.07525086714014853,2.3149739470799853,2.7203585575073093,2.9293731305962813
LA0429,E,shade,low,amphi,2.9144005844243286,-2.2194340635360907,0.036864312570179,0.019009807560536312,4.9502964279,0.01462000776171697,0.17760954613094948,0.07447789384668249,0.03461353009549851,2.5799297329364004,2.946632171356387,3.061663095267233
LA0429,E,shade,high,amphi,2.9144005844243286,-1.758963883155785,-0.160620810933,0.04132726896572169,4.9740623971,0.043287348838702354,0.23204651086705114,0.141202264717348,0.08383399444082193,2.401921639086874,2.709959616711601,2.902737525630041
LA0429,E,shade,low,pseudohypo,2.8758303050985066,-2.2000681376314386,0.0178579885421687,0.02738870085447304,5.0041513883,0.020291562657616613,0.15187359243526713,0.061541466227743834,0.025092911810986926,2.6741160451887396,2.9788111725975503,3.0966050057793253
LA0429,E,shade,high,pseudohypo,2.8758303050985066,-1.765493385212395,-0.0863601305275,0.02463568094345047,5.0134277956,0.027235501724509593,0.19996602409210532,0.10232390454054364,0.052337302866202695,2.5248687691759857,2.8413089938364484,3.007234197766123
LA0429,G,sun,low,amphi,3.003748734704105,-3.6955104958172957,-0.0575479173891,0.019876515155013142,4.2838020906,0.015305704753263928,0.12036810214850821,0.08200008462722491,0.07188046471636113,2.783956199149156,2.903974576619123,2.9385283854832207
LA0429,G,sun,high,amphi,3.003748734704105,-2.4615787888016913,0.149583145026,0.013356480091300449,4.8097742083,0.009374460214900997,0.2700218644870813,0.17623742477646354,0.11558006884144296,2.239893713995438,2.569800291310015,2.7834828234787414
LA0429,G,sun,low,pseudohypo,2.922445931854238,-3.6314231826488106,-0.03107647794777,0.012161900001146862,5.482341869,0.03594043959042087,0.09371506235739628,0.07471606429603411,0.06284027147751749,2.8655355414715906,2.9274865743783414,2.9671824741930366
LA0429,G,sun,high,pseudohypo,2.922445931854238,-2.504182902068794,0.12557588923,0.007229726506364667,4.8861804805,0.004696186012718809,0.20732381503131997,0.1282820716806864,0.07515625047162584,2.4792180763022436,2.753646541686861,2.9326102000173693
LA0429,H,sun,low,amphi,3.051554931003149,-2.5983764040053474,0.48513107465,0.00997834657460428,5.2313932045,0.004543218020933567,0.21283544055952028,0.1073561514959499,0.05447070246910142,2.4793152087313026,2.8359072682736097,3.00260516378853
LA0429,H,sun,high,amphi,3.051554931003149,-1.8053692436586146,0.36043740317,0.011169064300418361,5.3101288546,0.0063556604253201575,0.33316143992733654,0.1762301257098835,0.08238941205493107,2.0763094081291475,2.603602314826632,2.9116526109227223
LA0429,H,sun,low,pseudohypo,2.940144727297625,-2.2432160120131575,0.27441788129,0.013657730947824428,5.1971993912,0.00840601550375515,0.16399546537609364,0.09938560783255208,0.05628078708731097,2.6334094174776936,2.851743895682175,2.993092166228127
LA0429,H,sun,high,pseudohypo,2.940144727297625,-1.1345915255606964,0.37155158506,0.007956576031313473,5.4241671802,0.004236133583082781,0.2957672853670013,0.17398582688184183,0.0943973027536288,2.1702487251772213,2.5975893906904406,2.8725409698230253
LA0429,I,shade,low,amphi,2.7663582833432536,-2.3416360696636476,-0.19695619309,0.022905057212592644,6.1207180834,0.04078427169011404,0.13871821071435922,0.09881673011229178,0.07714945386357183,2.7119944418117603,2.84226440740243,2.92216519264886
LA0429,I,shade,high,amphi,2.7663582833432536,-2.4903023317918365,0.030287469124200002,0.008723212429354229,4.4122231377,0.006885129639136566,0.1292429071571651,0.10010457604801014,0.09129631486657448,2.749422778633864,2.846911420865904,2.883444744595397
LA0429,I,shade,low,pseudohypo,2.674746962027783,-2.502838078761414,0.14687777773,0.037318586241781374,5.6840121293,0.02614493357444886,0.10332403437447862,0.046571686464348054,0.023897975805780392,2.8288156593833067,3.027221086516512,3.099789423921406
LA0429,I,shade,high,pseudohypo,2.674746962027783,-2.091453914394636,0.061217619870000003,0.003494191318386604,4.705888373,0.0026046148563887827,0.1328300928436552,0.09043427194131032,0.06991637839713896,2.7295800236161454,2.8686150279020923,2.9393805034816363
LA0429,J,shade,low,amphi,2.9791463590177063,-2.0227996084783237,0.04563982258695,0.021748454775299634,5.0881333323,0.012990716932611161,0.2735934180300275,0.11180648177025454,0.07187101358836202,2.266025856073743,2.8155647343228485,2.9432820281699708
LA0429,J,shade,high,amphi,2.9791463590177063,-1.7729592185386056,0.2005200478,0.007312714749825342,5.1041907873,0.005103750226582803,0.31585049552773803,0.2118213092562454,0.14113048590125582,2.1542141614746084,2.4894830237545933,2.7205275904086426
LA0429,J,shade,low,pseudohypo,2.8667476458904746,-1.8689867588566158,-0.0778657137365,0.024256763496858867,5.2737675908,0.0245452569849434,0.19452682801349225,0.0982757237728695,0.04660741629619924,2.494923942440382,2.845670201367241,3.0257584455092457
LA0429,J,shade,high,pseudohypo,2.8667476458904746,-1.651271686151447,0.24898518324,0.007069214997241441,4.9552996599,0.004353214537926574,0.24252054700581518,0.17431082577570198,0.13510417859207538,2.4386762999401297,2.6141088260435925,2.753658011812608
LA0429,K,sun,low,amphi,3.1730353739670925,-4.099800660158037,-0.09153454679468,0.027625225455114828,4.2233955601,0.023097641538500836,0.10530720594276682,0.08449158320518252,0.0781600634466706,2.8302720544553153,2.8902459572479735,2.9173308941375593
LA0429,K,sun,high,amphi,3.1730353739670925,-2.261091293730237,0.48602939096,0.010941316829695633,5.0165547355,0.005332656272717449,0.33339362439381026,0.1895811695002511,0.10584972914903928,2.012296922867553,2.5334134775255244,2.8238475719430265
LA0429,K,sun,low,pseudohypo,3.0277260543687734,-3.7968400779282403,0.0317952509149,0.00782335865514396,4.479383043,0.006161165973523549,0.14704958753453498,0.12728317624305888,0.12574653739582192,2.686778876656556,2.7496386380421636,2.7587788389836034
LA0429,K,sun,high,pseudohypo,3.0277260543687734,-2.6253013086706645,0.13746646318,0.009565069320094596,4.5192474222,0.006743144528747894,0.24452212794011663,0.18140398785296502,0.15021148335164886,2.3593042053645195,2.577729612678577,2.6790462150400005
LA0429,L,shade,low,amphi,2.822002387418915,-2.64568016695811,0.38403244444,0.03190219608209284,5.3261824462,0.01649132170859515,0.13706797386624084,0.059121904570302586,0.02332561605631488,2.710804125789856,2.982223028278399,3.0976908343553458
LA0429,L,shade,high,amphi,2.822002387418915,-1.861024713028221,0.2000384059,0.02578670859792731,5.6934961616,0.014915503201185978,0.2313553008704789,0.094319563608556,0.0357459711150518,2.3909041957504256,2.871011059844746,3.0626162693418877
LA0429,L,shade,low,pseudohypo,2.7656677502149574,-2.8145728734087916,0.51148928887,0.03929136345102552,5.4058092133,0.017676094027437726,0.0981854382160129,0.05604182817065584,0.025906018020677317,2.840338697320805,2.994638950204408,3.0934403262919052
LA0429,L,shade,high,pseudohypo,2.7656677502149574,-1.886102891684329,0.10307753923061,0.046995610736128554,6.0311985317,0.029866617576764225,0.18759787160383518,0.08838230357608498,0.043181509306640574,2.551585125703225,2.890479252370535,3.0351591525010724
LA0429,M,shade,low,amphi,2.734777549341827,-2.258249526470656,-0.18990570017,0.02901005967521869,5.4722198184,0.03127680580830035,0.1732137720433429,0.08106475486059206,0.034493752772855296,2.620025494088264,2.9181650966975905,3.066698425325169
LA0429,M,shade,high,amphi,2.734777549341827,-1.8507002289631265,-0.142941063197,0.025023205239143094,5.2445007907,0.029778192799281043,0.22851726604165384,0.12410234415296753,0.06270018324471283,2.4552281395430233,2.7855358999990414,2.9768109446014877
LA0429,M,shade,low,pseudohypo,2.686015895655362,-2.3651099381218708,-0.22956710867,0.026649015154656543,5.4555826459,0.036341484342635864,0.129270816363129,0.060952359408728486,0.029874473009382688,2.739202220961661,2.9780189971468323,3.0829491979022152
LA0429,M,shade,high,pseudohypo,2.686015895655362,-1.9312807655356032,-0.192479412909,0.03400898707115206,5.0586914162,0.03565054189272222,0.1784964200439198,0.10564849060869937,0.06259148793207503,2.6263258919389525,2.8434090759243893,2.989894992391171
LA0429,N,shade,low,amphi,2.771468080106266,-2.9138908698846135,0.08643285289498,0.051599408862659894,5.7329125135,0.04137821179275242,0.10561707587014948,0.06045910298308544,0.031432932754136785,2.8201330350757443,2.9781902569370953,3.0734918749166558
LA0429,N,shade,high,amphi,2.771468080106266,-2.4137303114466557,-0.21569036454,0.03285604521745214,4.9258332121,0.04158377508180414,0.1522566510143084,0.10142833063241613,0.07534250408092596,2.69348844190388,2.8447812064267843,2.9346671094815173
LA0429,N,shade,low,pseudohypo,2.740201346162555,-2.715080515266506,0.27874778443,0.04741374097816869,5.44712638,0.03204080861532186,0.1060521432905419,0.05098225433744859,0.025815388772452586,2.8211549316333677,3.0107564693530664,3.0929310942087938
LA0429,N,shade,high,pseudohypo,2.740201346162555,-2.160003786198139,-0.235597208816,0.03959521995390444,5.7390490196,0.09443449954162066,0.15192673626257722,0.09408917852915848,0.05968688862212743,2.6655243076228374,2.860489026547519,2.979298613891147
LA0429,O,shade,low,amphi,2.74576473349258,-2.4082894217601045,-0.17221081487,0.019470248735212487,5.3132462067,0.019479234606756768,0.14438975109971997,0.05829261929740538,0.02602155931290848,2.709508386383572,2.990316905781906,3.094104451199478
LA0429,O,shade,high,amphi,2.74576473349258,-2.177413371565519,-1.4422708861300024e-4,0.019794519107780285,4.9855008853,0.016187383014164478,0.17301339653081585,0.10600126756411923,0.06448316464789441,2.6319687983169486,2.833256016520722,2.9726146826943287
LA0429,O,shade,low,pseudohypo,2.7017166140646824,-2.0444360497438363,-0.105445106155,0.03326664676048098,5.2761272909,0.03374423968680209,0.1411936076476492,0.062038871654828034,0.027071987811675316,2.726395256012395,2.9813132470123045,3.0904217882662808
LA0429,O,shade,high,pseudohypo,2.7017166140646824,-2.3745425364846313,-0.14274219884,0.02631168493871103,4.9288347733,0.02734562410888335,0.12263618709597632,0.07923796427894017,0.052151754333681084,2.8200999339794617,2.931928531129258,3.0157274241304477
LA0429,P,sun,low,amphi,2.9668021771383746,-4.328570321461133,-0.02670444173003,0.012716962410875596,4.7555314571,0.012966723604472508,0.07850945147772442,0.06268002934985081,0.0592083814259795,2.912072423839779,2.969910723760132,2.98231410034984
LA0429,P,sun,high,amphi,2.9668021771383746,-2.816870973946144,0.33519532641,0.01473300071972746,5.1349964026,0.007888735684197333,0.23971550176048573,0.1414624992743861,0.08126406917130094,2.37819785163357,2.7106472859061537,2.9104133467961293
LA0429,P,sun,low,pseudohypo,2.9170412978295133,-4.0833037582355916,0.131214171515,0.012973379739652529,4.7191071508,0.008954362886919988,0.08456698575097978,0.04968607530670172,0.03997562183257319,2.897400020219345,3.0102516965844712,3.0432847514617736
LA0429,P,sun,high,pseudohypo,2.9170412978295133,-3.024685638977787,0.22515138936,0.020874068095340353,4.9755751709,0.013730850466982362,0.17730793636181338,0.09748427601304727,0.05784771536456376,2.577425594223353,2.8466346555841255,2.980839860529967
LA0429,Q,sun,low,amphi,2.7843137230228576,-2.77224471006219,0.1735177825,0.011908848722730457,4.9227204536,0.007631618833765922,0.18248107958471227,0.09668589984218184,0.05756199826867344,2.5849722307550413,2.865895133486055,2.9923534004853174
LA0429,Q,sun,high,amphi,2.7843137230228576,-2.576003913972163,0.22201653023,0.010698620673507589,4.9830751876,0.00671950511083523,0.2134858576006918,0.13127399549240742,0.07998209375139964,2.502545922492315,2.7828883706251055,2.927348364373712
LA0429,Q,sun,low,pseudohypo,2.6904030305214763,-3.1231964532478207,0.070365630819,0.009779158267588222,4.6972895046,0.007349586810955464,0.1331797922195104,0.09865131192131397,0.08015814667344162,2.7649898115522573,2.854278707136962,2.9173211521571116
LA0429,Q,sun,high,pseudohypo,2.6904030305214763,-2.2119206606521127,0.24656115845,0.018496380287529986,5.1140801327,0.011508174982789193,0.23040244669920912,0.16067793043185624,0.1147370630379693,2.455935662447097,2.6696610020576954,2.816266090677958
LA0429,R,shade,low,amphi,2.769430921485459,-2.6844464081143546,0.27394973799,0.007178100549979722,5.0881768509,0.004128882030021825,0.1272425302917941,0.07075309624032883,0.03992144406765808,2.765250120434763,2.9500271547562327,3.04835524225914
LA0429,R,shade,high,amphi,2.769430921485459,-1.8752129536690034,0.148029528598,0.01603143466817004,5.5333112296,0.010598407536311746,0.22199693158281456,0.10128800640503538,0.04595331462173827,2.4713251528271813,2.8583931948678445,3.0324006607342606
LA0429,R,shade,low,pseudohypo,2.742815793855923,-2.5117552808247283,0.20508498681,0.019681031696297095,5.3178419707,0.011282824941498128,0.12672842750378727,0.06241023551422718,0.030186260366065074,2.761194688103945,2.978202660905329,3.08010111446083
LA0429,R,shade,high,pseudohypo,2.742815793855923,-1.8186135275851685,0.26944244223,0.02993788729680678,5.7271684144,0.019189417145917514,0.21254169243370954,0.09853094836446727,0.04330674715916165,2.5354705060017144,2.8804576024071524,3.0470480757879392
LA0429,S,sun,low,amphi,2.9439787914056037,-3.158481390811644,0.1822239146,0.009848870846665629,4.6330243286,0.006421753172264372,0.1394592969870059,0.08961812623740587,0.05779946630682193,2.70963621492409,2.877758835455675,2.985382850977168
LA0429,S,sun,high,amphi,2.9439787914056037,-1.960222335233017,0.06405859037682,0.031696181248290614,5.6330399627,0.03635367951203266,0.2981764215894496,0.1777373270517906,0.09678421988980805,2.137422128111619,2.562766757902431,2.849396246030666
LA0429,S,sun,low,pseudohypo,2.869693476319711,-2.8129888199279756,0.26137858529,0.013855992477627968,4.6921714183,0.00802870607656046,0.13408502159319183,0.07300428515155659,0.056058735246117083,2.726615373755728,2.9411431795329026,2.9928992256777622
LA0429,S,sun,high,pseudohypo,2.869693476319711,-1.4992266338982798,0.0801116073603,0.024071709108330865,5.677763233,0.024743944933224564,0.2832705261776528,0.1604435789989782,0.08051310519554916,2.179419552590214,2.6256728674584346,2.9065755077384487
LA0429,T,sun,low,amphi,2.91332588090748,-2.5423349427627304,0.37792566263,0.016980685097879165,5.1126598172,0.009317957757692305,0.19525579255759093,0.1122343905106368,0.06047043799468657,2.5301147626314857,2.8123111193749692,2.982839648955148
LA0429,T,sun,high,amphi,2.91332588090748,-1.6676334792823113,0.43527494789,0.0163202892263891,5.1090055714,0.008604856854515869,0.32293645465858606,0.17190737833568145,0.07770196407236503,2.1086675507003596,2.6202083389843853,2.928604833678863
LA0429,T,sun,low,pseudohypo,2.81974955118757,-2.7429455993942997,0.3417310994,0.018811605231642613,4.9694161798,0.010365692718198836,0.11710661388394931,0.08335501150851146,0.061323614256225616,2.772059000260664,2.904348430342168,2.977777939054917
LA0429,T,sun,high,pseudohypo,2.81974955118757,-1.3065066975475075,0.50871739664,0.011071176198137873,5.3065726132,0.0047206563089355405,0.28278398243414266,0.15668629942740536,0.07825670781650823,2.241812874904536,2.68626995465335,2.9365874254223643
LA0429,U,sun,low,amphi,2.882446372225657,-2.435712380497925,0.27487909661,0.018339368344389494,4.5754022591,0.009789559306263388,0.17303139434166986,0.11497468886087339,0.07976370225249867,2.6034284791892315,2.7957545643807107,2.9173797511030837
LA0429,U,sun,high,amphi,2.882446372225657,-1.365797177246428,0.38393521383,0.009939558243047028,5.2329600762,0.005277203167161658,0.32187095577717684,0.19584329464230535,0.10943873711597668,2.118146819345596,2.5490361950381306,2.831088492241541
LA0429,U,sun,low,pseudohypo,2.792095810480811,-2.5328387470522666,0.29701462601,0.00983236822133454,4.8378700717,0.005765641700373529,0.1632166006666967,0.11484519681471039,0.08599238970405039,2.6318199907460444,2.7916669159301604,2.8907280114022598
LA0429,U,sun,high,pseudohypo,2.792095810480811,-1.5702189343381154,0.50488302826,0.01537322718422282,5.1818277348,0.007150850578127037,0.294212809050645,0.19355570981479814,0.1177843547755385,2.2269584144427323,2.563627487870032,2.8113201882042285
LA0436,A,shade,low,amphi,2.773773034882409,-3.608521018293021,-0.107526214268,0.014165690334661755,4.4726426063,0.013710072871113484,0.061241709640213915,0.04624294706161053,0.040826045129896175,2.9820769357447037,3.0237962143374544,3.0439064201271595
LA0436,A,shade,high,amphi,2.773773034882409,-2.1892563711647095,0.12594757014,0.006815031315127913,4.3848472289,0.0051583844052345415,0.1422485984826022,0.05534849244024364,0.050717235104583175,2.72368929892714,2.993891683799622,3.015339051174281
LA0436,A,shade,low,pseudohypo,2.6107797543755655,-2.872135191030828,0.027973045437212,0.04294534664577199,4.0843685982,0.036067827916238186,0.07682341856421067,0.06876136185853055,0.06672939249719453,2.906610008779195,2.9388391549563773,2.950686051224871
LA0436,A,shade,high,pseudohypo,2.6107797543755655,-2.889463137847389,-0.002035130313597,0.023435720734340287,4.5277370148,0.02566370863380078,0.08029132500934513,0.07576528554938115,0.07386720544414048,2.9231243181091306,2.934114188962126,2.941938352734043
LA0436,C,shade,low,amphi,2.830608835360487,-3.615825650328365,0.065638910363,0.008618349848565403,4.5387466075,0.007644906018747984,0.027358057655695957,0.017501259791545484,0.013439059114379636,3.097072993492234,3.1228084095778033,3.133624907097412
LA0436,C,shade,high,amphi,2.830608835360487,-2.3758388465489646,0.2987889213,0.016840180276716483,5.3337515707,0.00960058656638178,0.0721832273927487,0.03350391442013778,0.01681615512434536,2.9434025969817426,3.0743608004111533,3.1243162390373387
LA0436,C,shade,low,pseudohypo,2.778715527445214,-3.7565282118043517,0.053134236861,0.010802509857869838,4.6610412486,0.008286092262956539,0.03307300667427944,0.022424879414090597,0.015909457368156767,3.067062111382005,3.099530485694375,3.126487126207452
LA0436,C,shade,high,pseudohypo,2.778715527445214,-2.6621223040401856,0.18080589965,0.028333659381015314,5.1147203565,0.016671011283289485,0.07425834298125918,0.032333275485705734,0.021088799694536454,2.9421292912470407,3.0819603336243104,3.111137833038225
LA0436,F,shade,low,amphi,2.879596217467432,-2.5347754402747444,0.19674984766,0.010660299002327352,4.941005215,0.006421943686482113,0.11577797432167788,0.0453544108366279,0.022511955205554924,2.8049080218681928,3.0319380405600254,3.1033694801952003
LA0436,F,shade,high,amphi,2.879596217467432,-2.8462430685889974,0.22375744193,0.007301149804704288,4.9470168903,0.004398171957598349,0.09447329720308868,0.048568398816359215,0.027819505385981654,2.8752838621773624,3.0192620210225605,3.087999216178502
LA0436,F,shade,low,pseudohypo,2.843985128927026,-2.1431939169673284,0.71315696401,0.00808295219047589,5.3288146827,0.003098474124353784,0.12956724634726718,0.0633934847083599,0.04206662040556937,2.738383256637241,2.9754512793013186,3.0375922951944
LA0436,F,shade,high,pseudohypo,2.843985128927026,-1.9433293779894352,0.29112827579,0.01078594054323599,4.8460351571,0.00621115079402647,0.1427558554823118,0.06938309124878153,0.043255883075892905,2.6975391264784623,2.953575333452825,3.0351246886356824
LA0436,H,sun,low,amphi,3.0720415868167232,-4.020930760122963,0.03094539084551,0.0192829926543164,4.6912506877,0.015302375958567871,0.06488989672545059,0.05385569766466511,0.0459971807263075,3.000142731373779,3.003866556411932,3.0285911986767298
LA0436,H,sun,high,amphi,3.0720415868167232,-3.1136714134562173,0.33481604394,0.007711227685877295,4.7054673876,0.0047594987393880465,0.11806088527151026,0.05604188552043729,0.05098291367463315,2.8161197077605005,2.997878158357927,3.0137756599837067
LA0436,H,sun,low,pseudohypo,2.9968837777632116,-3.7740079181630435,-0.047142349366,0.0063768345994747325,4.6515889557,0.00588487928499526,0.053923777977719016,0.04458086969298507,0.03967475957616187,2.9934928162803427,3.0255058902560865,3.043623079093552
LA0436,H,sun,high,pseudohypo,2.9968837777632116,-2.190731280727937,0.17162917943,0.018097557002041378,4.9068056325,0.01257115711758822,0.152980019525986,0.09691877242015817,0.06060667604575731,2.6816979545680537,2.85440320623377,2.9743145976913836
LA0436,I,sun,low,amphi,2.9256392945873486,-4.525210751733741,-0.107145024861,0.014554396474344563,4.3610023082,0.012963107429592034,0.041308600870127075,0.03349050936028376,0.029598443155062198,3.041210857469832,3.069712064301109,3.082908756621739
LA0436,I,sun,high,amphi,2.9256392945873486,-1.9984374531965805,0.34873463305,0.00909144122594671,5.1324146367,0.007202193670854437,0.25284312305330403,0.07522446713899708,0.04975007648279664,2.34851586111768,2.928402331170158,3.0154730235225835
LA0436,I,sun,low,pseudohypo,2.843671182569416,-3.9883846478825418,-0.088652140194,0.010242039179840283,4.8362225642,0.009480310362226671,0.050707981514962766,0.04026647173473403,0.03188397775879256,3.007452125207162,3.0444924801681625,3.073724590972192
LA0436,I,sun,high,pseudohypo,2.843671182569416,-2.583173027940196,0.21969421289,0.013712135485268319,5.0317587071,0.008225166394040254,0.13794029202363273,0.08412766809979577,0.04961913490081077,2.78685779939683,2.9061640611140502,3.0204941428416268
LA0436,J,sun,low,amphi,3.0252202893323084,-4.442027289990402,-0.142715235047,0.01746458400254323,4.9372731497,0.016653565908328557,0.0589550826269243,0.05085271297934745,0.05029550259164627,2.9822917933249258,3.0084154812482455,3.013972798564157
LA0436,J,sun,high,amphi,3.0252202893323084,-3.822385127311473,0.36051753726,0.018127385962137286,4.6232508371,0.00908857480045562,0.08451443667424051,0.05982458004626148,0.05026736841275021,2.903826233139707,2.9824907829701637,3.014832897656476
LA0436,J,sun,low,pseudohypo,2.883004312851258,-3.131289233080447,0.106036456824,0.008459164357217712,4.6994562794,0.005872053335253994,0.08637100906815069,0.0507349968717902,0.033155843882114774,2.8967365078098544,3.0089118848805416,3.069346715218331
LA0436,J,sun,high,pseudohypo,2.883004312851258,-1.951388229277644,0.14945850438,0.010449514409482804,4.9657953994,0.006755989089077291,0.18517088243514643,0.08704004399068167,0.04459505050795536,2.5546481685905507,2.891588458684788,3.032722004961468
LA0436,K,sun,high,amphi,3.0801817696126457,-2.543093601314706,0.29711387167,0.015537954985817356,4.8831402361,0.009078733931420417,0.17319018068058376,0.09958003773579414,0.0692591405037491,2.610623731468893,2.861552759452718,2.953267209171834
LA0436,K,sun,high,pseudohypo,3.023707929795355,-1.305964179392236,0.24774775275,0.010512143532973152,5.5488265228,0.006348660037651555,0.22128382984815426,0.11121832801346877,0.05374035989596957,2.383807827632319,2.8069104188991694,3.002156968960609
LA0436,L,shade,low,amphi,2.8925003498331243,-2.196202492871474,-0.0410228430802,0.017580101827596784,4.9439079327,0.013786239317638584,0.1447162445850281,0.05668723983200297,0.02163674751154139,2.7048537075430428,2.999543242470304,3.1084122848738196
LA0436,L,shade,high,amphi,2.8925003498331243,-2.0094867002087478,0.0543266696382,0.012300214006647587,4.9782922229,0.009449809576044858,0.1719107875836237,0.0770634985839993,0.03573565559018841,2.645752970502195,2.936681989922981,3.0673171337566854
LA0436,L,shade,low,pseudohypo,2.8477463690740703,-1.684099526724063,0.12203103611,0.00315196131820948,4.8796040503,0.002029179847616755,0.1390269683371414,0.04996602414465735,0.018389907917259283,2.7002378438714336,3.0146724261013214,3.1214225255410453
LA0436,L,shade,high,pseudohypo,2.8477463690740703,-1.2683720736547386,0.34724291098,0.007997763460969138,5.0858339817,0.003935683133190476,0.19226564883049235,0.07123707820882204,0.02734504497364878,2.571799179079094,2.974963823232721,3.0960625964911137
LA0436,M,shade,low,amphi,2.9045995688576043,-2.3348389477622677,0.075045007614,0.020173755109449295,5.3254930803,0.01434572758384361,0.15785406417605444,0.05692369191143716,0.021551853378355794,2.6782859957687615,2.998895019764994,3.1085803892100556
LA0436,M,shade,high,amphi,2.9045995688576043,-2.5669227029216253,0.15515216598,0.01189324598217627,5.4238946379,0.00854500646171344,0.14075661501489442,0.0726705073893475,0.038145997311373636,2.762527649870532,2.952711960228269,3.058321014554634
LA0436,M,shade,low,pseudohypo,2.808857373170337,-2.0516529229785925,0.14164770446,0.011180793717496298,5.2757794412,0.007578161252868462,0.09111035158178485,0.04099740743850777,0.020601125266975447,2.882181194094839,3.0456219715213084,3.1150105562526793
LA0436,M,shade,high,pseudohypo,2.808857373170337,-1.8095017001357414,0.20610145119,0.011206618223835167,5.3960421286,0.008412523758936839,0.11771850272579673,0.0639621505317085,0.03299539358631488,2.851522797606649,2.978109731560588,3.075794916869271
LA0436,N,shade,low,amphi,2.865917209927754,-3.6710420501326735,0.073058146005,0.005976067425378647,4.4210961514,0.005171570463549495,0.051819087209418954,0.04075015944769903,0.03711927224764111,3.0069348850896245,3.0448074575700614,3.0578557550081125
LA0436,N,shade,high,amphi,2.865917209927754,-1.9040152840809317,0.18971870995,0.010569888886191533,4.8293119631,0.00673761185103917,0.18557951501910458,0.08125373759126936,0.06429759838658855,2.5946051864230086,2.9222889957304576,2.978444193036069
LA0436,N,shade,low,pseudohypo,2.839572641928177,-3.387168323654534,0.153827694034,0.015989532612987627,4.8228115829,0.01206695282128627,0.05763699815707848,0.040078888909921936,0.031723667494180395,2.986029488500031,3.046376146624221,3.0752062922035392
LA0436,N,shade,high,pseudohypo,2.839572641928177,-2.8274835020355673,0.052508004905,0.007131818136294293,4.6477446193,0.006161171658183119,0.08639605480286817,0.0648211920891614,0.05319087768729357,2.8978866047639222,2.9678005565638177,3.0063002311462204
LA0436,O,sun,low,amphi,3.129527497168833,-2.177361745476211,0.4206980393,0.020392871881221377,5.0726255579,0.010364072336057146,0.17506165466503593,0.08309777263232214,0.04277936302767889,2.6063855405008454,2.910303565757919,3.041700023897815
LA0436,O,sun,high,amphi,3.129527497168833,-1.8163148753806955,0.29955467585,0.00994882266456788,4.9781247129,0.0045873026273594185,0.22163351110174412,0.10957316887301431,0.05557130998700012,2.480650878899711,2.834485104558862,3.005195633246892
LA0436,O,sun,low,pseudohypo,2.9411666668450756,-2.079666215615193,0.27405297135,0.022952842628388617,4.9774528362,0.013859786260106099,0.10437332928778317,0.08695730296200926,0.0690857289470617,2.827507484804054,2.8977045253575042,2.949499373831703
LA0436,O,sun,high,pseudohypo,2.9411666668450756,-0.9469182006829893,0.25300271341,0.017844171956874013,4.9500149096,0.010119346140047288,0.21096678395824606,0.13495324984283322,0.08168146869978762,2.498575968331443,2.7624804693622025,2.9180577740519555
LA0436,P,sun,high,amphi,3.058133136564622,-2.811810968782813,0.19241002604,0.009925897403944273,4.9679154016,0.007094230035820552,0.12853707475763435,0.09334205006410673,0.07089192978171484,2.771556492275395,2.8796761960337243,2.952360106883671
LA0436,P,sun,high,pseudohypo,2.993982000388554,-2.450408192597571,0.33425306479,0.008711377624966517,5.1130201412,0.005439816958809179,0.13919081039103634,0.08539040339208123,0.04846226164499219,2.7444515930247793,2.9112216300364735,3.027635603559541
LA0436,Q,sun,low,amphi,3.0334845667999706,-3.0018483887423764,0.15209940073,0.0042821654001148875,4.6101432175,0.0026369995871684186,0.12617342031063375,0.06600431059907551,0.05762983379347221,2.7674890938521086,2.964670197485205,2.993469238234961
LA0436,Q,sun,high,amphi,3.0334845667999706,-2.1315297553044905,0.26114602395000003,0.011680546371887387,4.7937429527,0.0065597109182206495,0.23247780128924453,0.127960981839776,0.07384350392021431,2.4535101496948886,2.7813101683616828,2.9485557181192106
LA0436,Q,sun,low,pseudohypo,2.968157468230646,-2.166492801291007,0.23905053937,0.01434061313474707,4.8881075255,0.009273499161792364,0.18699048932684972,0.0772390487182673,0.05980410883387113,2.543764974808019,2.9207438019311613,2.9795311944287426
LA0436,Q,sun,high,pseudohypo,2.968157468230646,-1.7585443614316323,0.32190399098,0.01091716009142051,4.9516277081,0.00590662069434047,0.22859544147394664,0.12837425283879444,0.08181370980724534,2.3939541769414054,2.7392384341323446,2.901122284693459
LA0436,R,shade,low,amphi,2.8762315135361933,-2.333348971150382,-0.41991507587,0.02340631562930627,5.2442296694,0.02903669219662573,0.16413466153110368,0.05813551650206587,0.03652940794846219,2.6564351557820927,2.995424654827198,3.0624692595957104
LA0436,R,shade,high,amphi,2.8762315135361933,-2.5651096871811148,0.172839273579,0.019939314880072452,4.7197360843,0.012870666385403975,0.15104394421289682,0.10151070072752348,0.07772822029982478,2.765831387464022,2.8707221633105746,2.9393523313657623
LA0436,R,shade,low,pseudohypo,2.8433038755070186,-1.9086569874759678,-0.198492699895,0.030913700887991793,5.5249908492,0.04723381477321736,0.13963730920183282,0.07091800198259385,0.03813752480202788,2.727685480943092,2.945152611431207,3.0534124898817923
LA0436,R,shade,high,pseudohypo,2.8433038755070186,-1.8237876053952713,0.178441028503,0.025291637649652456,4.8348509216,0.01644675176988982,0.16138512274916522,0.11518403886079422,0.08105673034511716,2.760446624650219,2.8211649798516962,2.920402488112429
LA0436,S,sun,low,amphi,2.978100765983234,-2.7332579409167153,0.19540341051,0.017952356982614142,4.7292042233,0.011186717165038974,0.1721795260003626,0.08272015078087647,0.048348066548446304,2.6377577822740457,2.9147431864009024,3.0259330080849276
LA0436,S,sun,high,amphi,2.978100765983234,-2.537486548903132,0.50531279331,0.027972541638229865,5.1250206139,0.012961587994026946,0.20511575787107053,0.11539192014170596,0.06567092132898578,2.560241861269506,2.822279852943174,2.976353405292897
LA0436,S,sun,low,pseudohypo,2.8559246717372146,-2.5115532974900234,0.095232060917,0.004082470846441081,4.8300285194,0.0027048435256890615,0.1358308142072243,0.0705025012287129,0.03738152327605855,2.7391312650695623,2.9477647483808176,3.0585084692622018
LA0436,S,sun,high,pseudohypo,2.8559246717372146,-1.9510146210830455,0.19522735092,0.013058235898505577,5.0974672908,0.008386484324220473,0.2006295719564212,0.1204893997637393,0.06303081279693602,2.5570344787173287,2.811775058752224,2.9892758932073002
LA0436,T,shade,low,amphi,2.75445178674059,-2.8596239261466896,0.079099852692,0.016023601551398644,5.3038301591,0.01800748488920404,0.07519073700710198,0.03971291277234993,0.022263688901494286,2.938444350046807,3.0484267628801294,3.10553111080674
LA0436,T,shade,high,amphi,2.75445178674059,-2.552082909885227,0.008298962943615,0.01683907181019966,5.3253816322,0.016691387350614432,0.1019048156227478,0.058908301104882786,0.033560613303623824,2.8722068457897794,2.9988860543849767,3.0760708636585514
LA0436,T,shade,low,pseudohypo,2.6937710710745346,-2.091432716496393,0.21957994386,0.011044587917159954,5.1341319806,0.00826747728030286,0.08976626590292061,0.04771785212328178,0.03223821957115696,2.8687030749452203,3.0216221594620265,3.0730731420665767
LA0436,T,shade,high,pseudohypo,2.6937710710745346,-2.2813731078112207,-0.05690250812485,0.025197130207200616,5.0568794665,0.024354237138907595,0.08440200732123859,0.05503266540684562,0.03617369490438544,2.923260595622263,3.003326203512033,3.0669955945536445
LA0436,U,sun,low,amphi,2.954443402140177,-2.4099939153726346,0.096891725894,0.007686624896964739,4.6411679819,0.006159325576618034,0.21759917955187186,0.05562329937930134,0.03394020872990476,2.4452249836526203,3.006708996912549,3.0640395925299533
LA0436,U,sun,high,amphi,2.954443402140177,-2.072782966123113,0.42180366687,0.014120509597291706,4.9146071659,0.0069359005420995806,0.28349732966442176,0.1483239843077666,0.062441931848444265,2.250722161754569,2.7356931237782627,2.975126251699386
LA0436,U,sun,low,pseudohypo,2.899422351157831,-1.9501426561422521,0.115809175169,0.010395359720941558,4.8693013262000004,0.007254827149184051,0.21384237582698246,0.10084075910029641,0.0570706411488611,2.397395368565993,2.8423101645000504,2.988056315043204
LA0436,U,sun,high,pseudohypo,2.899422351157831,-1.9390812722861002,0.39419077054,0.011989385912300195,5.0453775537,0.0065643284488019005,0.23497533548093694,0.1388063464883377,0.07948130552614788,2.3958562466285755,2.7335315029894387,2.9262240435271702
LA0436,V,sun,low,amphi,2.9531622143344824,-2.336597282358913,0.31432297473,0.004637071705654691,5.0936374358,0.004691792868386054,0.2554483626513261,0.05114834099737552,0.041356924978011474,2.3963975110764437,3.0145567999439047,3.047507925897532
LA0436,V,sun,high,amphi,2.9531622143344824,-2.0589043177940605,0.31131019396,0.006012772875417121,5.3793667668,0.003668497153708115,0.30514061890814065,0.1715208252631156,0.08497476091281338,2.2455472242973435,2.6411232883609497,2.912870812055321
LA0436,V,sun,low,pseudohypo,2.905638605966615,-3.9721402520023945,0.056441109092,0.008838786472840896,4.2438567424,0.009811568604382311,0.07026455592879667,0.05759578054668973,0.05300196413843594,2.9466597006285684,2.989665642736603,3.0051826605101275
LA0436,V,sun,high,pseudohypo,2.905638605966615,-1.8658076546446916,0.25156281458,0.0031604764553905314,4.8595030376,0.0024665035881986596,0.27367743760146146,0.11710521877502365,0.09597492496056022,2.3021873767462426,2.8237980605067663,2.8826376566848326
LA0444,D,shade,low,amphi,2.9796914234381906,-3.5707741520617486,0.0114193227486,0.0034266285912143727,4.5505057297,0.004139768568268859,0.07887987216529618,0.06539149273398348,0.05932211737314205,2.917132141557577,2.963657122273972,2.9838413078599717
LA0444,D,shade,high,amphi,2.9796914234381906,-1.5706077752563266,0.184687053784,0.028196817902017682,5.6668173449,0.025788500026304013,0.23136730758064866,0.14042783444523643,0.08154757183746164,2.4064190848001723,2.7072647011991045,2.906319313670295
LA0444,D,shade,low,pseudohypo,2.771482502882347,-2.645844986516302,0.063858468776,0.008408775869223555,4.7255630971,0.006478729230496031,0.08104518876775163,0.06683710017765378,0.057480419517776715,2.906530716647745,2.955431612484806,2.9871724697256807
LA0444,D,shade,high,pseudohypo,2.771482502882347,-1.0462347306728992,0.2014205067,0.015575633208692345,5.3176576048,0.013264816868730515,0.19220322841653587,0.13578444592367384,0.0928365154674207,2.5160513510446156,2.7216309349053978,2.8629867744313815
LA0444,E,sun,low,amphi,3.0159631963298676,-3.272902364138141,0.13724686433,0.008170030180368843,4.2706738995,0.006866065575554708,0.12886389597554723,0.04400063751568803,0.04128824186575267,2.7525427681897616,3.033856228518406,3.04367242007576
LA0444,E,sun,high,amphi,3.0159631963298676,-1.9593285706293322,0.18095278056,0.017398420771463623,5.4273249676,0.01385303592102104,0.29554859927450067,0.1706906403091989,0.0958618724745966,2.202637373738831,2.615223273262705,2.8563892668951376
LA0444,E,sun,low,pseudohypo,2.973172837965342,-2.8963143084787255,-0.058684719982,0.00609368122988629,4.7901178343,0.005242644220121385,0.11847208534127047,0.0810466518861011,0.05796747563109333,2.7886917293314095,2.9064040735722934,2.9863715896109317
LA0444,E,sun,high,pseudohypo,2.973172837965342,-2.272574583069044,0.114210432802,0.013011226589232268,4.7719046871,0.010587439261200678,0.17509532337880104,0.13391312669234157,0.10953122923730321,2.5807606635735034,2.7252162819872474,2.8093306457956935
LA0444,F,shade,low,amphi,3.164922332794251,-2.6726937105911297,-0.01678134080397,0.006601278566331155,4.8419263775,0.005600456651968159,0.10363438507196769,0.08337061264369884,0.07165800924828737,2.8403366649911566,2.8961067684801955,2.939953693183144
LA0444,F,shade,high,amphi,3.164922332794251,-1.582036376307817,0.070179515636,0.017174782062881474,5.7252315019,0.01707732259133014,0.2136236091008949,0.19026435974759387,0.16907966415353176,2.447827158475331,2.529895878560031,2.6043226327929734
LA0444,F,shade,low,pseudohypo,3.2086990754940645,-2.641320943154072,0.012347694825664,0.010780056720021672,4.8255835348,0.008767411280804362,0.12166347650921404,0.11166403757673704,0.11072030694362937,2.8061438371861773,2.8061471956935864,2.808351069750301
LA0444,F,shade,high,pseudohypo,3.2086990754940645,-1.3347765377524001,0.197490481512,0.03834565265322049,5.8787524080999995,0.0400888548546436,0.22743609322533379,0.19345732219738854,0.1676195431867374,2.415936687507724,2.539303363128383,2.6298578230613345
LA0444,G,shade,low,amphi,2.9297145939323266,-2.741651328964268,0.221163576938,0.03438692775736029,5.0239086728,0.023243309242994753,0.10150490510742838,0.05607460569832863,0.03167699113383081,2.844244503988959,2.9959068412382157,3.0726743940511914
LA0444,G,shade,high,amphi,2.9297145939323266,-2.1743934294038807,0.10569111549,0.006554333381390634,5.2000998995,0.005121776152493,0.14528064045414257,0.09655153644122133,0.06641475190104792,2.6923188158179276,2.8575728667929106,2.9560460500613233
LA0444,G,shade,low,pseudohypo,2.896556883171271,-2.4005717360161083,-0.1138973855812,0.03419034233190245,5.5469007081,0.058476124184799895,0.08899818101658706,0.05269334476733192,0.03224294056412302,2.8893551001119295,3.002059171944435,3.070427897774256
LA0444,G,shade,high,pseudohypo,2.896556883171271,-1.6753667795541243,0.18349181385,0.014673813599708128,4.9020754266,0.009027219025158325,0.14617826794435848,0.10648251248651598,0.08089473645857034,2.698636461567776,2.82278671154078,2.909150178616076
LA0444,H,shade,low,amphi,2.6933488430212496,-3.245843911423389,0.059725037447,0.010865613931916021,4.5962677059,0.01353188917017018,0.06842991287347591,0.052224141607972806,0.045309289270174365,2.951405983469635,3.0067406878146987,3.027830608957788
LA0444,H,shade,high,amphi,2.6933488430212496,-1.503719546800169,0.36782899152,0.0354678133293922,5.2274789341,0.019018449397622227,0.2206617316355798,0.13632685836265881,0.08262165952052404,2.4477275350553827,2.73056749117361,2.901175846478825
LA0444,H,shade,low,pseudohypo,2.6718657432002306,-3.332237172029093,0.056156658821,0.006804370319210372,4.3977415971,0.00531696902940209,0.060771581704534,0.04750405929546628,0.04212242479292146,2.9756080102613507,3.019413595151986,3.0346437637737047
LA0444,H,shade,high,pseudohypo,2.6718657432002306,-2.0349482515589914,0.26034382338,0.022582729762526507,4.9499481315,0.01639337741675052,0.15743608727912065,0.11231125268504522,0.07833269945115084,2.6727088937593555,2.8211376836552615,2.9315381547365913
LA0444,I,shade,low,amphi,2.955379065263241,-2.220519980172001,0.178993561,0.013542730020770635,5.0632422256,0.00849246161198011,0.16917223021644712,0.06598714863465369,0.023922052021811958,2.612213046724623,2.962632553788723,3.099165256399086
LA0444,I,shade,high,amphi,2.955379065263241,-2.1478615877078173,-0.23684929213,0.028867015829799864,6.022096373,0.06608178031806464,0.17908546070150602,0.11857233995870796,0.07552418224361962,2.581871478925218,2.784921019324788,2.9270973415552817
LA0444,I,shade,low,pseudohypo,2.904138349917733,-2.707128316364845,0.125908346345,0.013389935320086775,4.9435875418,0.008786053008060731,0.09810082736200823,0.04808644909195798,0.029776583199752717,2.8536294626326835,3.01812364444931,3.080043132794352
LA0444,I,shade,high,pseudohypo,2.904138349917733,-2.1450079207507815,-0.0404575525398989,0.046320893000484684,6.1850163185,0.09195610611714557,0.1436737187650522,0.09129968783284222,0.057370238736923006,2.6887585153501985,2.8728618109462625,2.9866777272096496
LA0444,J,shade,low,amphi,2.9259986322290144,-4.209430161283685,0.005523362846839,0.011587450612900292,4.5507095821,0.010127133092256563,0.03823367945342883,0.029864542184517964,0.025119135147005672,3.0517397171573846,3.073278551376138,3.0979506305424684
LA0444,J,shade,low,pseudohypo,2.9204412555460944,-4.137518705233839,-0.099547051117,0.01224306489306193,4.5214360132,0.012201346192788808,0.028379294943769034,0.022346634770007614,0.01844370716540675,3.075216029140464,3.1014819075523254,3.119369139706519
LA0444,K,sun,low,amphi,3.000879967518133,-2.68156398511955,0.18746586853,0.021359142678136846,5.2870329367,0.01345410620158048,0.11352234746747408,0.07644624518536185,0.05023660787640483,2.8123089346179264,2.930733895102552,3.0148106750886257
LA0444,K,sun,high,amphi,3.000879967518133,-1.849910001883426,0.25426011269,0.024165634664180622,5.481060836,0.01886113101145781,0.19932485978290973,0.1543865809393482,0.11938040568645024,2.5195282595903543,2.6683311044378195,2.7899175215446794
LA0444,K,sun,low,pseudohypo,2.9811337283413635,-2.6778323441155107,-0.004104975197829001,0.00957336115804546,5.1434133581,0.007533753748638166,0.0933554424734978,0.06454155142992947,0.04700593669057957,2.8640522839272817,2.9601631473440806,3.0197037488977
LA0444,K,sun,high,pseudohypo,2.9811337283413635,-1.9237761878599673,0.24624950392,0.025780197783451784,4.9022080883,0.019247734072668016,0.15403237259062943,0.12673664120131287,0.10256102775238576,2.645329726315751,2.7405727443653247,2.8236628183442307
LA0444,L,sun,low,amphi,3.010571679785079,-3.2111453544632296,0.22733910464,0.010043477303797297,4.5873443074,0.006321116156444882,0.1327630531237574,0.051219283558559404,0.030267722596506785,2.7529684762020334,3.0155051019995214,3.08049117945544
LA0444,L,sun,high,amphi,3.010571679785079,-2.0733525045302708,0.55275760681,0.030375013611674582,5.6977884015,0.014020682562334168,0.28600649675791656,0.14620134102260862,0.06405184498334862,2.2268181564064786,2.716233892772721,2.9750267135128463
LA0444,L,sun,low,pseudohypo,2.917675621630945,-3.382480612559113,-0.04855752784344,0.02580447390028444,4.6053457607,0.021329445483010055,0.076880489858121,0.05391727103166628,0.03667683585541288,2.935919141418419,2.9995558741037147,3.0579184281025857
LA0444,L,sun,high,pseudohypo,2.917675621630945,-1.7958910950281952,0.36430885928,0.018949585986464068,4.9902517401,0.010265885251922877,0.20824027519087582,0.11191835477346065,0.057778182559244023,2.4527509221665307,2.7940218957017446,2.9828735710319947
LA0444,M,sun,low,amphi,3.1737807321347677,-2.6362943513651964,0.13487299827,0.006103921321230706,4.4757001329,0.004294120453836803,0.1702533718561712,0.10592563006776612,0.07686329538186733,2.613352114750509,2.8244685583791336,2.9214738946468524
LA0444,M,sun,high,amphi,3.1737807321347677,-1.4644481228838893,0.32278050512,0.009072126078473738,5.3343628456,0.005328785574670971,0.3216826026037233,0.2198912927634775,0.14334795200671277,2.06875864402091,2.4295696493937875,2.695144062183212
LA0444,M,sun,low,pseudohypo,3.1257466389906488,-2.8015445608849774,0.05240990393531,0.017262398916239544,4.4619522657,0.013014560164012303,0.09733988679593546,0.062382483788546245,0.04303846777750533,2.8725978887265198,2.973945974580967,3.0381468503130744
LA0444,M,sun,high,pseudohypo,3.1257466389906488,-1.361085849719681,0.37885250837,0.00914101610070511,5.0424134645,0.004530526716431312,0.23335871173356265,0.12016366037531019,0.05972587319207022,2.376620381919815,2.78113801026559,2.9977571486194843
LA0444,N,sun,low,amphi,3.0945268964359225,-3.519252840697497,0.139164861108,0.012888165251712536,4.6279210021,0.008176838776255687,0.11264195715026451,0.07834926178409762,0.05706642710621182,2.809223647932712,2.9199696456775466,2.9929934691418087
LA0444,N,sun,high,amphi,3.0945268964359225,-2.387563131164956,0.18420590025,0.007555862933758603,4.9350532994,0.004624506878343617,0.23571715085067116,0.13927434384167794,0.08112853675451775,2.3964508314786652,2.715851764177118,2.9105216510758636
LA0444,N,sun,low,pseudohypo,3.0131782197825627,-3.3520213498492883,-0.0485030767219,0.015657545081759528,4.8614555887,0.028428305619888433,0.08263007603820322,0.06881377263151597,0.06354970095276839,2.9019757774733814,2.9439315935934296,2.962701764218178
LA0444,N,sun,high,pseudohypo,3.0131782197825627,-1.9847641797654698,0.1439248421045,0.04527588273031817,5.3702814139,0.0404348671267934,0.20541606837156265,0.13590446487996927,0.08601618292347224,2.4550562251617345,2.708539050592081,2.8849337898699767
LA0444,O,shade,low,amphi,2.844399647289059,-3.737902946869236,0.035881963422100004,0.006900778165444379,4.2887427035,0.006315287340492968,0.03748203784397231,0.028899153671302025,0.025685769320202643,3.0607235152393963,3.078571699025468,3.093471195124169
LA0444,O,shade,high,amphi,2.844399647289059,-1.508646827857958,-0.160991814461,0.020122976611521917,5.1644123832,0.024703025168877804,0.18620020575974344,0.13520885672985866,0.10408632731832516,2.5720932160124623,2.727661651643533,2.834460654942595
LA0444,O,shade,low,pseudohypo,2.7372995969556935,-1.9585148644194779,0.39358724587,0.04206216302909015,5.1702791143,0.03201489286233723,0.09952363513049134,0.06982802485971223,0.026767418877511204,2.86034256923605,2.944585125433125,3.0870140555508514
LA0444,O,shade,high,pseudohypo,2.7372995969556935,-0.8169491517052212,0.009440412329803,0.016138229928685403,5.2504524639,0.015680641129144805,0.19187833201941354,0.14684414553229333,0.11208580128038258,2.532484209790672,2.671518031816757,2.7965103403862583
LA0444,P,shade,low,amphi,2.8006537209953,-2.1579574431451563,0.15678537076,0.00858162048477521,4.9184248121,0.00561663823383644,0.09962717246099649,0.06310177927941042,0.0467147466477908,2.859404327605745,2.9764818844624235,3.027072715168148
LA0444,P,shade,high,amphi,2.8006537209953,-1.7022614830129987,0.103167353043,0.014704195172874706,5.3905575123,0.0185830745130039,0.13639984702618346,0.10732148575362999,0.08388043302693929,2.7428932311198726,2.8343106087926433,2.909434650518385
LA0444,P,shade,low,pseudohypo,2.765878202250663,-1.812906331984722,0.37085353985,0.023583987958388272,4.8809873116,0.011472866036402383,0.09863991493930352,0.05878047149150802,0.03757182118899172,2.8544022622395655,2.9979296510117446,3.0541781322729387
LA0444,P,shade,high,pseudohypo,2.765878202250663,-1.42170005065145,0.143567707493,0.03367910396998162,5.4621372195,0.02893397340784144,0.13460470291736362,0.08997738341137695,0.0605040654212952,2.7858390187933475,2.8912672492166434,2.9914426847994937
LA0444,Q,shade,low,amphi,2.9660424640404424,-2.165463261366591,0.055403404438,0.007435924979630479,4.5968311544,0.0060810604843262875,0.11363186270893989,0.08424751997375293,0.067642033732611,2.807358747255731,2.9050434541786783,2.959612460178955
LA0444,Q,shade,high,amphi,2.9660424640404424,-1.5107514237644033,0.089998353052,0.01613139700242526,4.9194858197,0.011758426803173445,0.18015765971546452,0.1553567091031042,0.13846408573233746,2.6557655128264175,2.6883033037801054,2.7409129651078192
LA0444,Q,shade,low,pseudohypo,2.9135426683778918,-1.4116000179474169,0.32293196292,0.01907185315605686,4.8651894393,0.010117199832697788,0.1299026704264362,0.06813902712656614,0.05270561677996292,2.80156261868659,2.9545314123967286,3.000511920699867
LA0444,Q,shade,high,pseudohypo,2.9135426683778918,-1.282991240188047,0.129311231641,0.016565427277275276,4.8017410714,0.012322298259850182,0.14469370508612622,0.1116494196400284,0.08876054703616304,2.758586784043826,2.818114955761944,2.8911121001535833
LA0444,R,sun,low,amphi,3.17888288626007,-2.694633694641345,-0.007565594748003,0.015784157149675102,4.5372612451,0.013693640631265824,0.1599760337534852,0.10821395550167745,0.08578895921805628,2.6670658208387077,2.830222481500578,2.90140676113624
LA0444,R,sun,high,amphi,3.17888288626007,-1.417416875124126,0.26578054661,0.00999953891772776,5.3606898023,0.005862239357165937,0.33930284478946365,0.2147280175215145,0.12889906957534586,2.0731426705766767,2.4802921310142954,2.7600388285304875
LA0444,R,sun,low,pseudohypo,3.1146020094500835,-2.301622462911731,0.00277297394362773,0.004865488476966039,4.7036531444,0.003818975704644024,0.15638831633843417,0.10298929956980843,0.07685233751815569,2.662681179157095,2.826972944616215,2.921611066511024
LA0444,R,sun,high,pseudohypo,3.1146020094500835,-1.012577109693195,0.35300539264,0.009556305264283754,5.5092416837,0.0053665553752850065,0.30316000752267,0.21484103854850548,0.1370817344793963,2.1246875152906908,2.4844334558124723,2.7318025274081905
LA0444,S,sun,low,amphi,3.089921283090057,-3.1647956849977303,0.0192786430639776,0.013411501710352188,4.2571866808,0.010603077308432674,0.1328578885521242,0.0955853407420756,0.08568577915049495,2.7545746311496924,2.8659151407352237,2.8997686722398743
LA0444,S,sun,high,amphi,3.089921283090057,-1.9097530869830568,0.0477879341424,0.028510624764339926,5.1398724345,0.02627330285809099,0.2938573665618787,0.20567611353042065,0.13886609418093263,2.2207336562996005,2.5025995421876566,2.7243278944600693
LA0444,S,sun,low,pseudohypo,2.9970676588134184,-2.402086519888092,0.24315717401,0.012312670977517997,4.7097113267,0.007374418654663645,0.17583623935037218,0.11653467980597552,0.07637664983662625,2.5998372171534903,2.797897141336713,2.931235208065751
LA0444,S,sun,high,pseudohypo,2.9970676588134184,-1.535468440038626,0.19946630577,0.017742925526130708,5.1020065828,0.011817703735929178,0.28171765290951045,0.19564002307631506,0.1317944149203592,2.231110834845777,2.5257056021445368,2.7396719075866494
LA0444,T,sun,high,amphi,3.062143768637956,-2.0340589833483573,0.34954960989,0.015176800117100021,4.8809287622,0.00800597574991953,0.32037950774407126,0.17658518477308052,0.0642551959190048,2.0288766274643626,2.6119821392574596,2.9740497631992424
LA0444,T,sun,high,pseudohypo,2.993811682375869,-3.712885325634556,-0.088910929399,0.017024714700844806,3.9011586445,0.016180352309692624,0.07687362998750893,0.052457904121163926,0.04824378340910541,2.9170824260494768,2.991898416916109,3.0230857777617364
LA0444,U,shade,low,amphi,2.7285872965083566,-1.8211995069976568,-0.3308022201,0.05723824267410002,5.3014507716,0.11516414978132619,0.11316105426692787,0.06001567942257832,0.033734583419656496,2.8239047711273715,2.981004187729209,3.069149836776948
LA0444,U,shade,high,amphi,2.7285872965083566,-1.528800020780294,0.17259933726,0.011048296002583903,4.8536640264,0.007056863241041726,0.14613507358655192,0.09513702599524966,0.0704291175134062,2.7438609161406866,2.895294710579046,2.957522325681747
LA0444,U,shade,low,pseudohypo,2.6651248234414986,-2.2781709340601854,0.202624882968,0.03386671107511028,4.9492853084,0.024152794830209205,0.07142548076595873,0.04710805594185627,0.031166896421484035,2.978918416318961,3.0299065456031142,3.077637994221964
LA0444,U,shade,high,pseudohypo,2.6651248234414986,-1.560898422877171,0.084196095346,0.00896215876455828,4.9392026455,0.006461580418881237,0.11953578342173926,0.08454170663287647,0.0626666001633804,2.812983910665798,2.912834324322292,3.007134105318041
LA0444,V,sun,low,amphi,2.7143766154196562,-3.5854829595869644,0.014367159650313,0.009690783326648217,4.8997419849,0.008865072475078273,0.057960086017460374,0.03952949627858507,0.032543858679463286,2.988409133457789,3.049351466943666,3.072181008731268
LA0444,V,sun,high,amphi,2.7143766154196562,-2.3963077583503813,-0.106665295573,0.02760370978835285,5.1891884773,0.02789957437093646,0.14816418933939346,0.09911938928785871,0.06406702632879967,2.69752484111535,2.853553664345208,2.9707687425802156
LA0444,V,sun,low,pseudohypo,2.6716704792094306,-2.8315625894405962,0.27895188028,0.024951048888058623,5.3755144818,0.015558107843819209,0.08810372778488436,0.04380663291611486,0.024400658156049915,2.880287451558057,3.0305464659147114,3.0975218829935955
LA0444,V,sun,high,pseudohypo,2.6716704792094306,-2.18873243182905,-0.093426692224,0.016516810647242284,5.2574424795,0.014654243626721951,0.14147153410844956,0.10115907205917457,0.07156447639132922,2.7010557629851633,2.842174015843545,2.945939131141292
LA0444,W,sun,low,amphi,2.9872107776449455,-2.771102910946357,0.20530653844,0.014784193629441791,4.513445979,0.009401892340364192,0.1252013978545672,0.11423414802201236,0.11117706986322858,2.7626891414662618,2.806928142414678,2.8137645220585394
LA0444,W,sun,high,amphi,2.9872107776449455,-2.119849494306039,0.17381582245,0.020968656468126932,4.3389938016,0.013774347370687513,0.18717670404355785,0.15056771368049607,0.13843185609241143,2.5867442435480634,2.692947472808055,2.7294206670428314
LA0444,W,sun,low,pseudohypo,2.955378704054952,-2.11075790321869,0.088795587511,0.01173413145010783,4.4599559753,0.007123942622987314,0.1555636859941092,0.10660816267698793,0.09092337510599804,2.6338789981615154,2.7976866655756747,2.8603841033699986
LA0444,W,sun,high,pseudohypo,2.955378704054952,-1.1583570571219344,0.37851875932,0.008036452696647087,5.3511603924,0.005547010149587049,0.2691399242094817,0.20235274227547284,0.14488028197776098,2.2612947218472503,2.4909428426838764,2.704308638137581
LA0716,A,shade,low,amphi,3.0173346213094545,-2.2917919767222936,0.158415856231,0.019090592603863168,4.8563996499,0.011782820441353314,0.14729044353417187,0.08088778315475587,0.0657144740572924,2.6789670353726365,2.912524427256149,2.9604553791713166
LA0716,A,shade,high,amphi,3.0173346213094545,-1.6692204555932932,0.12458798449,0.01528129694296478,5.2724139594,0.013973446762681764,0.2757126144305671,0.24178331856503718,0.215946143971393,2.245469414235775,2.3717317852974906,2.46591538411482
LA0716,A,shade,low,pseudohypo,2.979157095183421,-1.9510676110750749,0.25457502707,0.010937416898628536,5.6786186777,0.007025233612769517,0.14735753710923472,0.09745903967633586,0.06870769592630482,2.6785218059231717,2.852258087812481,2.9481896014867397
LA0716,A,shade,high,pseudohypo,2.979157095183421,-1.572332712261131,0.4101292313,0.014875512245485403,6.0612959174,0.010325646761348046,0.17974355458305724,0.1475825763075406,0.1226328522974161,2.5580530061976248,2.666876087442092,2.7541723408512495
LA0716,B,shade,low,amphi,3.0587033227456253,-2.2246895006693634,0.135170903343,0.012071103402946523,5.1425124909,0.008739870521739093,0.15672689388212913,0.09592494497289886,0.05921515868531698,2.67324577735455,2.8650814011881574,2.984603419428368
LA0716,B,shade,high,amphi,3.0587033227456253,-1.435924764072572,0.47440457956,0.010288225952841684,5.6599997779,0.005211898945968216,0.25479315736409497,0.18285594298646538,0.12874520186656155,2.354965279850829,2.5864245171230524,2.7619409034231275
LA0716,B,shade,low,pseudohypo,3.0038502989563454,-2.8822342103353997,-0.0400286149157,0.014084912342480115,5.4704762794,0.018160315957871563,0.07520856576793016,0.06627464011673029,0.05813097284063666,2.924438673637437,2.9526634159575735,2.981983192421083
LA0716,B,shade,high,pseudohypo,3.0038502989563454,-1.8311862026622792,0.175966562308,0.02130496187206711,5.476538235,0.017632201877803996,0.16389691530772366,0.1364491338901153,0.11401009814030665,2.6680218059207768,2.737654295484609,2.8142708912036647
LA0716,C,sun,low,amphi,3.2120602912604315,-3.847164599016487,0.38967570407,0.01188646734673111,5.0710283157,0.0069379687071176935,0.08451522899381729,0.0648684242457776,0.050382007518067505,2.909709804106137,2.963169519921388,3.010303202590653
LA0716,C,sun,high,amphi,3.2120602912604315,-2.646549582233382,0.50157757963,0.00914342210140065,5.4268831102,0.004491929428598315,0.18966790155024305,0.12752047471047495,0.08051594946651623,2.539153034112136,2.7566850196613397,2.9186889061125023
LA0716,C,sun,low,pseudohypo,3.1501482658691926,-2.5401321681750164,0.25850521391,0.01599701908432182,4.8977561148,0.012515583582003623,0.13190669683500605,0.04683904830530369,0.036801994446386106,2.749192839369748,3.0280439661173206,3.056853999833488
LA0716,C,sun,high,pseudohypo,3.1501482658691926,-1.787143011790487,0.28265594408,0.013571780246520226,5.8504450289,0.008879414329911467,0.21609097419383286,0.1394932872265789,0.08760097956482703,2.461760629740401,2.7103936776862443,2.8866463434251504
LA0716,D,sun,low,amphi,3.0775035320635,-4.248806897562057,0.01455965944406,0.056806450150594184,4.3176729643,0.04575034061137218,0.05246810744306797,0.048973346794182165,0.047087694527684194,2.9860443709964968,3.0101766347400085,3.0235702995437816
LA0716,D,sun,high,amphi,3.0775035320635,-2.0390613269956654,0.01889698566079,0.012230622132991665,5.1139512114,0.008333489333300822,0.2467099494440344,0.13266239363906815,0.0766459177909597,2.354277613640723,2.7610501825206306,2.9404387388698345
LA0716,D,sun,low,pseudohypo,3.120569432199819,-3.79490644904535,-0.0520668804581,0.02249373609401446,4.8926466513,0.019948506078519317,0.0523994706664864,0.039335833338261704,0.030159578004159793,3.0281954334382317,3.048119166355012,3.0778418134337273
LA0716,D,sun,high,pseudohypo,3.120569432199819,-2.4927623795890343,0.24479200123,0.011622490274509966,5.9202790518,0.007389860444453968,0.1441590550473699,0.09995743106135008,0.06807369695032388,2.7505141956408927,2.8702353479859948,2.9687520611154206
LA0716,E,sun,low,amphi,3.1951687988894255,-4.385797165602964,-0.210785347362,0.03971616059934721,5.3297501783,0.0524367787296915,0.0833671733448304,0.08021983446027711,0.08392199390301174,2.88911975769203,2.9104251188446284,2.9033664667060437
LA0716,E,sun,high,amphi,3.1951687988894255,-3.1898273026729513,0.15492792348,0.014788938794428495,5.686000926,0.010382891092192783,0.1538894555666243,0.11453426164223639,0.09678742144186597,2.6635477340630382,2.7942627430028137,2.8572933493757353
LA0716,E,sun,low,pseudohypo,3.0699720568275883,-3.0882651062688007,0.194828715135,0.04049264666209383,5.3321043545,0.025518653525792245,0.08827636153117045,0.07376485530170926,0.06039053914731545,2.8952683895479163,2.9270471493673558,2.9727378555915918
LA0716,E,sun,high,pseudohypo,3.0699720568275883,-1.845871659667862,0.39843492448,0.010042376111064968,5.5270262631,0.0058177473970071805,0.20617475178921782,0.14726224157884965,0.09810388875399753,2.4875041372829605,2.700512925387981,2.866760317190158
LA0716,F,shade,low,amphi,3.001623428895188,-2.868479867240525,0.017509264080178,0.006975597650363872,4.93419244,0.005779809831349693,0.0965303746348689,0.06469846955066906,0.04697087088382729,2.8813501685725393,2.9636924650278313,3.0257825461136743
LA0716,F,shade,high,amphi,3.001623428895188,-2.3325712766738,0.172737996377,0.0221867789294712,5.3807283453,0.01777923576354489,0.14935422429831355,0.11479952750562282,0.0882961850326902,2.724352238082265,2.8068327209819675,2.8954634248611866
LA0716,F,shade,low,pseudohypo,2.954004544680055,-2.080667165982976,0.01460418626273,0.006646479620699924,5.5417632661,0.010871437557414636,0.10469170429404023,0.08586866624330283,0.07094208560707274,2.8274707512914485,2.8897570831135715,2.939389421386173
LA0716,F,shade,high,pseudohypo,2.954004544680055,-1.3081700255621984,0.0105452750216405,0.016395694422855375,5.6269986545,0.019588168083736562,0.16313339348357497,0.1388828470001741,0.11643509287443475,2.6263161384370055,2.6973399032324883,2.7761415062780705
LA0716,G,shade,low,amphi,3.036014955584151,-2.8597741601148057,0.072295239496,0.010292306871697372,5.2247133459,0.009725474641232709,0.127624410164334,0.08641267279641647,0.06066169949602364,2.762431697527542,2.8935514581842074,2.979505620311355
LA0716,G,shade,high,amphi,3.036014955584151,-1.9046951800982916,0.089557390355,0.021754359078068657,5.5753516428,0.020879253983428932,0.23890365407556147,0.17527516805837676,0.12717460779276815,2.367510064889862,2.5786596945052054,2.7439388675716825
LA0716,G,shade,low,pseudohypo,2.9921341676497053,-2.6500843139743755,-0.0441164872953,0.015047689614562333,5.442725713,0.018713136568905712,0.09518250427168616,0.07316140408252589,0.05626051854833239,2.8722638618188783,2.9309237153608296,2.989030837111755
LA0716,G,shade,high,pseudohypo,2.9921341676497053,-2.095849620381307,0.0923698139431,0.0365652608502895,5.4596840219,0.04149765718869004,0.14939878683960045,0.12522247080110208,0.10471365781537932,2.729248335174926,2.7821272580414584,2.845395378390957
LA0716,H,shade,low,amphi,3.036454274165837,-2.508946413642748,0.18361917611,0.010363789449018038,4.9859021841,0.0069602709477953615,0.1760013517264365,0.10746416335816553,0.06375033469432595,2.5938683954241117,2.815105927978315,2.9636469194279464
LA0716,H,shade,high,amphi,3.036454274165837,-1.5832681676217886,0.122434480081,0.021939069387054387,5.8274890589,0.020793851406970182,0.3000084170120969,0.21139352088205182,0.1457226924735641,2.1440588258301503,2.447866130795735,2.678648791702777
LA0716,H,shade,low,pseudohypo,3.0052412555679564,-2.4954289590667087,-0.056982391811,0.009232291164117133,5.391155586,0.019770362586105768,0.11613660255499562,0.09498657762290946,0.07752185745060068,2.807659778544638,2.851100713927897,2.913577132733487
LA0716,H,shade,high,pseudohypo,3.0052412555679564,-1.6509125997372993,0.22679137129,0.020611755279474803,5.5218776227,0.01683884284333391,0.21048081603111657,0.1641642609310039,0.12711774679031765,2.5016765544107997,2.6298033853782505,2.7581882881260826
LA0716,I,shade,low,amphi,3.08445457500664,-2.5141632687566293,0.078944924581,0.006258130354680542,4.9870226898,0.004787978156383132,0.14871929613251592,0.105032111246318,0.07403641602223812,2.6738899336610347,2.8168493703628794,2.9259209547932654
LA0716,I,shade,high,amphi,3.08445457500664,-1.4908315128566314,0.180367124185,0.02285311424234287,5.6686612562,0.017168207471974544,0.2804201497669069,0.20592317055571532,0.14665633298599196,2.210307943163947,2.4851041846728767,2.6925345365666824
LA0716,I,shade,low,pseudohypo,3.0027078185266656,-2.555401981406606,0.079094480724,0.007146415113656358,5.105210232,0.006624890369340614,0.09980207666217107,0.0766513772344177,0.06166938633136334,2.844588318026515,2.926713775471229,2.96850868838115
LA0716,I,shade,high,pseudohypo,3.0027078185266656,-1.8090850301258885,0.2584703135,0.016339834746600817,5.655106501,0.011759331908740343,0.17089652805294436,0.13137090588539352,0.1030941879917389,2.688097893760257,2.753471256152727,2.850408660228167
LA0716,J,sun,low,amphi,3.262210117820557,-3.879680785488902,-0.053946516907,0.00546274444297142,4.8129159646,0.005969479491067978,0.07956687345914926,0.06990956569729204,0.06466338275213786,2.9301458154246998,2.949320339553717,2.966601148290021
LA0716,J,sun,high,amphi,3.262210117820557,-2.2141271842636225,0.17025782912,0.021200381506651874,5.5848501401,0.01621237284791036,0.26823521696966357,0.15979986502435709,0.09040664393691757,2.289209852999781,2.65220980512482,2.8809099883535314
LA0716,J,sun,low,pseudohypo,3.182952417124815,-2.686889607712323,0.35281582485,0.011400284423115706,5.414301026,0.0061329618972301575,0.13342345526945662,0.08946773701958602,0.06772201785545957,2.740133381904499,2.8871523380940696,2.9573285368639297
LA0716,J,sun,high,pseudohypo,3.182952417124815,-1.7915484218655187,0.18872033258,0.009982050569110617,5.8547141499,0.007045662948166,0.22963961689801363,0.16613154146696904,0.1254978084059083,2.4292813479053015,2.634008274146039,2.771717492108692
LA0716,K,sun,low,amphi,3.2282333428850998,-2.876648702379842,0.38892817901,0.009451294284853407,5.1313246674,0.0046863681275379895,0.18452775023363757,0.10344686734041639,0.05655882831219522,2.567960729555287,2.837397403496312,2.9946351372921605
LA0716,K,sun,high,amphi,3.2282333428850998,-2.032709688176892,0.35860500405,0.012159034371331319,5.7354006414,0.006544518975844691,0.31833242508017423,0.20267847687346607,0.11431155297280317,2.1207004643571894,2.539037011630997,2.81736071884206
LA0716,K,sun,low,pseudohypo,3.1686057132767806,-2.7761582932523763,0.30805727801,0.012013748244717074,5.180378759,0.006642571155989318,0.13679463340040687,0.0850395594405107,0.051624955719565976,2.734505598230534,2.9005718038392887,3.010378951653315
LA0716,K,sun,high,pseudohypo,3.1686057132767806,-1.7183527053427101,0.38401248363,0.019836347991420193,5.8754543172,0.01103822424600302,0.26106467051335325,0.18154775110018656,0.12102493052569915,2.301019332415067,2.569232151445357,2.7761669058582497
LA0716,L,sun,low,amphi,3.163888446667583,-3.388713578999505,0.38098644734,0.008231801234073483,5.2418490324,0.004925884733472521,0.14442257628454383,0.11075424392370536,0.08638077434661846,2.693045975920765,2.8070660067797624,2.8876400366323014
LA0716,L,sun,high,amphi,3.163888446667583,-1.9312485905485701,0.37116720498,0.021483717947144005,5.597634718,0.011432571671468293,0.34810735626018013,0.2542320799742617,0.18160001893924654,1.9606092419370655,2.30928425397534,2.571113111785933
LA0716,L,sun,low,pseudohypo,3.101098422081695,-3.176719833099016,0.018774183734086,0.011328173325574778,5.1268511446,0.011906370039681813,0.10457597975299149,0.0846608673843851,0.073828425117700755,2.835367179827183,2.8873876882936957,2.926893365314342
LA0716,L,sun,high,pseudohypo,3.101098422081695,-1.90421579649503,0.32607484022,0.013108473110586199,5.6698635732,0.008255731917431319,0.2399299435310479,0.19042217166767367,0.1470952601729235,2.337247625711088,2.5135992965517584,2.6691457997712593
LA0716,M,shade,low,amphi,3.0930833040143626,-2.3659206724645525,0.135259002976,0.023081767600008306,5.3376454744,0.021684141814971993,0.13991063373882506,0.09468525917690158,0.06343754646763672,2.729589202836565,2.8675910928455632,2.9711732069993495
LA0716,M,shade,high,amphi,3.0930833040143626,-2.030624769559539,0.037635725213997,0.02425581193141786,5.5888696228,0.03252909484566081,0.17465086739315233,0.15104826522859754,0.13231217947646232,2.607569750359351,2.6774283293419914,2.743656637438359
LA0716,M,shade,low,pseudohypo,3.0666270704052745,-1.6321612943520054,0.151298065,0.010477564658592977,4.9216431652,0.006751630925802092,0.12381702285307834,0.0825403151134198,0.06107404583681754,2.7515621220642954,2.8914323259100962,2.964991845759711
LA0716,M,shade,high,pseudohypo,3.0666270704052745,-0.8227129395116396,0.07836154535235,0.02394079679128625,5.9160948341,0.031844256311804466,0.20563326014133876,0.16793656599347562,0.13651795264955374,2.4916032711834823,2.6186544054049588,2.7236365856383005
LA0716,N,shade,low,amphi,3.1121970376497075,-2.5000728221630024,0.19481680975000001,0.015379088300018249,4.9422022852,0.011078949593816338,0.12314571584388867,0.08117984614257244,0.058187660826857494,2.7462460282320196,2.908993695192829,2.983687771083546
LA0716,N,shade,high,amphi,3.1121970376497075,-2.0565248021566065,0.069593416327,0.014158025482102286,5.3746625566,0.013093001980805066,0.1799312937139676,0.1481784693306235,0.12656005146561897,2.591572857498039,2.6957711875590014,2.76766747878879
LA0716,N,shade,low,pseudohypo,3.0880027838209205,-2.1331182891220055,0.0465894992544,0.012365736813675737,5.4330052765,0.01766495527960907,0.12142710584544797,0.0884145700487585,0.06529590663831293,2.765792812142063,2.8716943860136848,2.9516879204183537
LA0716,N,shade,high,pseudohypo,3.0880027838209205,-1.9293565877276084,0.037480040106088,0.01808157101438369,5.4344692974,0.023231876441043766,0.14010327300287373,0.12756464819773358,0.11649480726138518,2.697747978599938,2.736476405741979,2.7772290881153823
LA0716,O,shade,low,amphi,3.136646723165249,-2.40334981355217,0.119306935477,0.03070824661798124,5.7051174983,0.030277132236201227,0.17608247504956803,0.10256012028447481,0.05771505350714555,2.6029722356515084,2.8474217386699494,2.9885666500110575
LA0716,O,shade,high,amphi,3.136646723165249,-1.8824470846464672,0.23257374603,0.03001772525235155,6.0318272233,0.02759879814629082,0.28202884599581046,0.22956066610816972,0.19138953674131456,2.253410175627004,2.4266588965112534,2.546380081407107
LA0716,O,shade,low,pseudohypo,3.173675714979077,-2.2604395179921175,0.19433854843,0.009606813873049477,5.4823262208,0.00794329580361018,0.10995991171418876,0.07346238160710306,0.04885271118882192,2.815691054357606,2.9333661035968213,3.0153039601940583
LA0716,O,shade,high,pseudohypo,3.173675714979077,-1.7196225841316046,0.20036910581,0.013138996339964603,5.7308420306,0.01109164312181588,0.1684405658329289,0.13071269210402633,0.1018442134792764,2.6672761182456295,2.758874049490797,2.853142409283798
LA0716,P,sun,high,amphi,3.2538840222715857,-1.8234656036883305,0.2033438269,0.02107365793265624,5.9509980754,0.015649020666820196,0.3355428969866282,0.24637670564440978,0.18150624198507873,1.9982198353597398,2.3168606551800313,2.5450962053625394
LA0716,P,sun,high,pseudohypo,3.1681454907524826,-1.9543600391974865,0.2914430109,0.006241055126535019,5.639005312,0.003552059534254857,0.19795202710136042,0.11454332728862834,0.0637703284183128,2.5295877179223325,2.848866506617261,2.9834536944996373
LA0716,Q,sun,low,amphi,3.1488773681992366,-2.7191807018858087,0.25759741561,0.013722734809641,5.3163612866,0.009527863723175718,0.23409347166972713,0.16150395373353504,0.1223998604582778,2.411810347525513,2.6519266399950645,2.780254052854126
LA0716,Q,sun,high,amphi,3.1488773681992366,-1.6785094791885462,0.107963144884,0.018621407395262482,5.8228100408,0.012509551901832448,0.3777748515948182,0.3023116071076485,0.2485147080080679,1.9225207183428255,2.175286878788193,2.354572187597465
LA0716,Q,sun,low,pseudohypo,3.092395109068166,-2.7329047122012575,0.69714584673,0.03632950969532977,5.8346117793,0.021026730840263547,0.1313567924399193,0.11104866734829329,0.09597106736069244,2.754717033894077,2.8146710234875827,2.8632806685898107
LA0716,Q,sun,high,pseudohypo,3.092395109068166,-1.7921440334773593,-0.098690088422,0.007907927825719785,6.1631090022,0.011739830621209563,0.22996952442768828,0.18936095454649882,0.1593221389143974,2.4368491807404054,2.572110148187403,2.671568704467316
LA0716,R,shade,low,amphi,2.962005674882778,-2.100179361916357,0.084090382089,0.009579657449236948,5.1652849324,0.008958666079270384,0.23057334464586102,0.17772288055446647,0.13563808375108347,2.383062360937312,2.567674181101962,2.7189245107580375
LA0716,R,shade,low,pseudohypo,2.9082112867520165,-1.8728391717447057,-0.090543706068,0.016925043020292744,5.1859460405,0.023131444404389512,0.1485183675513767,0.11719980042068286,0.10069498387823714,2.6744953068307598,2.771480432109589,2.828907380256683
LA0716,S,sun,low,amphi,3.068172283810173,-2.787034612354141,0.24543310786,0.01249077231833167,5.0086913584,0.00833048246892186,0.177708442035841,0.1130870547035854,0.06824373219893685,2.57027352475635,2.798999101475145,2.9456435790480517
LA0716,S,sun,high,amphi,3.068172283810173,-1.6037789264825282,0.28017563149,0.014959127270063032,5.8583651644,0.009407171532018834,0.34762505744762046,0.26645672268314446,0.1962854616990924,1.950112142319226,2.2470546088901298,2.4967498021610686
LA0716,S,sun,low,pseudohypo,3.0048640820692927,-2.689235799958969,0.010806095572534001,0.008024077223034,5.1519646393,0.009278389969587039,0.10867676640547912,0.09012595877018117,0.07450914151291226,2.815615529281877,2.8727924428517646,2.9247553922084486
LA0716,S,sun,high,pseudohypo,3.0048640820692927,-1.4095267450173121,0.21666638942,0.012666579065175182,5.691501641,0.008619185106195009,0.24634606221415029,0.17739223861090103,0.12036978104747806,2.31476623201022,2.599330969808805,2.780778728807957
LA0716,T,sun,low,amphi,3.043426933786592,-2.663375458141771,0.44642962772,0.008467498836336036,5.266406404,0.004241359952351306,0.1961153327564571,0.1243879174657715,0.07212953896775012,2.5138034807705605,2.762658413717422,2.939963230219314
LA0716,T,sun,high,amphi,3.043426933786592,-1.5643429153861728,0.20892622063,0.011579622409238443,5.7220682544,0.007965311598878446,0.34434165923219523,0.26046994155202885,0.1825081485734772,1.9470557220113962,2.293145253562381,2.5881779822934297
LA0716,T,sun,low,pseudohypo,3.0071716022988753,-2.5730800639448024,0.39165959784,0.008169306885691454,5.4019765118,0.005558000469939218,0.13516179637478698,0.09741828274374817,0.06927915575275281,2.734501493255328,2.84548535412908,2.9458955041623707
LA0716,T,sun,high,pseudohypo,3.0071716022988753,-1.5001151297261817,0.28147926178,0.007624508751149798,5.7564497577000004,0.004932896661156643,0.27792412125977056,0.2059956729926244,0.14419748083904896,2.2892839862883263,2.5332406537518652,2.730198417366994
LA0750,A,shade,low,amphi,3.0956555696964587,-2.53413984355291,0.26811173355,0.028224382027659166,5.1859153384,0.021884230002747612,0.12233350803085336,0.09569794613050543,0.08508037267658572,2.7587927383027773,2.842034184029147,2.873038203254458
LA0750,A,shade,high,amphi,3.0956555696964587,-1.7042418866482691,0.168320354127,0.02415798842906913,5.2540493643,0.02203884505337298,0.2114450197413534,0.17890945339392333,0.15175357792707062,2.459459293645982,2.5745143740167156,2.6651611169078278
LA0750,A,shade,low,pseudohypo,3.0476504443681383,-1.7556090266022153,0.1095458265945,0.0677499056018556,5.6539289099,0.066937729299177,0.1121771953994425,0.0771826296053792,0.05318202589924874,2.80247022950157,2.9215497918402016,3.000458225436637
LA0750,A,shade,high,pseudohypo,3.0476504443681383,-1.2408136288428424,0.46801520534,0.018766409093294047,5.6835814883,0.011353870257369267,0.1573892530451926,0.11688523325629137,0.08571920648318893,2.6604397431274553,2.7993096660815997,2.900469041630614
LA0750,B,shade,low,amphi,3.091987080936182,-2.1041382888555136,0.4971180306,0.012104983204418754,5.4305412821,0.005578010586866675,0.21938291157845816,0.10935876993149167,0.053674279644740905,2.441304776819283,2.8158561841914973,2.9992446251514218
LA0750,B,shade,high,amphi,3.091987080936182,-1.7389097258753337,0.31941496333,0.006256023753621952,5.8137445208,0.004005551701176523,0.26208170827010074,0.16967754105212296,0.10719605404404507,2.2693176330859934,2.5929809888882556,2.808074595446171
LA0750,B,shade,low,pseudohypo,3.026968628764972,-2.3784429552527477,0.204728845991,0.03873873429503903,5.8000586495,0.02993670304385363,0.115702614127203,0.07246421424252773,0.04890526522659168,2.7969424353434267,2.938999624895206,3.0154176102581287
LA0750,B,shade,high,pseudohypo,3.026968628764972,-1.6277215228223687,0.41865967871,0.06455309660591566,6.2566999104,0.05786584913993242,0.1806620891466086,0.12318831328698417,0.0842294158003195,2.559618941408008,2.7602607102793084,2.8916631909008577
LA0750,C,shade,low,amphi,2.980020460145579,-2.946825476209461,0.06859051427,0.010238389084416459,5.096536787,0.011033272141557136,0.13214459820054686,0.09752216709886248,0.07361861671629887,2.749928901323593,2.8616169272395973,2.938685459415887
LA0750,C,shade,high,amphi,2.980020460145579,-2.110441348188484,0.16591371237,0.015060098738263208,4.904933462,0.011676688183764992,0.23169742146658545,0.1687876905251097,0.13081674750562286,2.416929311116972,2.618511081793428,2.7446250932082847
LA0750,C,shade,low,pseudohypo,2.944683469254806,-2.2811938511440477,0.015928410227521,0.016849973696696396,5.6008318847,0.026386818908549218,0.13703805403088995,0.09424836027427588,0.06577124554504239,2.7219324924808275,2.8556882097098644,2.9608426704455444
LA0750,C,shade,high,pseudohypo,2.944683469254806,-1.9485904835434664,0.21194947867,0.014752462560365553,5.2335072836,0.012094659851890193,0.1827277853172116,0.14310104306491056,0.11262598246192831,2.6523437820416174,2.715919813938128,2.8167987288200518
LA0750,D,shade,low,amphi,2.9086780364798117,-2.149523070956489,0.116529312237,0.03392539200081802,5.3770151788,0.026189209522794677,0.1896232752436247,0.12759451413005363,0.08452963357693115,2.5410171241551724,2.75305130816988,2.8968898889482992
LA0750,D,shade,low,pseudohypo,2.7822624517230707,-1.835191921091879,-0.12365778530066,0.0672215693863039,5.6855836283,0.11391072661864635,0.13194964144952373,0.08061786411505971,0.05369017410784928,2.740208760944987,2.9091258718952666,3.0009458976180294
LA0750,E,sun,high,amphi,3.0985485141341975,-1.6957376656961354,0.25699510809,0.00960663968339939,5.3238820213,0.006426422889400441,0.3596116530191501,0.26170832192624943,0.168815596997008,1.902099826916878,2.2742950397523893,2.5961965613948124
LA0750,E,sun,high,pseudohypo,3.090638104531641,-2.0587340213719663,0.2755709583,0.010482208367446098,5.0765323322,0.006866200618878088,0.21957015121313905,0.15121728033843845,0.10330273927135658,2.431605584798943,2.668603373346015,2.832134923701919
LA0750,F,sun,high,amphi,3.211252866894576,-2.7204030007972273,0.28151280566,0.020910461686684034,5.2772084573999996,0.013564754802017765,0.23870295752456003,0.1899561799414772,0.15095215588469,2.349591504498287,2.5237793576185874,2.656011123935877
LA0750,F,sun,high,pseudohypo,3.1427928746598677,-1.9329111906129957,0.134780031559,0.02077036624633986,5.0768390125,0.0159833856899647,0.2518513101979187,0.19636098500923252,0.15671660471486243,2.294935386445327,2.4973311267506713,2.6474750216075624
LA0750,G,sun,low,amphi,3.259593288476526,-3.316620280779316,0.089564414439,0.01117314503295344,5.3092759847,0.010564719209167104,0.12572024151713473,0.10918948108481966,0.09359554275849709,2.7550140858854766,2.811111972985408,2.866648819542017
LA0750,G,sun,high,amphi,3.259593288476526,-1.9795960673404494,0.30512649029,0.019636173760871237,5.7693119685,0.011399423746073332,0.2971227764951054,0.21424527036610364,0.15066724102779724,2.186415540078326,2.4563107588733275,2.669790986024605
LA0750,G,sun,low,pseudohypo,3.203824015528598,-3.010999824782451,0.119303486224,0.009234525322618323,5.2572377949,0.006808426491965691,0.10554384511001919,0.09063466369979448,0.07956178339063714,2.8258893122764803,2.8712782355985347,2.910405725904189
LA0750,G,sun,high,pseudohypo,3.203824015528598,-2.014091735218671,0.022222988949174002,0.015482298784050223,5.7099391412,0.012683503958522996,0.20743946176139016,0.16372853671723234,0.13158046400087559,2.5375936647924693,2.6485688433212222,2.7559617450301968
LA0750,H,shade,low,amphi,2.959139674075257,-2.9827458991225506,0.23532697528,0.011592885699482544,4.9084374863,0.007979412030501665,0.13106795501879376,0.08853500433376973,0.0659459139346425,2.7448094993404464,2.889016605014823,2.9630741394346436
LA0750,H,shade,high,amphi,2.959139674075257,-2.1407751046197534,0.18418285756,0.01128715260379421,5.1425488771,0.008810125971811338,0.23754843942867096,0.1535481948908258,0.096569679162516,2.440969430774028,2.685480069912379,2.8692056615484316
LA0750,H,shade,low,pseudohypo,2.911760095155826,-2.2450982751861215,-0.025807506649,0.004898260577535014,5.5415142255,0.011352626690237282,0.14709973693739722,0.1305214758087637,0.12047991570951175,2.6853399554458703,2.7486881857003667,2.782490407048327
LA0750,H,shade,high,pseudohypo,2.911760095155826,-1.1835342710078323,0.30227124667,0.03537057915333849,5.7203019119,0.02786311836886867,0.24635428510341217,0.19778112561346411,0.15993644843496238,2.382719015561244,2.526278654012955,2.652172947300842
LA0750,I,shade,low,amphi,3.0565819606134816,-2.7225949862118393,0.082680226925,0.013143557822272778,4.7906766774,0.011567124911267365,0.12313193831128563,0.09515020226025529,0.07822599180891493,2.7728011002546618,2.8625828976704892,2.9175519906784926
LA0750,I,shade,high,amphi,3.0565819606134816,-1.6111754953597506,0.1877849582,0.009081047745629765,5.488157663,0.006927823544532243,0.24286807135653254,0.1793751070686216,0.1305446515114841,2.3487694707388,2.579137878389534,2.7398769685626023
LA0750,I,shade,low,pseudohypo,3.0390870996839303,-2.5006844632229996,0.01880079045681,0.01376530779161056,5.2118908993,0.014962319530289283,0.081220376142987,0.0658642733620395,0.05365412413451884,2.9193890449878883,2.95741659156175,2.9996515028766506
LA0750,I,shade,high,pseudohypo,3.0390870996839303,-1.3440777574773963,0.26779465192,0.03147310330021916,5.5996811455,0.023582856282528257,0.17176426932831504,0.1201656731078155,0.08078611863744288,2.6132146766984343,2.776792741507242,2.9102394798316604
LA0750,J,sun,low,amphi,3.2062816524301834,-3.4239783993040906,0.121824993577,0.01254937313167777,4.8574978906,0.010071417471004122,0.12304777839880487,0.095107848978742,0.07459561147385634,2.7810057731118456,2.868397029045559,2.933895595219559
LA0750,J,sun,high,amphi,3.2062816524301834,-1.8636529150576355,0.21680639874,0.012805610349918624,5.7427935488,0.010236262849462288,0.3349632438134313,0.22292928973528783,0.14088653944707966,2.053906979838556,2.433691760935811,2.7078312233398756
LA0750,J,sun,low,pseudohypo,3.1646003754088063,-2.1779805611156693,0.112611899427,0.02243714832802014,5.4360352852,0.019409149816551025,0.18400647331153377,0.10292785893382073,0.05557517894926446,2.5643648264491494,2.8377727360203204,2.9963072405394633
LA0750,J,sun,high,pseudohypo,3.1646003754088063,-1.581195962077747,0.38107062905,0.006501387143359252,5.5314551373,0.0034842613483610087,0.2588442617562722,0.1549965434879628,0.08911492824634606,2.3089104784940533,2.6647520247111074,2.892849762613651
LA0750,K,sun,low,amphi,3.2188263757581765,-3.496280469492909,0.036116176285129996,0.019905688989194512,4.7663837241,0.02271801648542543,0.10865429089292832,0.09956608927872665,0.09335703468560867,2.811759613602617,2.8415062977926575,2.8608121119645125
LA0750,K,sun,high,amphi,3.2188263757581765,-2.201734819773107,0.102017074094,0.004525279076838244,5.4841340405,0.003295766241681826,0.2609102313428809,0.19317196159552136,0.13681484651994727,2.2825385591263823,2.515994457916228,2.714191411631566
LA0750,K,sun,low,pseudohypo,3.196394093129942,-3.0361953799870167,0.02502367703715,0.012698739384075619,5.0720460217,0.011894411336646484,0.09390246514040727,0.08244940030046499,0.07347023271695305,2.8526987685493665,2.883922049581329,2.916159531593599
LA0750,K,sun,high,pseudohypo,3.196394093129942,-2.163359405264898,0.070841909342,0.00845085540126095,5.5332509627,0.008542692581479236,0.18108522802572527,0.14539910361821717,0.11799074889511385,2.5892473306160344,2.6956487051786233,2.791880634854847
LA0750,L,shade,low,amphi,2.98444198819376,-2.492064192632943,0.17412068108,0.012919393551645756,5.115126113,0.008980656556535118,0.16113993581324765,0.10082501918771401,0.0646753392321696,2.6465865057868587,2.84863389978662,2.9676673496619213
LA0750,L,shade,high,amphi,2.98444198819376,-1.7163618392502784,0.2307714155,0.005300454909111299,5.281255549,0.0034532654447132815,0.26044020515744726,0.17346838026688816,0.11415043745165233,2.3175217465728934,2.6128384971301633,2.8049902921532115
LA0750,L,shade,low,pseudohypo,2.9497969729018436,-2.149731839956884,0.022295306694901,0.018341861822060927,5.133930726,0.020845100652247445,0.16079718501950607,0.13905917050917205,0.12504146275824501,2.647069654347354,2.7122547667543238,2.7584480070018884
LA0750,L,shade,high,pseudohypo,2.9497969729018436,-1.344521983075383,0.31788711016,0.014322876218570051,5.3328748742,0.00898187767584809,0.2482690177698878,0.20611124196684077,0.17628298846805343,2.4232188632733864,2.5312143718352003,2.631896861225225
LA0750,M,sun,low,amphi,3.262152656755373,-3.2141431073824855,0.1591967732,0.00918753033893917,4.7765785997,0.006185477839982835,0.1365422895853846,0.09682693675775939,0.07810526595851491,2.7219614195483652,2.854816538203537,2.9192927585544526
LA0750,M,sun,high,amphi,3.262152656755373,-1.691647960024822,0.30459860582,0.006178561878001388,5.814962921,0.0037910064388072687,0.32816663064197044,0.22738181601598587,0.1518867897184861,2.0282896898404728,2.4006250333841974,2.662994836868866
LA0750,M,sun,low,pseudohypo,3.15643279307689,-3.063792822666343,0.049066587474,0.008070363530009814,4.8324795424,0.007531876892657528,0.07847465430019195,0.06023304840341771,0.04899539235815932,2.911788636988633,2.9768522365547376,3.014822980326631
LA0750,M,sun,high,pseudohypo,3.15643279307689,-1.1998702614694097,0.52222094989,0.02016713217231935,5.6766235382,0.009687311766874714,0.25129311956940203,0.14414488807113895,0.07657439512834012,2.2830991913295855,2.6691100346343335,2.9135034996697087
LA0750,N,sun,low,amphi,3.102469311653474,-3.06615577483067,0.28499483621,0.01990133026034808,5.1728455448,0.011277642480951446,0.1653223283267379,0.11020016366093843,0.07209533717080815,2.6461163916723454,2.814445273118997,2.942143445405575
LA0750,N,sun,high,amphi,3.102469311653474,-2.2651406252568766,0.34805515618,0.014996166412703264,5.642564729,0.008919786631504743,0.2814437397528254,0.18166227608140398,0.11045286409809979,2.2525043496430177,2.586524158940386,2.823710745664048
LA0750,N,sun,low,pseudohypo,3.0273790175299657,-2.4618926713346716,0.34745384729,0.014012818470666143,5.0528800255,0.007413620063860234,0.15878991838079237,0.08472192768801433,0.04834640839729377,2.6563892760688286,2.9061753580898158,3.0172824897323487
LA0750,N,sun,high,pseudohypo,3.0273790175299657,-1.565593299436899,0.36854900462,0.0050073103763530556,5.2604690324,0.002636305147277126,0.2711360035835205,0.14368012775153338,0.07272260995935995,2.2855570897258346,2.711474610859643,2.9515080547685164
LA0750,O,sun,low,amphi,3.0621449426446796,-3.5160762692735434,0.094463999486,0.015086850583030933,4.2057253441,0.011138260126158983,0.1315353204313313,0.11522434117896461,0.11282083978639108,2.7413925534543604,2.7917708560671826,2.7980164268420036
LA0750,O,sun,high,amphi,3.0621449426446796,-2.167945413303862,-0.018527838745223298,0.041864437832495736,5.0731953389,0.039127282354445514,0.2936197365626145,0.24591804176184817,0.20613124733215135,2.177876557165358,2.3225056229473022,2.475011852360976
LA0750,O,sun,low,pseudohypo,3.017178120286751,-2.911974926306956,0.16117632216,0.013199326027412141,4.4923346431,0.009242747295534004,0.10859447475405977,0.06356454381729763,0.041485469003998986,2.841016004615229,2.965480493448457,3.034526019009598
LA0750,O,sun,high,pseudohypo,3.017178120286751,-1.7199638632165841,0.28012462594,0.005691218123964031,5.3685132486,0.0036401547005672844,0.24396778141085176,0.17187550574225108,0.11770563730779135,2.346742409388103,2.5987756749293975,2.7806073653843297
LA0750,P,shade,low,amphi,3.0399384027285246,-3.072821902439602,0.19966621026,0.013090532121162846,5.0457841931,0.009374697753555213,0.10219956850685884,0.0686254588208501,0.0466967142126727,2.861266315248784,2.95280895865427,3.025026017437898
LA0750,P,shade,high,amphi,3.0399384027285246,-2.007037006502188,-0.265666763886,0.04283113947724754,5.6052936659,0.047984906320691,0.20755786211794683,0.1324274135655331,0.07907870260630145,2.499665771182137,2.7595123742396233,2.927507775392412
LA0750,P,shade,low,pseudohypo,3.1356973494380065,-2.1045460508721443,0.121667663,0.006299359588962377,5.4376259473,0.006070630798282973,0.1056551349035588,0.07993660538058685,0.06057603659776911,2.8387759952131004,2.9107792441071485,2.977174819899149
LA0750,P,shade,high,pseudohypo,3.1356973494380065,-1.436694351101852,0.04884681788716,0.02370726112266717,6.1573560654,0.02615800055843178,0.16447499926799436,0.13190493765490036,0.10764919022093142,2.6371552295945073,2.7483579661505875,2.8317881347739497
LA0750,Q,shade,low,amphi,3.027636112257946,-2.7141564225707633,0.19521782698,0.026364379532457193,5.3419401283,0.021465013102563497,0.13338680520479262,0.10081192563739072,0.07109165606902303,2.730569461480721,2.8416513166050716,2.9413739792801334
LA0750,Q,shade,high,amphi,3.027636112257946,-1.7521238593558244,0.075599267001,0.014011943033000261,5.5848527248,0.014952829964375582,0.24243611544935045,0.17912114840779675,0.1277411394571289,2.3386049015550103,2.5666033734761955,2.7417475430378353
LA0750,Q,shade,low,pseudohypo,2.9667170394145135,-2.4136302526799773,0.01846040076908,0.04344338632740222,6.0066762031,0.13503923554945635,0.10658142916098833,0.08297009476084827,0.06562478797578543,2.825798250960589,2.8997303327527013,2.958377244008516
LA0750,Q,shade,high,pseudohypo,2.9667170394145135,-1.613293262722009,0.0778476633238,0.023139749731004026,5.7461947453,0.026064462745648467,0.17956829628716514,0.1392859550720003,0.10793178252824154,2.57144827113747,2.706241965129976,2.812998173144016
LA0750,R,shade,low,amphi,3.0866933678682713,-2.5735665437028947,0.13513970554,0.006308560197513038,5.2940096111,0.0066826760470575395,0.1068526952143708,0.08217411309959793,0.06312090832146927,2.826078145800378,2.9049125935904048,2.9689851627489414
LA0750,R,shade,high,amphi,3.0866933678682713,-1.964081833468747,0.11417483427,0.009826431454326063,5.0831643549,0.007694111746546465,0.16050871392093932,0.11500015539913723,0.08456841244566764,2.6366838325278152,2.7930546341709537,2.893729065767545
LA0750,R,shade,low,pseudohypo,3.077619661180662,-1.9878113614354995,0.17010612899,0.015279894378650313,5.4605072714,0.017365839117256858,0.12300019000222895,0.10664778112817713,0.09512317352823721,2.7559785449522227,2.8111826230904358,2.8523276166392835
LA0750,R,shade,high,pseudohypo,3.077619661180662,-1.6001156356268338,0.15320062558,0.019605561488624176,5.6896286891,0.01924262927706101,0.15833816051998897,0.13990689833048625,0.1257217175502882,2.6631908480374165,2.7166667665258424,2.7656210227605404
LA0750,S,sun,low,amphi,3.1857346264693223,-3.123078813858435,0.57764658154,0.029641201687693512,5.4832863121,0.01413636974327436,0.1412159882834996,0.09413705857162002,0.06090920272673769,2.700858438770415,2.8697067801587486,2.9779248167075694
LA0750,S,sun,high,amphi,3.1857346264693223,-2.0041072638,0.39053262067,0.01115637684514765,5.3655683111,0.006003636876806881,0.28797724770632793,0.20404183760957625,0.14157313034830582,2.2016694720527474,2.4925645771172937,2.719789699588202
LA0750,S,sun,low,pseudohypo,3.1160451230243056,-2.443294000909987,0.19432809186,0.008700076797459152,5.3562689248,0.007449620025757888,0.1440045897321524,0.11537441844237273,0.09778812515792822,2.7048989255321083,2.79233717241834,2.855914951148766
LA0750,S,sun,high,pseudohypo,3.1160451230243056,-1.3569598344146556,0.27926981047,0.025294600418891547,5.9639646244,0.01909554413261444,0.2619765338427671,0.1967204824733996,0.1491993252361691,2.3076075786228554,2.5314904237499154,2.6961628856013786
LA0750,T,sun,low,amphi,3.221359824990712,-2.9474461109162435,0.21591301937,0.01598815996987994,4.9172517346,0.009823176322993257,0.14917908631411161,0.09647518366208918,0.07187854293592265,2.6813002343957706,2.856833090347833,2.936993816266305
LA0750,T,sun,high,amphi,3.221359824990712,-1.311347275108582,0.29900724359,0.006212684538052497,5.8279641017,0.004176753482809737,0.36530166583015417,0.2590911100223329,0.17012481511241342,1.8760125190021362,2.2606215129761864,2.5902168219599395
LA0750,T,sun,low,pseudohypo,3.335969301782722,-2.3977136407413395,0.230940665642,0.06169827067396946,5.6066609959000004,0.0787745156643292,0.13359749664714687,0.08983962853674118,0.04771340033603425,2.733100876568685,2.8785180589267982,3.0156156395939338
LA0750,T,sun,high,pseudohypo,3.335969301782722,-1.3915694965370036,0.24956550673,0.016338683389056984,5.9747980258,0.012133454609103108,0.23865018088787307,0.15686573725349115,0.09813159612688624,2.343436429891999,2.6349345691699853,2.847899361465686
LA0750,U,sun,low,amphi,3.1327722314990782,-2.967952337594725,0.50529207698,0.037925781366927744,5.4343381188,0.022410055374239554,0.17668537366633114,0.1428857195335071,0.11846986928350231,2.578215297681363,2.6921303279480515,2.779031594854009
LA0750,U,sun,high,amphi,3.1327722314990782,-2.040607768980908,0.31530894244,0.012949520104053723,5.5383220312,0.009228810128073202,0.3031126572947982,0.23249060433383323,0.1737846227495743,2.1143472465587836,2.370072323626471,2.5743756616976783
LA0750,U,sun,low,pseudohypo,3.0898960235812396,-2.3327050626378854,0.23996079757,0.011257879718930927,5.4155324389,0.011757428876387905,0.19354607748124372,0.1792931715154049,0.1700283614969314,2.5137808719803285,2.5598613905835492,2.5955987763313138
LA0750,U,sun,high,pseudohypo,3.0898960235812396,-1.6317540360657306,0.31013002124,0.0232226172381708,5.4998565469,0.01558824089132114,0.2680791877914568,0.23634749008533842,0.2114913002046942,2.255333404592383,2.3616710743198084,2.4518813502075067
LA1028,E,shade,low,amphi,3.230677548533248,-2.8377704228802707,0.49981890766,0.011818677698403593,5.5052674606,0.005911907299747539,0.20484653557010807,0.15425555117627787,0.11658671974683138,2.4933914639460353,2.663472194601529,2.7887470255929174
LA1028,E,shade,high,amphi,3.230677548533248,-1.9058820926813542,0.147872796055,0.013620903222789176,5.3570187434,0.011151732938746951,0.32255991201950507,0.2618989922286583,0.21016578056825017,2.063416283841083,2.2766989415012064,2.456112022854371
LA1028,E,shade,low,pseudohypo,3.1470956130916625,-3.127048815865786,0.088730633471,0.007828797506965895,4.6556802666,0.0061332168346590705,0.15327501835016372,0.12548946087819662,0.1093847516445626,2.6755354377699883,2.7592765270210737,2.815787771631296
LA1028,E,shade,high,pseudohypo,3.1470956130916625,-1.7773556366231817,0.23569248281,0.01098712610871639,5.3546874106,0.008000979927266677,0.2747006306617745,0.23185007773616345,0.19294537047522736,2.2406385107791023,2.3912716953733,2.5245094638071226
LA1028,G,shade,low,amphi,3.2106865343389006,-3.4982140594270574,0.42767089342,0.018434649890205622,5.5997087772,0.008951584207932796,0.13426253702939356,0.10646773708055768,0.08832089341491045,2.7323264104763876,2.8258612006730504,2.887792186867318
LA1028,G,shade,high,amphi,3.2106865343389006,-2.341846096590807,0.22426539042,0.010902279446624705,5.5175297663,0.007515260015566718,0.2406535994869443,0.18561675841978723,0.14550547208735667,2.3518370695409767,2.545685376468162,2.685896469517391
LA1028,G,shade,low,pseudohypo,3.0670938060434447,-3.5734732315495052,0.03213283476943,0.01781169901894855,5.0713556223,0.015147683055198688,0.10210354014620956,0.09635809131177031,0.09093232188884649,2.8470610435750725,2.857687957632373,2.876184575824268
LA1028,G,shade,high,pseudohypo,3.0670938060434447,-2.1249094048737525,0.144439138382,0.014862688774158665,5.3017174322,0.011524862546771021,0.209456640840359,0.1827148204469122,0.15790785849015196,2.490108245702049,2.578445341885228,2.6610871578340034
LA1028,I,shade,low,amphi,3.147607893206295,-3.5002011327318012,0.0155299273891,0.0035221186570014236,4.382184064,0.0029399163756916734,0.09461447063941313,0.07126553955152327,0.06294845940320772,2.864119165495242,2.941499904928196,2.969642906873589
LA1028,I,shade,high,amphi,3.147607893206295,-1.4214513848649173,0.45679655133,0.023200299222002816,5.5737930006,0.011760951437405605,0.3434633874375796,0.25730174199050576,0.1813357495570012,1.9876157761606754,2.2924617543444183,2.5543264826553065
LA1028,I,shade,low,pseudohypo,3.0115841060065707,-1.86721864407309,0.087134918521,0.013183937814234842,5.3945812128,0.010135861754137871,0.19166853732795305,0.12435345542137957,0.07472925720013529,2.523888363716301,2.7571091628540008,2.9256250274035867
LA1028,I,shade,high,pseudohypo,3.0115841060065707,-1.0568311566931166,0.40308631003,0.01821976303175068,5.3829829484,0.010293733024186631,0.2904580344672475,0.24679751287833165,0.2045236467848911,2.166628018598151,2.323484026736389,2.47499077365019
LA1028,J,shade,low,amphi,3.057610348498841,-1.9588147419376871,0.16020409868,0.0035509988797046864,5.3447141444,0.002184951159788088,0.2608114207753698,0.12918256485783927,0.06517273317294699,2.2533254185207126,2.735161640159336,2.9616538009643194
LA1028,J,shade,high,amphi,3.057610348498841,-1.209503304114845,0.48106396449,0.010555421400355095,5.8893314761,0.005658915614006382,0.3672005204127746,0.2647800288969106,0.18127090127713041,1.8617890718161676,2.2505301903597252,2.5627284641244534
LA1028,J,shade,low,pseudohypo,2.9212562347056017,-2.2168271756340685,0.33544562586,0.014195687429524954,5.342183105,0.007382663526676758,0.17548037644907463,0.09181733722414166,0.04921891404069144,2.5919931705169565,2.8734187541542977,3.0146237874306583
LA1028,J,shade,high,pseudohypo,2.9212562347056017,-1.37545822583774,0.62886173335,0.019203938502955143,5.6433928659,0.008488650848050438,0.2703830099560733,0.18618847605499872,0.12202565377847016,2.2390307785084422,2.5385752539783764,2.760060347464138
LA1028,K,sun,low,amphi,3.345001776608909,-2.601336727995833,0.58141123087,0.013951418093045568,6.0612913013,0.00606086953644492,0.28033252288960125,0.15034913580091047,0.0873810501865885,2.248234523824676,2.687195872235817,2.893224168264476
LA1028,K,sun,high,amphi,3.345001776608909,-1.6603258580246314,0.21154228711,0.026534302434571857,6.2898778889999996,0.0183052805210172,0.4221285961367123,0.29553843119636963,0.19609934288938247,1.7518200000271313,2.1867924131060947,2.524138805932351
LA1028,K,sun,low,pseudohypo,3.2450602792612706,-2.1850783443794333,0.33115865395,0.00815575123702004,5.7055670957,0.004360126439859628,0.24188674775057736,0.10352610241092897,0.03993447196996882,2.3726563774785516,2.8401919470890276,3.047973909935546
LA1028,K,sun,high,pseudohypo,3.2450602792612706,-1.5159936207870883,0.58036081057,0.011149596070547777,6.10779383,0.00488704514776326,0.33664911856810154,0.19731708517559526,0.104582630883147,2.0514035686424004,2.5176511412040345,2.8360360912557603
LA1028,L,sun,low,amphi,3.1783284476327545,-2.891807873887888,0.14595170496,0.009958308145452894,5.1127756586,0.0064774659735334994,0.24419302935609596,0.1776762357834195,0.14171494757637482,2.371314486726038,2.5944414621129024,2.7136659321189853
LA1028,L,sun,high,amphi,3.1783284476327545,-1.6589308345865026,0.42934081568,0.011152838217800285,5.9624372588,0.005814780195285292,0.43034168321168825,0.3139219268300124,0.22466098486522412,1.7289243958875473,2.127636063200004,2.4288110106414367
LA1028,L,sun,low,pseudohypo,3.0487111551699115,-2.16088054780653,0.35668830922,0.015586017947959342,5.2313392155,0.009723024376563975,0.23768085862326466,0.15039165567970897,0.0917085941068385,2.365993500606888,2.6774419241623133,2.8750684513238363
LA1028,L,sun,high,pseudohypo,3.0487111551699115,-1.5572516135192138,0.69175921015,0.026157539488169415,5.6635014432,0.010143437274674644,0.32735206132571126,0.23599393818844777,0.1660739190843589,2.09007982806449,2.399160295879172,2.633616234231712
LA1028,M,shade,low,amphi,3.206300238505574,-2.899085153497935,0.23618214815,0.012830183893986975,5.3519796876,0.010809405795335562,0.14467512736217777,0.10533294833036894,0.07638499309937137,2.703877744355192,2.8275094923613517,2.9273359343460426
LA1028,M,shade,high,amphi,3.206300238505574,-1.8851991618664452,0.080591675858,0.00874290233288943,5.8819696814,0.008614249423245186,0.29251741381845214,0.233716943152281,0.18422836625962094,2.243703956379657,2.430193390222439,2.5913068222176894
LA1028,M,shade,low,pseudohypo,3.1979870463933624,-2.817025679720786,0.29794681834,0.026282417008796244,5.3566769097,0.01755385557102043,0.12105333944848617,0.08593249940383152,0.05782305350958079,2.803155574788625,2.8974802153392663,2.989108172879524
LA1028,M,shade,high,pseudohypo,3.1979870463933624,-1.698679706708837,0.60519636402,0.023892987283635977,5.8906554497,0.01048788357259234,0.2569587088130283,0.1848052342341142,0.1283773596934207,2.3479238793635244,2.583173061954203,2.7655518886266934
LA1028,N,shade,low,amphi,3.1737203308297484,-2.1280556936557247,0.21932934098,0.019953652080415215,5.8577337319,0.016654116299600317,0.20370134870400594,0.11521628796418251,0.06177383194121608,2.459924591196442,2.7867746776551043,2.9709001721393924
LA1028,N,shade,high,amphi,3.1737203308297484,-1.4486705422840382,0.44712531147,0.015197519884841658,6.0673207485,0.009090986216684617,0.3016622123614953,0.21819676803158267,0.14906683668697873,2.1134938369436647,2.4293331423278635,2.6779050752486215
LA1028,N,shade,low,pseudohypo,3.1521481557953672,-2.470128569734392,0.16632621703,0.017385312552997606,5.3252671372,0.012877692062101119,0.12450438320637959,0.07564497752880514,0.0474892337098295,2.8042998049529313,2.9249440716155677,3.0206594291537443
LA1028,N,shade,high,pseudohypo,3.1521481557953672,-1.60662402481868,0.31411681222,0.017837135264518363,5.4357632221,0.010798145759225468,0.2194212675333768,0.14782526629996096,0.0946903853402639,2.4951679144941568,2.694214732586852,2.867598476736269
LA1028,O,shade,low,amphi,3.050686908970804,-3.0702595798509003,0.102389452842,0.00993524267026316,5.0882506265,0.009827227545228296,0.0847521858164546,0.05328875201446211,0.03432577109802756,2.901322377310679,3.0027040788866226,3.064049484774351
LA1028,O,shade,high,amphi,3.050686908970804,-1.5726413653378266,0.35637361967,0.025911539755918738,6.0676878788,0.019364933434755798,0.2361100204548973,0.15257806197998344,0.09103156788410148,2.3589731395662015,2.6532112600864095,2.8685201116470447
LA1028,O,shade,low,pseudohypo,2.994952683254635,-2.282030317499954,0.20849706623,0.01536351194829897,5.4944753851,0.017109187727541723,0.12279954752991112,0.08563779859615678,0.059936844522654215,2.767884423992498,2.8892034471208676,2.9770474162346234
LA1028,O,shade,high,pseudohypo,2.994952683254635,-1.414247064984548,0.27505304845,0.015763388473325052,5.8918846257,0.013506192813503926,0.21189952865763748,0.17079851899965195,0.13608908119103003,2.4527282503891112,2.594162410029523,2.716404883485606
LA1028,P,sun,low,amphi,3.448949670259818,-2.484609626878979,0.46222497895,0.012688442012429633,5.7238977222,0.005289041140972352,0.30261877023882633,0.14975999504814602,0.07652254921792769,2.164001425220771,2.6868370012331257,2.928276077388117
LA1028,P,sun,high,amphi,3.448949670259818,-1.661535198858364,0.45025530322,0.00928696917945105,5.8533438079,0.004555309054625239,0.426801017296615,0.29659928255284046,0.19086028802400679,1.723762014721528,2.189093800848549,2.5534197777313126
LA1028,P,sun,low,pseudohypo,3.4019512646341843,-2.2739627470420873,0.58825054335,0.02405989717373884,5.7409989682,0.010032663763960666,0.24114170169653185,0.12433549537949773,0.05669460302092997,2.3629323962745383,2.7681901124120336,2.989420785873721
LA1028,P,sun,high,pseudohypo,3.4019512646341843,-1.501406131246624,0.76572388142,0.012176471065746779,6.1138057978,0.004583748137094741,0.3562724324644849,0.20001412992211373,0.09683690764421442,1.9838249493309106,2.5251821063349107,2.8821516302880466
LA1028,Q,sun,low,amphi,3.2577717903957146,-2.919186781329694,0.26164048293,0.012102452978317382,5.184563001,0.009301841977841795,0.22839633953114188,0.17731840564097534,0.14042749968238938,2.398802652131545,2.5718128303301526,2.6982126352484146
LA1028,Q,sun,high,amphi,3.2577717903957146,-1.709577464172681,0.41639634869,0.008136961444359365,5.9930313514,0.0045526127524017895,0.4093054032687845,0.32160863579505944,0.24692945008406614,1.7361577110670816,2.057367279664487,2.324333575275808
LA1028,Q,sun,low,pseudohypo,3.2034389762731155,-3.205894519039518,0.0472395653457,0.012205009357697335,4.8925874302,0.009595403657374504,0.1295566285125358,0.10013518584778491,0.07863104056906545,2.7589745570661695,2.8357050887331177,2.912130665590535
LA1028,Q,sun,high,pseudohypo,3.2034389762731155,-1.9677541928322577,0.5652218285,0.013875580259097952,5.7866671335,0.006464541910366018,0.2838291083075399,0.20490763715673835,0.1407454985112212,2.2057367874060434,2.4874340836289806,2.703850186778994
LA1028,R,shade,low,amphi,3.0907017572521736,-2.079248028826779,0.29436476121,0.021811182186880884,5.5246659012,0.016867744675826923,0.20168255997437684,0.12888350483520294,0.07851611187600319,2.492624852513161,2.750191157616343,2.9199954797168655
LA1028,R,shade,high,amphi,3.0907017572521736,-1.1067223165399787,0.44183709998,0.030874838740584422,6.2919425386,0.022091610872464938,0.3378142061442077,0.2642807062602672,0.19697903737237052,2.0242862176246765,2.2894937629367265,2.531736493553773
LA1028,R,shade,low,pseudohypo,3.0226818578681462,-2.449545719967353,0.23881089996,0.01668739359316588,5.173671977,0.014032543328887606,0.11641298770983205,0.07859530299025941,0.05199608519041011,2.7983197286212773,2.9237392313481774,3.0077101265411477
LA1028,R,shade,high,pseudohypo,3.0226818578681462,-1.4694715518907586,0.50185007909,0.030269914027899567,5.8806933282,0.014462768119122013,0.22764380002489787,0.16353086936756792,0.11538449622193368,2.4504873831805134,2.6712704284117152,2.8295446464319696
LA1028,S,shade,low,amphi,3.189335696552536,-3.7194572800266226,0.072116308208,0.005699306157461249,4.5483073511,0.004325025144599772,0.06100229873351843,0.047552909405079606,0.04152950067805755,2.976708592641249,3.020459658294994,3.041575516139214
LA1028,S,shade,high,amphi,3.189335696552536,-1.827103645275609,0.33136321837,0.03514579479081295,5.5623565065,0.02572666898165792,0.2067074263695264,0.13909049371667412,0.09116490078582382,2.461923249612991,2.7017955402210747,2.865823497677887
LA1028,S,shade,low,pseudohypo,3.1370494328203895,-2.503071246522825,0.3611234467,0.027450186892285452,5.6021772698,0.032471931432590063,0.10061828238185849,0.07322879619543343,0.053294315198837004,2.8424689128024645,2.9313945485740405,3.0010487402781365
LA1028,S,shade,high,pseudohypo,3.1370494328203895,-1.6066981195974093,0.23152303928,0.02804771941041277,5.8123484568,0.025904310953749798,0.17890296957156065,0.14191475917072036,0.11109655478890447,2.557383504714797,2.6969197312872297,2.806315109177862
LA1028,T,sun,low,amphi,3.315012289038951,-3.2014944383439574,0.15495716547,0.008041829030464248,5.1205606159,0.006933735956033035,0.1852676011383034,0.1380153560602069,0.11419973226701799,2.5580003310178165,2.720133394885082,2.799252280868356
LA1028,T,sun,high,amphi,3.315012289038951,-1.8459227817202128,0.2371291341,0.011351757934393624,5.7309250671,0.00789234779310535,0.3834196236374581,0.2965154671033761,0.22069079104177425,1.8405892286033807,2.1503078345458184,2.415115084638722
LA1028,T,sun,low,pseudohypo,3.2309010161241662,-3.1519883835744777,0.067114346215,0.003534442585424497,5.1529413978,0.0029910005471829133,0.12777557276154491,0.08095152564907768,0.05127626097554008,2.7476929158886887,2.9015043589326766,3.0052060129693574
LA1028,T,sun,high,pseudohypo,3.2309010161241662,-1.8510365985657975,0.29046975193,0.013883122809658656,5.432207898,0.007798341911587744,0.2828323249090028,0.19733533605702827,0.13083354610422374,2.182987289353952,2.494466568835001,2.7337110053581113
LA1028,U,sun,low,amphi,3.314745664555982,-2.4541476554800976,0.21226344471,0.03307250311058993,5.5056445821,0.030104617882826236,0.25319273499440453,0.17371668180478253,0.11968670958699305,2.3530245985683234,2.612394938160073,2.7886836077046797
LA1028,U,sun,high,amphi,3.314745664555982,-1.5610116247461867,0.47301320384,0.013840650872002279,5.7621730187,0.007325340031501435,0.39354258099088335,0.29939284167772784,0.2191133597801168,1.8682377699829091,2.1837758313228512,2.449499145326492
LA1028,U,sun,low,pseudohypo,3.2452078852282407,-2.5555734394699576,-0.003854401283676,0.005473405745897825,5.014592418,0.005140516910590233,0.16919485971123785,0.14318560411230283,0.13649183129840517,2.6201711571766926,2.705110176852108,2.727074790137033
LA1028,U,sun,high,pseudohypo,3.2452078852282407,-1.3424526021886043,0.26525013371,0.014901189309423664,5.4748081993,0.008560333679456274,0.2990232918943076,0.2403344180187677,0.1950906375359678,2.157092205674668,2.364503587589765,2.5251454866153056
LA1028,V,sun,low,amphi,3.170491283604177,-2.909226696026815,0.097936460847,0.005301866979220426,5.0060223923,0.005172694869830142,0.2126237452176216,0.1266040756664158,0.09717107375185532,2.4609999882738984,2.7460521366374135,2.8509467373354287
LA1028,V,sun,high,amphi,3.170491283604177,-1.7169394110444522,0.49341673983,0.011210117082316338,6.0091833251,0.005650859730583909,0.39799385548404637,0.29083511612282875,0.19499281910052643,1.7835269110771106,2.1621017000268115,2.502347147843997
LA1028,V,sun,low,pseudohypo,3.1025500397681753,-3.323244857741001,0.106587513816,0.011117986702111839,5.0898592293,0.008285424264773583,0.11464568347497994,0.08834690028131396,0.07094755260402676,2.8007484996529577,2.881433474767036,2.93867236193253
LA1028,V,sun,high,pseudohypo,3.1025500397681753,-1.7859784129080865,0.54665918912,0.017534268851226685,5.7372676615,0.008351865337332776,0.2908718552179248,0.20003667316779122,0.1298525416066915,2.1520269493422113,2.479520874094394,2.728963907243828
LA1028,W,shade,low,amphi,3.168636393891903,-2.2996583123161387,0.46657435965,0.025751241384092807,5.4363125099,0.016679881738553927,0.17695561882880279,0.04102199733681855,0.0265768721957267,2.585006504624095,3.0508516141702513,3.0937917234809618
LA1028,W,shade,high,amphi,3.168636393891903,-1.7273048239326312,0.54211299235,0.008162508950543986,5.8784937823,0.0036069474355748077,0.25668661150873184,0.1241710968828105,0.05688923096024109,2.3524394769898884,2.783124976356021,3.000559482521517
LA1028,W,shade,low,pseudohypo,3.1154193062519537,-1.9984829307762446,0.35356175731,0.012337581940293163,5.5959758332,0.007186208984400972,0.1649487438953011,0.09466117654023055,0.051391470589608704,2.630370449994599,2.8710303490369604,3.0114010503944635
LA1028,W,shade,high,pseudohypo,3.1154193062519537,-1.2659562809687968,0.31450349288,0.02449880304370039,5.7527190075,0.018514332656097397,0.2552535256176824,0.19291228137009359,0.14029831367365428,2.3418618670365343,2.5467720319045326,2.725363366576879
LA1044,A,shade,low,amphi,2.84838760657406,-1.9048632266910404,0.035095183519428,0.03362550449049054,5.1459375304,0.02657836982613289,0.10417805987752557,0.049726205391835795,0.02649086374919927,2.840066494748971,3.018015087735229,3.088558323496878
LA1044,A,shade,high,amphi,2.84838760657406,-1.60138258717732,0.114226560685,0.009166722100334902,4.8587634801,0.006300487701142375,0.13005788052410389,0.07529519458910616,0.04585810579731625,2.774754865666079,2.960799441517711,3.031629587179699
LA1044,A,shade,low,pseudohypo,2.8363882129962015,-2.0344872739135402,0.087045028984,0.010656459956578724,4.95426873,0.007438347276403832,0.10431035116791272,0.0525298079934768,0.028172451290148677,2.8371819936091396,2.9997543578085133,3.0868083756497064
LA1044,A,shade,high,pseudohypo,2.8363882129962015,-1.0054832321802567,0.57340132797,0.00386572071693128,5.3838110816,0.001697150973723033,0.18861396614281797,0.09703353792589121,0.04662241884188415,2.541801911056939,2.8783881732465657,3.0273334786963226
LA1044,C,shade,low,amphi,2.9996133367815685,-1.0414370616987834,0.23450272665,0.011798193509959781,5.1964622052,0.007728771614413288,0.15627862700945938,0.07899447126785823,0.0409201374758458,2.6648758016726233,2.920570378823339,3.0444257073098124
LA1044,C,shade,high,amphi,2.9996133367815685,-0.6435327720373719,0.38752796394,0.01488976946142808,5.1064916733,0.007821111731440284,0.19444946839812682,0.1257024076345358,0.07370097588993271,2.5545126076622027,2.7700749693192055,2.939969994455593
LA1044,C,shade,low,pseudohypo,2.9840955453355944,-0.33728003675505297,0.40186212262,0.00748860980200415,5.3275841103,0.00397037851940484,0.1378845964179423,0.04647860344573179,0.018224628523743493,2.7146372033202346,3.022372194280485,3.119998090237943
LA1044,C,shade,high,pseudohypo,2.9840955453355944,-0.7153824826327846,0.18317004042,0.007402279740244344,5.0814710531,0.00491348853428263,0.11572969294512915,0.06604986928037372,0.03748574679999767,2.7923082931422227,2.967722310994372,3.0532530113293728
LA1044,D,shade,low,amphi,2.946159441525675,-2.9983493588689987,-0.15767973972,0.014541362737079597,4.6438662038,0.026474414964313905,0.06764939059712576,0.05599981220275065,0.05180637905696323,2.9612709255078737,2.996945616198678,3.0104588810650643
LA1044,D,shade,high,amphi,2.946159441525675,-2.5153931457599477,-0.0267992219471,0.0045650448065347494,4.4142939261,0.004400673044323081,0.09698544844313081,0.07780108388569626,0.07208759471916423,2.864067523656312,2.9245154545448555,2.9434266714775448
LA1044,D,shade,low,pseudohypo,2.946510422546372,-1.5536031696726729,0.21005962266,0.0036255842637244696,5.0522874457,0.003705856526080479,0.20195067161986857,0.051534916381675906,0.04183080192488671,2.4670511397307733,3.007482329615481,3.04028547646792
LA1044,D,shade,high,pseudohypo,2.946510422546372,-1.6758950015070964,0.1734569926,0.01256041978167419,5.0236726595,0.0073052534416155595,0.19492060744994724,0.10368998132182587,0.06177531586779251,2.556107955883129,2.830128321524764,2.9791315934636464
LA1044,E,sun,low,amphi,2.8923892624941807,-4.300873165779348,-0.02504164086308,0.013352901635513007,4.5818923004,0.027578354965034378,0.040455992580340605,0.033610120623129645,0.029877482153115635,3.0430518641814737,3.067323727649915,3.081880398362813
LA1044,E,sun,high,amphi,2.8923892624941807,-2.7182482320473733,0.100497361779,0.00770095662952765,4.7321428545,0.006981211321554139,0.134696902924853,0.09241983017117555,0.06188935140713582,2.740337586170517,2.8795410117556726,2.9774216578789416
LA1044,E,sun,low,pseudohypo,2.8614149857253377,-3.447672236770377,-0.06363710717507,0.028914296856013967,4.6444471464,0.050938013666926726,0.058634991630672366,0.04683250263615695,0.04172408192210252,2.9765886572600055,3.0225183112465217,3.0364077275656203
LA1044,E,sun,high,pseudohypo,2.8614149857253377,-1.6695011700902678,0.32209982319,0.007163132569431211,5.3836914529,0.004183594645886787,0.1820706961496287,0.10560546779512989,0.0611836487369711,2.5965950626861725,2.8295748666051974,2.9830491793737113
LA1044,F,sun,low,amphi,2.837927549873336,-3.0664842020771097,-0.046004302314000003,0.009295051992296667,4.7374801922,0.009905989018222672,0.11426707026899009,0.07596076651497036,0.05913654049068299,2.8070775987015515,2.927067851350652,2.982994567135092
LA1044,F,sun,high,amphi,2.837927549873336,-2.327967462399476,0.10212421861,0.006276534961658757,4.7603038207,0.004978577182475279,0.1926062511934852,0.12438751415554117,0.0816603324543306,2.539840958060095,2.7654191066862612,2.9082748810980243
LA1044,F,sun,low,pseudohypo,2.8084390952609035,-2.940493091621215,-0.087295973457,0.01555268496119598,5.0362457973,0.020939800816888246,0.0917147356164079,0.07227302325870115,0.05802088693782594,2.876624758179227,2.9322852446227894,2.980234646659298
LA1044,F,sun,high,pseudohypo,2.8084390952609035,-1.5822304713802444,0.139761926061,0.011498032851808079,5.539386209,0.019253771791970423,0.22784024832719244,0.1693754025236618,0.12618909706486586,2.4355961776709547,2.6205973550458364,2.765595327529092
LA1044,G,sun,low,amphi,2.9461651105783053,-3.2772960786334506,0.102430698565,0.011532438675838938,4.5594868785,0.008109786807051317,0.10487109347917394,0.060240510390597954,0.04632534043422319,2.8480968572529592,2.9784928335931826,3.024377542645786
LA1044,G,sun,high,amphi,2.9461651105783053,-2.6773329812025835,0.20655237857,0.007407411892664895,4.7845674092,0.004452728782248436,0.16303872806612724,0.1041496642393429,0.06715983834028481,2.6430016007585806,2.833644561647969,2.9554332624457245
LA1044,G,sun,low,pseudohypo,2.9180727824647223,-2.8675585635753236,0.0099376003164567,0.006824376363847476,4.7812431915,0.006205599709040744,0.09758616984732789,0.07043596271145465,0.05475733700295973,2.859806020165433,2.9457766751846814,2.9930027519678672
LA1044,G,sun,high,pseudohypo,2.9180727824647223,-2.3607987210529457,0.0177665955516,0.005518335970004548,4.8194144656,0.005226455688766844,0.14653992470542054,0.1170656261415223,0.09493883688027689,2.6991144655229995,2.78938072851614,2.866024725755813
LA1044,H,shade,low,amphi,2.9640007533594557,-1.942143510136006,0.18165006503,0.007645360676045301,4.9140757331,0.005159675837327443,0.1878045378087499,0.076250664985441155,0.04080393525834837,2.5720065307487685,2.9385671183352353,3.047988451387825
LA1044,H,shade,high,amphi,2.9640007533594557,-1.570854245044212,0.3486246925,0.01364092865576013,5.0110629012,0.007442393501263307,0.24362330644372188,0.12561990063972459,0.06606180060407847,2.414952689849537,2.78166611356005,2.9716386288197594
LA1044,H,shade,low,pseudohypo,2.92327248676562,-1.7979102792110286,0.1720290078,0.02534932622640283,4.8442012077,0.01630682166794686,0.19039738508433907,0.1244491824209491,0.10783284419925504,2.5478222768865586,2.767305451430821,2.8260957264084476
LA1044,H,shade,high,pseudohypo,2.92327248676562,-1.1687950143062569,0.44137374389,0.01714384112019637,5.0672703047,0.00902652537456056,0.26030041404822857,0.18048268410438514,0.13176189822698833,2.3583003661831334,2.6078188560590365,2.7704855118561005
LA1044,I,shade,low,amphi,2.916334382406014,-1.7032639439449775,0.03551907860938,0.04048503714498533,5.8497514208,0.0406706361273498,0.13847631658764814,0.07374655580216995,0.03866498859452973,2.729556900479401,2.9426502920520887,3.0530663344495093
LA1044,I,shade,high,amphi,2.916334382406014,-1.2925300654882357,0.23908166746,0.02253107111321252,5.1274419825,0.01687063673357232,0.18029545902436886,0.10647962538177073,0.06160023448486988,2.632911631755851,2.842661044954489,2.985935187023716
LA1044,I,shade,low,pseudohypo,2.9007155292088953,-1.3051958983218108,-0.120529018383,0.025421853469821138,5.3663073748,0.030817917448146406,0.11221524844310737,0.064270488560590755,0.03939531439381485,2.8107596632331573,2.964337204263543,3.0504251309441126
LA1044,I,shade,high,pseudohypo,2.9007155292088953,-1.4506527028839715,-0.131424479634,0.03274772177243319,5.1700014255,0.04516978389085414,0.11072330047946674,0.07769963099272567,0.05527946943764622,2.8567671121911653,2.9271564325010297,3.0180182144398575
LA1044,J,sun,low,amphi,3.057262988794063,-2.5085783907866697,0.139178913599,0.016429683553382497,4.993769807,0.013066327305348707,0.201602216357039,0.1305788238148448,0.08301501240760269,2.5160557604251865,2.7436814438621577,2.8999909694512622
LA1044,J,sun,high,amphi,3.057262988794063,-1.5775439465716257,0.35091328224,0.0072229219407181034,5.3212614244,0.003781673277336521,0.3470062012127838,0.21744542470861733,0.12238961532167958,2.034205934957737,2.471944696709716,2.789872861658335
LA1044,J,sun,low,pseudohypo,2.942676508441783,-3.0035704598240462,0.097368753653,0.017274549367194202,4.5769238595,0.012870229398419373,0.09028548344484978,0.06138176682011515,0.04665558481128083,2.9204636628405134,2.9607540529228986,3.0174181692933733
LA1044,J,sun,high,pseudohypo,2.942676508441783,-1.3654267942109237,0.24584362816,0.01381798568060206,5.0815764754,0.008941278916983071,0.24912573596748266,0.14758447135672745,0.0754959264319234,2.298029132924499,2.6684011405108725,2.9207750431448556
LA1044,K,sun,low,amphi,3.0829719112781238,-2.4549911731449057,0.2046231095,0.010227329276076676,4.7956062099,0.006891539582525043,0.19432522244038092,0.10715269725908955,0.06099235885923287,2.5576814843285742,2.8359590987574217,2.9822496284614872
LA1044,K,sun,high,amphi,3.0829719112781238,-1.383283673547546,0.39009171266,0.010876953345896478,5.1368228351,0.005480536841469883,0.3616271903952395,0.1941900527084694,0.09322124090472911,2.0402775235122634,2.570171931474615,2.8817179831068107
LA1044,K,sun,low,pseudohypo,2.960317972330433,-1.7321365894134872,0.41594510808,0.015841839535387824,5.1773065583,0.0074793293500539,0.20657046711257993,0.11610376566426334,0.0629205982485023,2.500685900318623,2.7955840155571234,2.9722273347976005
LA1044,K,sun,high,pseudohypo,2.960317972330433,-1.117379651393895,0.48374938675,0.011807085924759927,5.3667169012,0.005706864137980504,0.2909305280978711,0.17099360088031473,0.09098375214232221,2.2374011461316545,2.634718755665187,2.8892357662195893
LA1044,L,sun,low,amphi,3.1752634715932664,-2.292643723758664,0.23768227434,0.018481801422907635,4.7373154389,0.012677692085192158,0.14763470939235893,0.0903199750651857,0.055349953017119036,2.719308195342103,2.897783204140092,3.004043054889225
LA1044,L,sun,high,amphi,3.1752634715932664,-1.5156811742584857,0.35063059009,0.009828128467175023,5.0276683528,0.005178268977575067,0.24426126298268994,0.1302521443890599,0.06748207307286479,2.4155088204383124,2.7757010467239294,2.9697384579102826
LA1044,L,sun,low,pseudohypo,3.100495312527535,-1.6159583143631961,0.19080753842,0.008059747539621784,5.0423399625,0.0049185245094025215,0.1421085604840944,0.09321746354526572,0.06374391684375164,2.6956588828909327,2.883096421332503,2.9714316558877436
LA1044,L,sun,high,pseudohypo,3.100495312527535,-1.2348690339836825,0.34033116384,0.01406108557676781,5.1612830926,0.007675912912523563,0.19025986397905637,0.125369556873826,0.07981136374722259,2.5907683894999254,2.806793268424379,2.9365177408687693
LA1044,M,shade,low,amphi,2.8378448207954476,-2.320884853013731,0.17135093466,0.0057130773525516975,5.1239377045,0.003612149499807386,0.1045788114875039,0.052857137031816485,0.030970237403654947,2.847437511378775,3.0087688294959967,3.0759737648617635
LA1044,M,shade,high,amphi,2.8378448207954476,-2.1522328613628363,0.085168108467,0.008055026099105304,5.0222909355,0.005724271637045581,0.11958869587182445,0.06230491291798951,0.03469499240988653,2.8120017043650782,2.9837461320439433,3.0712542428601157
LA1044,M,shade,low,pseudohypo,2.791036685531519,-1.8706356408452622,0.0434039454806,0.010501789603708749,5.1322970457,0.008680780411583714,0.09838888106798634,0.04375940550726788,0.019042008789463962,2.8605285528010915,3.0372939545337427,3.1188333126099574
LA1044,M,shade,high,pseudohypo,2.791036685531519,-1.4721453832945184,0.18681433235,0.00489100287775687,5.1835682426,0.0029897166863851908,0.13433686155809554,0.05502901435874717,0.023649364952096238,2.808743353835972,3.00810767149158,3.1069303552016656
LA1044,N,shade,low,amphi,2.7724819930128746,-1.4422237478995892,0.29502471567,0.01446052640961442,5.1993275283,0.008540494887269033,0.08939277157564775,0.04818079591777295,0.021993978408177718,2.944457193721497,3.0225097681088364,3.1083670581533163
LA1044,N,shade,high,amphi,2.7724819930128746,-1.3706428678126372,0.53579394662,0.03705271135315537,5.0848873116,0.018193586390523837,0.09723776416114811,0.062091984050690954,0.028116967462764944,2.8660663200138976,2.98446378835276,3.092432002509338
LA1044,N,shade,low,pseudohypo,2.7670796999182157,-1.8215324438475384,-0.075977213863,0.011142971490243292,5.0534911936,0.010581901717441729,0.07039037672770507,0.03957091265653181,0.024165896416195355,3.000119999715183,3.0482001104596215,3.101602740922966
LA1044,N,shade,high,pseudohypo,2.7670796999182157,-1.2613761958527263,0.49679867927,0.013436494617470846,5.2073780757,0.006121060590751827,0.10125393946309895,0.05521925659788869,0.03013049815445909,2.872505993497616,3.009326570444748,3.0841289085831107
LA1044,O,shade,low,amphi,2.8563357048879756,-2.603807530915601,0.59930753931,0.05639449264482592,5.2994993922999996,0.0347821699493959,0.11032298066252173,0.08106275327022935,0.039222462284869426,2.8456382247285403,2.9111193162149154,3.048515643694358
LA1044,O,shade,high,amphi,2.8563357048879756,-1.7635124899287271,-0.07155105280622,0.03485688019845254,5.7693278024,0.04947967512866241,0.1911375072521326,0.11465683090708897,0.06719589192294304,2.5656565206646085,2.8084057553264268,2.9625125682371287
LA1044,O,shade,low,pseudohypo,2.8111949116000767,-2.172111546400186,0.56824254375,0.10043586087771927,5.276819903,0.05584619050221435,0.06350162129614707,0.043715046236554804,0.020764943144184582,2.9856942665089683,3.0356624791950826,3.108378960055661
LA1044,O,shade,high,pseudohypo,2.8111949116000767,-1.6905441760902815,-0.052098729185356,0.05988000930119699,6.0453142116,0.06072775042797398,0.08668470303172013,0.05397656807897085,0.033722691190927176,2.884088696301709,2.99887002609806,3.0651396169115217
LA1044,P,sun,low,amphi,3.1341895145410765,-2.787225391421487,0.33109486862,0.024813233012932315,5.0704331295,0.01474534104733635,0.13737855423659953,0.07287093511363643,0.04031071218836263,2.7304266513105784,2.9429244296906374,3.042717083691432
LA1044,P,sun,high,amphi,3.1341895145410765,-1.5711012819067152,0.21335838802,0.010076772800231582,5.2991461344,0.006615848846739149,0.29520394762757146,0.14411549056973638,0.06287604088253226,2.198419988591709,2.714769921928619,2.9760128373003636
LA1044,P,sun,low,pseudohypo,3.0431862185731413,-2.4839058147462194,0.1165244072,0.008863150388717668,4.7009757147,0.005806370803179719,0.10859238388935422,0.07535540545790627,0.05787908303185474,2.8010447338714695,2.9172785708118063,2.9723026520106877
LA1044,P,sun,high,pseudohypo,3.0431862185731413,-1.0129013718604034,0.31077616389,0.01900356799734151,5.0482759532,0.010474774271352369,0.2431039719819699,0.14253169774358115,0.07529310452046761,2.2762338540232294,2.68004233264263,2.921592103676298
LA1044,Q,sun,low,amphi,3.1011190869989167,-2.5475869403695657,0.16552759419,0.010298931506823112,4.9032816237,0.007591204407093682,0.1768935216132931,0.10755719984736153,0.06372343496296244,2.6017581107346315,2.82628941842252,2.9708004527425773
LA1044,Q,sun,high,amphi,3.1011190869989167,-1.3518148826570449,0.46699502366,0.009092823922346446,5.2069805344,0.004440012736596337,0.3501350328109165,0.18622007319574813,0.09219821077875072,2.0375497118688664,2.5867156305750223,2.8824496202779906
LA1044,Q,sun,low,pseudohypo,3.0139390496914418,-1.8293572195917769,0.19994558153,0.016742675452709455,4.9049164844,0.010483034429346465,0.18071272766565843,0.10178679806535469,0.0594468740263546,2.5366641354474706,2.8272241370657154,2.973120960540977
LA1044,Q,sun,high,pseudohypo,3.0139390496914418,-0.8519509599849663,0.27800329921,0.006150260719349244,5.2382499831,0.0037210328878009738,0.2783065879957814,0.16549615041951515,0.0876068506222654,2.1464456808775108,2.5919222651612266,2.878761570479129
LA1044,R,sun,low,amphi,3.1271112322974424,-1.4164999026001717,0.26054356771,0.013023430172931347,5.2288159307,0.00869892670847771,0.2826555582060674,0.1569697569962824,0.08470175128411468,2.146508767687937,2.6448605281541404,2.9003504584826585
LA1044,R,sun,high,amphi,3.1271112322974424,-1.0440231481314861,0.47048878108,0.010243167090033955,5.2945390756,0.004842285875909103,0.34675545500404964,0.20263855296045263,0.11174145295716915,1.970902276506976,2.5121496474565697,2.8366363202495566
LA1044,R,sun,low,pseudohypo,3.0305640619953214,-1.2288915670126044,0.17793484941,0.01404784563009437,5.0905006024,0.009738546212663906,0.2352655478834019,0.13229070304454071,0.07415033780412558,2.364168699925035,2.7284524786122395,2.925798677756192
LA1044,R,sun,high,pseudohypo,3.0305640619953214,-1.2414362768811356,0.46221580207,0.023424063571464395,5.1318104061,0.013349671782957252,0.24965582337529388,0.16552252544412968,0.10674936812609978,2.369448419748312,2.6485540691011917,2.8365406778010307
LA1044,S,shade,low,amphi,2.899830210288751,-1.7119617038199864,0.261936369737,0.09005629341560004,6.0785159254,0.04898807005509159,0.17195550468067378,0.10558014544289153,0.04894890481269384,2.609051177694263,2.8346483562077847,3.0195071534610336
LA1044,S,shade,high,amphi,2.899830210288751,-1.4669688150439955,-0.024131588695050003,0.03701583798694836,6.1263469825,0.051821994402125794,0.1990311861635771,0.12748022480648516,0.08011125778110402,2.536314754172654,2.7717239475742135,2.9241382758323193
LA1044,S,shade,low,pseudohypo,2.881639523924172,-1.374202036001269,-0.1071830418637,0.03823811103386692,5.7841421459,0.040718099673629604,0.1633799342650135,0.08315627897844509,0.04238330403281523,2.636870426448234,2.9099247600190044,3.039402972228224
LA1044,S,shade,high,pseudohypo,2.881639523924172,-1.289591577522003,0.162521674734,0.03131150474849785,5.6165584402,0.026405769237661234,0.18529247184716857,0.13360028704859572,0.09493045355029991,2.6395980998309128,2.7518365076278695,2.8793400729844163
LA1044,T,shade,low,amphi,2.844693354399128,-1.7114873981579828,-0.11169048423509,0.06280039427935208,5.0798257829,0.046494062010844606,0.1582413189164864,0.05962884312887371,0.04021171698569757,2.650565375365188,2.992029177341434,3.0498245192802442
LA1044,T,shade,high,amphi,2.844693354399128,-1.9591880300855027,-0.157759667703,0.05186272055864547,5.430641458,0.09101600123493808,0.1468863432989418,0.08986508412562234,0.059783250965527675,2.7822793861974775,2.9048431802617514,2.9972974971949866
LA1044,T,shade,low,pseudohypo,2.830871568197154,-1.6832415509710081,0.02664964721947,0.035601092781721966,5.3209061908,0.04168634072567287,0.12890717429326848,0.07566086098599856,0.03271810940357015,2.74847616732279,2.9376488322747862,3.068999233196658
LA1044,T,shade,high,pseudohypo,2.830871568197154,-1.309798865497928,0.23897760966,0.014428907434451728,5.1223649062,0.00875340807231229,0.17028357209985362,0.07855466531300646,0.043370696322814595,2.692649644785729,2.9380473572194217,3.0453218320453965
LA1044,U,sun,low,amphi,3.08713320561518,-2.9903178855200054,0.114546231846,0.005357369326802787,4.4791073564,0.00377845169207288,0.1322518546873293,0.07945612377252267,0.060293220957547904,2.7480218447124596,2.913720087273791,2.980195804033171
LA1044,U,sun,high,amphi,3.08713320561518,-1.526352740339846,0.33907224248,0.015125479006520216,5.05205469,0.00830798477888028,0.32375548299409007,0.17977993776716722,0.08909645344057716,2.0777966173549913,2.583537152710856,2.8773108410916546
LA1044,U,sun,low,pseudohypo,2.97764808922676,-2.885163211674801,0.056383081966,0.009863187107620418,4.6783748894,0.007323961678752796,0.0926274880159149,0.06491882858148348,0.052555529204680894,2.8699967161173876,2.954156221492031,2.998971311056734
LA1044,U,sun,high,pseudohypo,2.97764808922676,-1.3857050858522495,0.16320999465,0.009304935372378446,4.8884908215,0.006154298447848705,0.22129199385339032,0.12568939479803923,0.07238880121943325,2.3749682374783774,2.7380123654453428,2.932826085355241
LA1044,V,sun,low,amphi,3.182765137299077,-2.6998094282518235,0.16243674318,0.007506634105233808,4.6733972038,0.005105019226275848,0.15648164432040054,0.1045935461594311,0.07180968136758803,2.6647164187281938,2.833790033591985,2.9436960638886642
LA1044,V,sun,high,amphi,3.182765137299077,-1.2329403524929428,0.39642287484,0.01276927442663772,5.1908883674,0.007375430930690798,0.3564520117396314,0.19921551207778032,0.09560810305056953,1.986036179629757,2.530000446606801,2.8676238802546092
LA1044,V,sun,low,pseudohypo,3.040586804229825,-2.139324801382382,0.2619812151,0.024042475127492656,5.0930319527,0.01752505877718006,0.14550163730121957,0.12025330924526889,0.10087566922439753,2.6912268928773737,2.7752401772968662,2.839524730099891
LA1044,V,sun,high,pseudohypo,3.040586804229825,-0.767265204661548,0.52554633949,0.009774505915685463,5.5148280747,0.004629852403289573,0.28447192629132645,0.17799166615452666,0.10322403643333042,2.2069650067382813,2.5874601181976624,2.8369301927472415
LA1269,E,shade,low,amphi,2.9758296964417874,-4.349961799981965,-0.071662628589,0.0177585585296857,4.4799796142,0.01846601869672199,0.05368542951674422,0.04847105121512085,0.04732367262681215,2.99720003789064,3.012463710045023,3.0215027987056997
LA1269,E,shade,high,amphi,2.9758296964417874,-1.9901341755540123,0.20497648116,0.007475370272650292,4.7642762658,0.004616806267039786,0.23404766454586284,0.11991603524302016,0.07111914677699284,2.3839062194598397,2.778200325213102,2.94099440261033
LA1269,E,shade,low,pseudohypo,2.8827790868891885,-3.3522935220591226,-0.069700319144,0.009452772610549068,4.3497485759,0.007721226894466004,0.058668662979633426,0.03523596666196149,0.02713270178205832,2.9769515774469175,3.059987218110711,3.0889040735317828
LA1269,E,shade,high,pseudohypo,2.8827790868891885,-1.7337406374258022,0.24430205898,0.00998087536577148,4.6743863199,0.005766834647958171,0.1935106205507248,0.08387783057414591,0.04396427394451305,2.5670910720281124,2.9250336948747853,3.0433949254954302
LA1269,G,shade,high,amphi,2.9293352551881613,-2.1198654434702537,0.14349951258,0.007437219505104451,4.538391871,0.004981471105212898,0.18210811305667948,0.0754225253018809,0.04015232401739155,2.57706453039597,2.9379037866915616,3.0463776573258903
LA1269,G,shade,high,pseudohypo,2.8260476951191085,-1.7248553251304857,-0.0162226035020436,0.010539482036917494,5.7006513789,0.01516510934386614,0.15125954093472826,0.0895750034774428,0.051041585932122345,2.6626329761123575,2.875888274879835,3.0086703549026166
LA1269,I,shade,low,amphi,2.972716249000923,-2.069976401441394,0.27908576808,0.014878665848297406,4.9996187205,0.007556209848481179,0.22299043937500204,0.07715146554553458,0.031098663679534712,2.4305338407603854,2.92450906117874,3.0749988887870088
LA1269,I,shade,high,amphi,2.972716249000923,-1.8297109126582911,0.28999776884,0.018148099124207225,5.2446463379,0.009693485076068023,0.24818597755399593,0.12490366030885047,0.06034094076493295,2.317903160971056,2.749129054568986,2.971225671978964
LA1269,I,shade,low,pseudohypo,2.939833841853747,-2.0449824635215643,0.14572169212,0.005482888322817307,4.458077278,0.0062281861225490865,0.16074693975683851,0.034937478271991194,0.03028828745058488,2.647258417795047,3.0612774499071653,3.078959617432816
LA1269,I,shade,high,pseudohypo,2.939833841853747,-1.6106533441476483,0.33173720479,0.025619585778850477,5.2703703251,0.013927252051290672,0.20489145045817328,0.10267451278485594,0.05203873164487039,2.4730013075462582,2.8263559062058023,3.0018267421419758
LA1269,J,shade,low,amphi,2.9024842624886285,-1.437957755535654,0.36348846298,0.015238428637080395,4.9755121028,0.008037415597205014,0.27991041561152946,0.11287140509728552,0.045812256590805164,2.242239044944178,2.805936426375625,3.0279326923084375
LA1269,J,shade,high,amphi,2.9024842624886285,-1.1742885963453955,0.30151273584,0.015344905465773344,4.9747382437,0.008914571510072062,0.30346452618689623,0.17042307284077263,0.09142566032422214,2.122190806102522,2.5879627768941385,2.8613335072350057
LA1269,J,shade,low,pseudohypo,2.7997820086449297,-1.7098017699351051,0.18095646236,0.01764378318790672,4.4128345189,0.01305304125695958,0.15011751115300279,0.060833962787814416,0.04356221054744254,2.680812285086647,2.9727407946466844,3.0349449750603057
LA1269,J,shade,high,pseudohypo,2.7997820086449297,-0.9192341703875458,0.24202698133,0.014824865827955192,4.832901207,0.008762985293683212,0.2290925687993426,0.13306372897295543,0.07847144370012497,2.4024965920846615,2.736746007179248,2.919529556953247
LA1269,K,shade,low,amphi,2.9321443899734962,-1.9335343575811526,0.109031256231,0.004215342411969529,4.3832121379,0.003356386743476575,0.16589979693172235,0.04465192534275919,0.0357997416533404,2.6287290622790356,3.03226509947564,3.059744111069892
LA1269,K,shade,high,amphi,2.9321443899734962,-1.1860901233999566,0.24905341733,0.013970985926421015,4.6171804303,0.008286944651182595,0.24761428876164876,0.11681156498820253,0.06574269933376488,2.3209168971682,2.7753639641833265,2.951660877354803
LA1269,K,shade,low,pseudohypo,2.8246542115581814,-2.8998850510334284,-0.076559670924,0.012062365079200806,4.206681696,0.010273495675202894,0.06379369402776282,0.0465953903029615,0.04210900526676695,2.9703856664633346,3.020330566026942,3.0390928608139083
LA1269,K,shade,high,pseudohypo,2.8246542115581814,-0.8734857755722553,0.26910010625,0.011660931656624506,4.6953409207,0.006663383739780047,0.2061624960652786,0.11837534250599502,0.07430980975207087,2.4738451372374897,2.7725375836396053,2.926065038704771
LA1269,L,sun,low,amphi,3.041608225571923,-1.9203143838496466,0.44224283669,0.0034497430622951316,5.5143835617,0.0016066478945992943,0.3604318735250461,0.18553592730931734,0.08132044459638027,1.9461913532968604,2.5601421459745173,2.9092320706096406
LA1269,L,sun,high,amphi,3.041608225571923,-1.4552606445961136,0.21468602665,0.0074188439206170935,5.3234503507,0.004901651567227713,0.42059094768279803,0.25518532591529663,0.13324176577303753,1.6914993515769914,2.2902427429865293,2.7184054369990496
LA1269,L,sun,low,pseudohypo,2.8942552794677048,-2.202413491730172,0.27424173135,0.0151988193306355,4.5287336329,0.01192367190765114,0.18067374921246018,0.04943941585673868,0.037921154196733343,2.5626137948228216,3.0223243177898143,3.052440001588468
LA1269,L,sun,high,pseudohypo,2.8942552794677048,-1.3239343457088026,0.29276919174,0.006082984879273072,4.8397251859,0.003222961179094963,0.2810087908643718,0.11800142193793937,0.05227464616527736,2.170676459392646,2.7761645957711014,3.0066334212513346
LA1269,M,sun,high,amphi,3.041698165641861,-1.6059699676009789,0.093418144556,0.004871882754991648,5.1686022513,0.0036158695855461856,0.37593309233821576,0.2514435010196928,0.15220795204296997,1.862577579232355,2.299694844219905,2.6469080212963516
LA1269,M,sun,high,pseudohypo,2.9790821445733835,-1.0203188939039132,0.27070536348,0.007770062954108809,4.9644705444,0.006441242126029324,0.3188455500755913,0.11216689730327399,0.07549303053864781,2.055961829069077,2.795926309563235,2.9231655710726354
LA1269,N,sun,low,amphi,3.1253302687061373,-2.02200411468016,0.63282904157,0.006175554502241494,5.168098488,0.0026248388563410436,0.3018263212754526,0.14301860505708242,0.06030551728447629,2.14676305247722,2.6989206003157182,2.9763444685173392
LA1269,N,sun,high,amphi,3.1253302687061373,-1.4974296622470886,0.23776754242,0.009952341896378687,4.9016759939,0.005996972075500021,0.3730442767604443,0.20403199318573606,0.103094885039333,1.8647823830140313,2.474304605354888,2.8268443313987595
LA1269,N,sun,low,pseudohypo,2.9540705061958366,-2.295110005506912,0.27916411717,0.02152025564031734,4.6374492567,0.012164274103880983,0.13943208689777614,0.07446351759168152,0.04888525239545822,2.7052295625793215,2.932739713262395,3.0154794056826546
LA1269,N,sun,high,pseudohypo,2.9540705061958366,-1.2571948131221897,0.28254458939,0.009441524910384106,4.6235009859,0.005425675257555657,0.2458458522863868,0.12108145187999808,0.06886106669545607,2.310932731549236,2.7620759938319384,2.9460080000436815
LA1269,O,shade,low,amphi,3.0034654214574976,-4.380349075794851,-0.01926657349117,0.006430389480775304,4.3816094414,0.00536883687683803,0.04572048284016977,0.03779852359515906,0.03459045341424345,3.0256285243774235,3.052522900969061,3.0635842454034066
LA1269,O,shade,high,amphi,3.0034654214574976,-2.0365127703577435,0.27905046377,0.02084188393214078,5.3258054249,0.012295481044640306,0.2325201265831344,0.11728233587507522,0.05390895223417587,2.3927236851526814,2.7791303324882173,2.9958847185488304
LA1269,O,shade,low,pseudohypo,2.966148103775017,-4.0681809398803175,-0.096763584805,0.010634031661434111,4.5815380138,0.010611904920322606,0.053141251315193545,0.04575399910248357,0.04350478525871415,3.0007264705851626,3.0251162803606597,3.0356196936914674
LA1269,O,shade,high,pseudohypo,2.966148103775017,-2.4135767533991994,0.22878048903,0.02272749244697973,5.3833811242,0.015907602500418023,0.1454452451565716,0.09291833959457091,0.06327355921623046,2.7072652785891718,2.8751433165509344,2.9724795750992987
LA1269,P,shade,low,amphi,2.9161377321045387,-1.99933660798857,0.2136082355,0.007284358788640608,4.7724172885,0.004315730043084557,0.18658718625978488,0.08585473587286521,0.04377549488777892,2.57086589930457,2.8983572956917167,3.0367102695199435
LA1269,P,shade,high,amphi,2.9161377321045387,-1.5129081067601016,0.36496587801,0.007661682230943729,5.339031153,0.004410862614196037,0.24528886691281956,0.13005353786032098,0.06547605644347607,2.356403067005944,2.746144894314338,2.962195275215656
LA1269,P,shade,low,pseudohypo,2.91122117389073,-1.8791762656221753,0.28928392484,0.012607726441346072,4.7835484389,0.007079207648578231,0.18862866037034,0.0796043061340502,0.04001922698956336,2.557539361555464,2.922862283250078,3.049863383435908
LA1269,P,shade,high,pseudohypo,2.91122117389073,-1.4203543737958437,0.41252677752,0.014118774690916373,5.2877988387,0.007179452861820842,0.24379436577812583,0.1273482405338927,0.06161788068780689,2.3677248421803654,2.7558251360764663,2.974644526375637
LA1269,Q,shade,low,amphi,3.0388935595626423,-2.438174116256375,0.113446975613,0.006048185258797304,4.5420477101,0.0045804912514590245,0.16328360260124278,0.04816968811301817,0.031896815759483915,2.6386755197643303,3.0170912106806735,3.073131159948246
LA1269,Q,shade,high,amphi,3.0388935595626423,-1.9000864332392127,0.28434938785,0.01356117551245898,4.9845337493,0.0074917381152618465,0.22985540279903213,0.10282661572364281,0.0466742622940932,2.4022816754388776,2.8321269573954226,3.025079445472783
LA1269,Q,shade,low,pseudohypo,2.990350519821964,-2.3723102108659573,0.134544533,0.009079412409586152,4.5884163961,0.007134879184996706,0.12884829221493954,0.03908869270778918,0.026417260020230746,2.7498735312746247,3.045635792678436,3.0916371729121113
LA1269,Q,shade,high,pseudohypo,2.990350519821964,-1.5500460616593454,0.23487385568,0.01070101692131269,5.1977013698,0.006243507905808867,0.2152884983549136,0.09759926599260038,0.04278488013255006,2.458382714358828,2.8605994855226697,3.041193856954508
LA1269,R,sun,low,amphi,3.077426588718173,-2.0699543358309564,0.42173815697,0.010583141428301452,5.2345028903,0.007424973190161059,0.41139937714189884,0.08941083758912688,0.0612861531408011,1.8237817514147567,2.8888294532366614,2.977863972311692
LA1269,R,sun,high,amphi,3.077426588718173,-2.016842628071708,0.26776130141,0.006764454426407766,5.496837655,0.003931805532085365,0.40474490553533793,0.24799904250777774,0.13437028093933462,1.7956797355414442,2.3470854211084524,2.7299728612877683
LA1269,R,sun,low,pseudohypo,2.9736363594540056,-2.302517004197492,0.14591185705,0.00448129210858561,4.9019781956,0.003738303588102169,0.264649664458701,0.08729797498432085,0.06975168878796657,2.3071849169037555,2.8942730949261772,2.9510256867646
LA1269,R,sun,high,pseudohypo,2.9736363594540056,-1.6557278835427438,0.41732473059,0.015542484690670903,5.2877190485,0.007373711505823165,0.355447922302793,0.2081652455012907,0.11458846444298444,1.9788786982500073,2.479191285182109,2.794245507979017
LA1269,T,sun,low,amphi,3.0591541293201816,-3.4593293860272456,0.33444323481,0.06289191473234788,5.5676609163,0.03347861857447495,0.15956919746432477,0.13816891503790796,0.1183090839955778,2.6476048840617565,2.7044080569250415,2.778492864737063
LA1269,T,sun,high,amphi,3.0591541293201816,-2.576161265787703,0.19096989524,0.020144615106954797,4.6453285794,0.012485700821266446,0.2821107374932456,0.2094032863348759,0.152375369417914,2.2043201628853835,2.4619588665213863,2.668020421585957
LA1269,T,sun,low,pseudohypo,2.9847912372976193,-2.855841817592877,0.21484789826,0.014858349813782491,4.5362636065,0.010064391614379657,0.16140750137772517,0.05749184152620145,0.04660848635370937,2.639720605642575,2.986001643942089,3.023902640336716
LA1269,T,sun,high,pseudohypo,2.9847912372976193,-2.0055649005312866,0.35778259529,0.012712355074012444,4.8608921424,0.006462840813639507,0.2651420403908696,0.12165153948816812,0.05845399819224831,2.2617114464829102,2.77241451073246,2.983589333181755
LA1269,U,shade,low,amphi,2.9041494173001845,-2.253140778159568,0.14621213985,0.003581094336894664,4.4120266606,0.0038481449332028353,0.19980712522738692,0.040268928954206036,0.03170941064456704,2.51115520240729,3.041340917062337,3.073543351022086
LA1269,U,shade,high,amphi,2.9041494173001845,-2.0313693096546173,0.28163875789,0.01462255047674109,4.5895762746,0.008557233213215595,0.23751523145371176,0.10229220871874309,0.05727566459795857,2.39308132805487,2.864396255828961,2.9966860077918827
LA1269,U,shade,low,pseudohypo,2.874915990222087,-3.4288917380417927,-0.00161975061440422,0.005323990187779353,4.2719854153,0.004329953319224414,0.0758567138943995,0.04649879904348313,0.03719553232896513,2.9283905801733265,3.0202577450437924,3.0572028682436527
LA1269,U,shade,high,pseudohypo,2.874915990222087,-2.0490887033300633,0.3604222338,0.02696263835331652,4.6243275483,0.013743530248598828,0.2065805190204,0.11708483780116795,0.06975422193738266,2.5161061370871716,2.8017845749035657,2.95301857644663
LA1269,V,sun,high,amphi,3.1139886113365915,-1.917575418084103,0.27555919094,0.015535411016876914,4.9998661367,0.008474569796218193,0.36544568243744363,0.182306689538902,0.08457541629686394,1.8902205522212796,2.553602297113037,2.891866453545227
LA1269,V,sun,high,pseudohypo,2.9876709361939335,-2.1115845178118957,0.19775203776,0.01341634179296879,4.5466692479,0.00853345533678712,0.229347284266164,0.10974870450014942,0.061542755890012145,2.393754114198498,2.828053105961604,2.9731635984745872
LA1269,W,sun,high,amphi,3.117602503679642,-1.6668296010572279,0.25506637077,0.024761547497071976,4.7592132981,0.015166848913495207,0.4033541493137012,0.21350673016372826,0.11178824264339964,1.827161634507945,2.467448489484488,2.808127438825087
LA1269,W,sun,high,pseudohypo,2.975824109801818,-1.5932000419169248,0.29790316695,0.020535264611034217,4.9301082635,0.011173858228176214,0.2958782108538055,0.1424296209617784,0.06648593990727464,2.2083081914403735,2.7179836049878254,2.966128494798775
LA1269,X,shade,low,amphi,2.9096956206752558,-1.8863434892510238,-0.08251949610499999,0.01838951900923899,5.5042921024,0.021236249970070183,0.19188466573101717,0.10759646425921743,0.05947360868139149,2.5397181665001094,2.82539574866104,2.985058237533109
LA1269,X,shade,high,amphi,2.9096956206752558,-1.685622069610296,0.09225151344,0.017126554850604225,5.1481940177,0.013472448501507897,0.22610716192856523,0.14603112365052384,0.0911270904322517,2.49371240868358,2.7104843174300974,2.891719556479476
LA1269,X,shade,low,pseudohypo,2.900633072618474,-2.0070490344598806,0.012768193666917,0.039822087411812965,5.7948261019,0.04312448315716257,0.1643873569554353,0.08426673072381968,0.042656729327388995,2.6381566170162927,2.902923539937539,3.0421091585365607
LA1269,X,shade,high,pseudohypo,2.900633072618474,-1.777818285476709,-0.06389924150509,0.03174006766935881,5.3360950441,0.040230384019773954,0.19708499923906825,0.13933164418688201,0.09541142747197372,2.588468413578135,2.733971751878243,2.8737472863498934
LA1269,Y,sun,low,amphi,3.1356587350114653,-2.8545055621238564,0.27107663222,0.009772197002689113,5.0645835295,0.006440515065560322,0.20967836495278144,0.15796961322888817,0.12224428273024024,2.4864824635367526,2.660529819053023,2.7770364198664055
LA1269,Y,sun,high,amphi,3.1356587350114653,-1.4925910119602743,0.37196854635,0.01008066827303831,5.0520956869,0.005139609710023693,0.4221932005058377,0.27640133533871025,0.15820664880656476,1.7446340283388149,2.2614007052185463,2.657669020183253
LA1269,Y,sun,low,pseudohypo,3.0343175177047748,-2.651906152695312,0.22185448784,0.016672641286499767,5.1701459389,0.010179634148897597,0.15810043392262735,0.12901952863175334,0.10735128020819219,2.6509233169547457,2.739408537592456,2.814493409837813
LA1269,Y,sun,high,pseudohypo,3.0343175177047748,-1.683466744033505,0.49003131722,0.017868755201154465,5.2241547293,0.007826254879966387,0.293129066473665,0.19665140634464434,0.12734752197698118,2.2329023574164757,2.5380654130984293,2.7833081203594503
LA1269,Z,sun,low,amphi,3.1575686945371872,-3.119478651438352,0.22039713775,0.013122119914051295,5.0476849279,0.008888454036175518,0.20508975379501593,0.1459558807444338,0.10175073281985529,2.5006165367187796,2.701112981843937,2.8479829662260103
LA1269,Z,sun,high,amphi,3.1575686945371872,-1.5772605516935763,0.38774002042,0.008998504964368395,5.2769027816,0.004463226771298272,0.4505559742030796,0.2773609378838108,0.14562867687281497,1.6454713168535098,2.259524599163051,2.6989124801954034
LA1269,Z,sun,low,pseudohypo,3.0361265324337574,-3.0680493977515897,0.17662811335,0.006880948745044071,4.9549856825,0.004759485298347803,0.13378141734180593,0.1088523090006478,0.09529127345331748,2.741416556522679,2.818115815201637,2.8656076322543393
LA1269,Z,sun,high,pseudohypo,3.0361265324337574,-1.849122842009865,0.45532687712,0.01624002173234149,5.0754207314,0.007617797451141681,0.2935907283825363,0.18266532846198505,0.10857779699549079,2.23114648427068,2.5897509386996767,2.8384306007634708
LA1316,E,shade,low,amphi,3.0115600840116703,-2.292093758030491,0.075537171801,0.010479079855704478,5.0068517737,0.007918374045574252,0.18785354079294486,0.13195544162382122,0.09160448452678034,2.538303552983461,2.7287045607652685,2.8699074430423677
LA1316,E,shade,low,pseudohypo,2.9028903787612608,-2.1990547876978557,0.229706025351,0.03361573525788691,4.9706809428,0.019178011116690895,0.14995572274407865,0.07623066136506626,0.04190085381996873,2.6845533055305313,2.927984648778157,3.0373128481498837
LA1316,G,shade,low,amphi,3.0400133050173057,-3.2719503568603856,0.094296797637,0.0031005084587914034,4.6538392088,0.002315876236054782,0.09849141877748953,0.0658865405773046,0.05050794394000329,2.856504195479479,2.9602558333628544,3.0093569350802998
LA1316,G,shade,high,amphi,3.0400133050173057,-1.9301836882303494,0.27797686992,0.0305538709280316,5.6381481989,0.020124264408098405,0.2315010247516824,0.1889504641507012,0.1542339716175253,2.3845755589798943,2.536652550426875,2.659519481393923
LA1316,G,shade,low,pseudohypo,2.960377500465425,-2.495829716016164,0.63932030018,0.02754695937039814,5.4083917393,0.011557269931806663,0.15258274859007326,0.0959010830245276,0.06424733563582234,2.6712910397944185,2.8596456509020953,2.964142774460438
LA1316,G,shade,high,pseudohypo,2.960377500465425,-1.6536445561098472,0.7971885387,0.009796911679121903,5.8463023697,0.0037555896457999224,0.22140122153572145,0.17846418818620932,0.144849090793491,2.4110562694164877,2.560453183707735,2.6790970062671366
LA1316,I,shade,low,amphi,3.032906281679571,-3.061977601520177,0.073953957419,0.009643857203708701,4.7852604052,0.007236761605762028,0.18000986236642263,0.17285426489909927,0.17456176944331414,2.5783257866085765,2.6003429393391233,2.597500760320823
LA1316,I,shade,high,amphi,3.032906281679571,-1.7486553721444855,0.243609016393,0.03919215226265236,5.6815151931,0.03254018281605259,0.3125788952337735,0.28225416209588367,0.25710206447512396,2.0954394419538573,2.2015746175590025,2.2897273051736353
LA1316,I,shade,low,pseudohypo,3.0121746325938363,-2.5617859750264205,-0.028435791620075,0.014808456164133108,5.1320191883,0.013521165796046487,0.1229826519263803,0.09009477380478181,0.07782731334457178,2.7643595442399582,2.873637285283906,2.9164959191220965
LA1316,I,shade,high,pseudohypo,3.0121746325938363,-1.5313142688967747,0.18269908646,0.010382335880494939,5.4768184857,0.00967193970191829,0.2363030597796271,0.20336021242634522,0.17456283626222344,2.375193636780819,2.491788488445056,2.589919644726464
LA1316,J,shade,low,amphi,3.067806554149209,-2.9237581888083457,0.0691862728499,0.019493435559591404,4.8468266946,0.016937727489258737,0.12480163913601353,0.10711621636098292,0.09537852579220636,2.7714935504843394,2.8278208238660345,2.866485244273435
LA1316,J,shade,high,amphi,3.067806554149209,-1.6216011429397585,0.26527328031,0.019833380194267412,5.6388436265,0.013792474299090744,0.28674082007951174,0.2289106399925865,0.17923466183990183,2.219592760557455,2.414005454270425,2.581099352971474
LA1316,J,shade,low,pseudohypo,3.054700692873108,-2.129032427582989,0.21795041766,0.009821377285146243,5.0861743109,0.0064444352476235,0.17772116975444693,0.11167328516607447,0.06773020807698944,2.5949525407898797,2.814876147202699,2.958190856066956
LA1316,J,shade,high,pseudohypo,3.054700692873108,-1.4154185193937066,0.62925749658,0.04413374308734298,6.1699392085,0.022229005520647434,0.2625437330797387,0.19585376964558082,0.1396611528936828,2.2956267535936075,2.522795166370491,2.712551422789022
LA1316,K,sun,low,amphi,3.203898395094943,-3.9282478452111804,-0.24703542818,0.03228845862898097,5.8223436935,0.047760511125751776,0.09242267741422606,0.079185373262609507,0.06839664385094377,2.8615911031896055,2.9152395504487014,2.9507075063964563
LA1316,K,sun,high,amphi,3.203898395094943,-1.9410571347138847,0.14361007766,0.011257910138625723,5.3835248931,0.00913341811234861,0.3367796781665321,0.2541373220983064,0.18640015405533325,1.9918774542148603,2.296069543142869,2.5319540655270365
LA1316,K,sun,low,pseudohypo,3.1583998950568115,-3.349266373455666,0.18219437666,0.018744001701805645,5.7437746548,0.013059739320812837,0.10693752814584637,0.0882153986120072,0.07445561031871696,2.8082154814761133,2.8772895576665296,2.9270542328135494
LA1316,K,sun,high,pseudohypo,3.1583998950568115,-1.9302461420744652,0.09192993894,0.006156299071692963,5.3218462305,0.0046153033538552995,0.26421662632783066,0.21265428604197933,0.16511759386985767,2.2587638744766556,2.4452186187283784,2.60903075383253
LA1316,L,sun,high,amphi,3.1463952084720885,-1.8365579218560828,0.40318443504,0.013057765493624938,5.5200648255,0.00727570495109547,0.3764408320045921,0.2856574410274584,0.21163809307501838,1.866003940209534,2.1829999300953142,2.4538366542238905
LA1316,L,sun,high,pseudohypo,3.0948901515898615,-2.0837257354649577,0.49280925404,0.01505508909822655,5.4131058537,0.007388667459690956,0.2758417269973988,0.16718747984159035,0.09597526341956954,2.240581273230849,2.6171099392959785,2.860562942204041
LA1316,M,sun,low,amphi,3.0958416221810943,-3.3835732555774536,0.086820494148,0.005984688366990063,4.8718113823,0.004108510071805459,0.19083861531876609,0.13468700335879918,0.10575194818161643,2.537399737870876,2.7256061559016915,2.823519450529216
LA1316,M,sun,high,amphi,3.0958416221810943,-2.2676868710565756,0.3596609909,0.012294347087016187,5.4022732419,0.007632070121806978,0.35186713340687586,0.28030635161041584,0.2178096992590218,1.9415276376791437,2.193290930521894,2.420751586390524
LA1316,M,sun,low,pseudohypo,3.0330337046212787,-3.725647184948127,0.069880605173,0.008502583224070088,4.5100403885,0.006240821331838746,0.10617361921064666,0.06869896485206195,0.04796085574154559,2.840709981196332,2.9519620954065444,3.0196549548869736
LA1316,M,sun,high,pseudohypo,3.0330337046212787,-2.26392917656383,0.40470308251,0.017127180594263502,5.5646290354,0.00972438862361794,0.26635000179494583,0.17285298646333264,0.1022295878702516,2.2548407496928524,2.6025963066704625,2.840244191539103
LA1316,N,shade,low,amphi,3.075246733635409,-2.7925333417671396,-0.06095303463,0.0054482957165663025,4.7614278898,0.005798961390402894,0.14638343983579755,0.10868373035641068,0.08784142745008722,2.6770782192753995,2.808167830475851,2.881953643900364
LA1316,N,shade,high,amphi,3.075246733635409,-1.4118429067988143,0.017981413229704,0.06502759687351185,6.1552068586,0.04341641438884112,0.3314122765152716,0.26164832515362146,0.1993575991419594,2.0244602161829177,2.280986673662442,2.5071547632447193
LA1316,N,shade,low,pseudohypo,3.081263673388181,-2.518078515504235,0.03398013929004,0.01506590071444289,4.8324355742,0.013900807131231421,0.13136360211106202,0.10503666409748792,0.09177716656116663,2.7359029341111074,2.815264619257791,2.8650786744344092
LA1316,N,shade,high,pseudohypo,3.081263673388181,-1.431627930409615,0.29104471659,0.008465824311897695,5.3668168884,0.005428807396551671,0.26380646397169766,0.22888633916596854,0.2010342444571803,2.2992590299139457,2.419459916648451,2.51682661747187
LA1316,O,shade,low,amphi,3.046169390454925,-2.1766938946384333,0.37148334364,0.01987240637001755,5.0951468552,0.009698034101583097,0.22605453839287434,0.13900568505998262,0.08356520500298312,2.438038090014642,2.727088850194823,2.905273764330799
LA1316,O,shade,high,amphi,3.046169390454925,-1.364302316211444,0.36625754659,0.03730882026382725,5.9590256009,0.029544559791379803,0.3442393662420707,0.2648769413030416,0.1992828566395829,2.030534463962524,2.300722388423095,2.519034193469404
LA1316,O,shade,low,pseudohypo,2.966526528660504,-1.7845685388825658,0.24059679474,0.022927536595243988,5.5758480617,0.01827205044114063,0.217839139979211,0.16507975029573152,0.12710609669412964,2.451535469446024,2.6276119490505674,2.758140411863831
LA1316,O,shade,high,pseudohypo,2.966526528660504,-1.153765607750007,0.32234409658,0.03326055196396499,5.769175695,0.028581593284418748,0.291774687889251,0.26499765354216864,0.2418348450642655,2.1932240070453695,2.288302535759801,2.3700385893340004
LA1316,P,shade,low,amphi,2.975085871374143,-3.3317229522564475,0.0326237495293,0.008057709567706522,4.3904966472,0.007134393017699762,0.10457319115159351,0.08328210840224698,0.07527630755055502,2.8413438993634434,2.908265954646842,2.9332723844317536
LA1316,P,shade,high,amphi,2.975085871374143,-1.6341087189906298,0.38194448009,0.02862450842418246,5.5742623573,0.018312456121958236,0.30747139700056825,0.24138573284437465,0.18666146961684102,2.182350495719369,2.3877907554530333,2.5674606349812237
LA1316,P,shade,low,pseudohypo,2.885749195581267,-1.7594977655472788,0.116076199255,0.013345651262489811,5.1011648914,0.010208242195876618,0.20392006764405324,0.13456634874250617,0.08380566760221057,2.5104423123724455,2.7351076778732106,2.9038999739906677
LA1316,P,shade,high,pseudohypo,2.885749195581267,-1.4235736136841228,0.24702360684,0.039393046528913095,5.6999265402,0.04050483806026919,0.2541979950560587,0.23337670862902285,0.21470012027248156,2.352869635011238,2.427917427337266,2.5010338732388067
LA1316,Q,sun,low,amphi,3.1828121594532672,-2.6179426651002777,0.136393117742,0.009269385268367226,5.2740134467,0.006917049297515052,0.2710599898418747,0.15810446825839958,0.08842196289113768,2.247448397211431,2.637658552623524,2.8780818256035983
LA1316,Q,sun,high,amphi,3.1828121594532672,-1.7520230789147961,0.44189171444,0.013884332232183612,6.0493213406,0.0081654067596049,0.40955430078502697,0.3187654767257496,0.24022182903912942,1.7377113423446393,2.066911004828726,2.3498532280001956
LA1316,Q,sun,low,pseudohypo,3.107259325080298,-3.057511652123825,0.051933254059,0.007728258755715372,4.563825329,0.005507805691359557,0.15208000175058628,0.0853148709505914,0.05533032948943412,2.6841164221744576,2.89354367219645,2.993806536001478
LA1316,Q,sun,high,pseudohypo,3.107259325080298,-1.8948068841601646,0.52872768196,0.025144234298973906,5.8558445661,0.013029476522691777,0.30335954467009923,0.22083520472317342,0.15621139899308834,2.1356544557014208,2.421294639360145,2.644975720002119
LA1316,R,sun,low,amphi,3.129075707177762,-2.335042892398104,0.45361184348,0.014761150494110238,5.3977228883,0.007066071105635922,0.30136125848590367,0.16748414354974273,0.08664474032452178,2.187014975179469,2.6317615098361666,2.895558908996405
LA1316,R,sun,high,amphi,3.129075707177762,-1.6825011445753986,0.49014441586,0.015105700934566842,5.9175497924,0.008923076911891857,0.40545478961535586,0.29188442012159965,0.19431170216526658,1.8204040692649972,2.208099976685708,2.5325503723943994
LA1316,R,sun,low,pseudohypo,3.0796207021326163,-2.0785435561121157,0.5100329194,0.014529827916683754,5.3058547544,0.00694933029900761,0.25899413873864774,0.17221099156963549,0.1091310034845236,2.317124796545316,2.598701933536109,2.814899083489497
LA1316,R,sun,high,pseudohypo,3.0796207021326163,-1.6562911496531985,0.7569545867,0.023275516394963742,5.6902540902,0.009708286683322105,0.3262802304639197,0.2548030445606024,0.18950468968586393,2.0986157398899437,2.3361362202528397,2.5570356583901965
LA1316,S,shade,low,amphi,2.960392662614553,-2.360071977757872,0.17022785042,0.006993533571597596,5.0421833021,0.005000329174294118,0.17556569769953181,0.11109514785912677,0.07352390970210197,2.599751851820976,2.8118761950610107,2.937038592998078
LA1316,S,shade,high,amphi,2.960392662614553,-1.258187558086909,0.57665563836,0.021789000151603632,6.0633962606,0.010562924694215289,0.3260103683079282,0.2551247861736782,0.20106083682260992,2.0936891026838844,2.3336119279009373,2.51844509195673
LA1316,S,shade,low,pseudohypo,2.9282029840210027,-2.328728279702372,0.125979196489,0.01597108700263837,4.9877177932,0.013459243069298235,0.12771687188974884,0.09415032080776393,0.0701668143716838,2.755934430096208,2.8671086185960855,2.948139517141184
LA1316,S,shade,high,pseudohypo,2.9282029840210027,-1.25086471277402,0.30925134628,0.030389128417324232,5.7051462386,0.02333718853699994,0.2551379027424648,0.21567489161082332,0.18135181313227172,2.3544373363483286,2.486188368226525,2.5982972297086278
LA1316,T,sun,low,amphi,3.099132292777191,-3.00296186121122,0.086615517295,0.004225255544198631,5.1135842684,0.00412968568156584,0.21279511336302492,0.16757255483197706,0.1317485608954265,2.4689623481420417,2.6238274329316136,2.742987039630293
LA1316,T,sun,high,amphi,3.099132292777191,-1.6828345341799007,0.45483493527,0.011596082565105897,5.7934118935,0.006150261427423514,0.4286049905526592,0.3550839428737499,0.27804607636537787,1.726419446626185,1.9988394340440863,2.2603091425590556
LA1316,T,sun,low,pseudohypo,3.0084444035480153,-2.509291453855872,0.16585356178,0.01058253127639854,5.1964162669,0.009478477586153031,0.1910941253596501,0.1475105157582396,0.11259597598588988,2.5369813215724797,2.6833312932337314,2.8017352356841156
LA1316,T,sun,high,pseudohypo,3.0084444035480153,-1.6118542711153345,0.36515923987,0.011467199522248997,5.5354519652,0.0073090600901545765,0.31886389908365365,0.26884603978151383,0.21773639768315153,2.0923894982999753,2.280160863160875,2.4591639548299984
LA1316,U,shade,low,amphi,2.949673009424491,-2.3451320270871716,0.133169573549,0.017417007219494598,4.8615257886,0.013045027288228287,0.17353530610170978,0.12760591318379874,0.1001423688495005,2.6020691241939233,2.753900694901941,2.846098350753716
LA1316,U,shade,high,amphi,2.949673009424491,-1.2912888769369089,0.21596005466,0.023124937286745514,5.4579120988,0.021662829619260075,0.29183101341577283,0.24992010198865705,0.21445571054036758,2.1818684851569037,2.330143303159118,2.454123705162806
LA1316,U,shade,low,pseudohypo,2.929356792329949,-2.4485529088454103,0.123998882632,0.009709684781940462,4.8379080683,0.007192490991874325,0.11669847300288404,0.07505401435318848,0.04856336590488324,2.7916566693969513,2.9285521603972526,3.0156495675477095
LA1316,U,shade,high,pseudohypo,2.929356792329949,-1.379956838404604,0.29599193632,0.014476297170811812,5.4595272854,0.010709287573047496,0.22374845838450574,0.17244166175196954,0.13108167800444495,2.409715039103875,2.5917552502106336,2.734518553265179
LA1316,V,shade,low,amphi,2.9879147042772956,-2.3933379140444497,0.161040426618,0.022236967281141017,4.9521566870000004,0.015962273790981318,0.15000347889334992,0.11001414727371303,0.08455866879533008,2.6774524268864814,2.807467700756681,2.8951374253611646
LA1316,V,shade,high,amphi,2.9879147042772956,-1.7534012644860577,0.26399998713,0.017234065521862033,5.3227125129,0.01342532809777611,0.22620463902658702,0.19518878674124743,0.1683745691637174,2.4175921124814086,2.5244258998603546,2.6150034179045134
LA1316,V,shade,low,pseudohypo,2.9262344207014808,-1.9270736840207863,0.129864533726,0.017775719477126955,5.3649122715,0.01732942741261194,0.1591261758555852,0.1312038251326332,0.10827909257353131,2.638097502842303,2.731832812582984,2.8127401951763464
LA1316,V,shade,high,pseudohypo,2.9262344207014808,-1.5193819020869004,-0.08408304248753,0.03480006801740808,5.4514900012,0.04152164118290363,0.21529457649282002,0.21050420079231769,0.20876969417668287,2.4375899601662128,2.4550333165784,2.462345710657801
LA1316,W,sun,low,amphi,3.1249758832533967,-3.5206517995514517,0.016782428428708,0.008064262614930422,5.1669327231,0.01687159696891666,0.13056503242789788,0.11691355615861268,0.10907883401977643,2.7327530306560694,2.782598010131001,2.809891189956105
LA1316,W,sun,high,amphi,3.1249758832533967,-2.4415532296852356,0.154859473513,0.022432062104068347,5.3367214876,0.02102445972138456,0.27304452285809333,0.24703656299463678,0.2236982225114676,2.238464966995456,2.3289004724976037,2.4134389227511224
LA1316,W,sun,low,pseudohypo,3.0655377007005558,-2.960827095462197,0.0235063615818,0.005049832662139142,5.3738986414,0.00970478508744111,0.14052462062255713,0.12149513765472934,0.10701529148125867,2.7020431767584405,2.765227528710951,2.8171820523519027
LA1316,W,sun,high,pseudohypo,3.0655377007005558,-1.9044974495975733,0.25324022643,0.01520375215296804,5.3781299277,0.010229717221268132,0.2684959713839825,0.22807967707564963,0.19036318320078396,2.241332641245299,2.3927462235957107,2.5218854024895068
LA1316,X,sun,low,amphi,3.160945997695065,-3.076731974043482,-0.02765690222093,0.013378748647926104,5.0776799683,0.013708661198060471,0.19478038929334032,0.170978250056024,0.15358543737535524,2.5314781917504314,2.600408991705991,2.662917666446887
LA1316,X,sun,high,amphi,3.160945997695065,-2.0556599217916904,0.24290735414,0.016014584093599668,5.3031432252,0.01267744329008804,0.3595618086163909,0.3101144959549705,0.2631606772128413,1.9653791686463276,2.1443155814541823,2.311475132167783
LA1316,X,sun,low,pseudohypo,3.0688438494685424,-2.653546015234024,-0.08110975772805,0.08499411426981303,5.573497007,0.27171678693796153,0.17101120135207148,0.15747879887299981,0.14667533390628987,2.5514916139946444,2.6326392970035575,2.661126250061831
LA1316,X,sun,high,pseudohypo,3.0688438494685424,-1.9490103593294017,0.12170813986,0.009408401604787899,5.0570654471,0.007963245800455376,0.27198536465537965,0.24195328607714217,0.21826231433449159,2.2647316375556517,2.371018845650955,2.4565727002335924
LA1316,Y,sun,low,amphi,3.182802510545808,-2.82700210197169,0.0923486782,0.005837266074413088,5.0377324508,0.0060625543037770464,0.2347876219157368,0.15684337607074972,0.13417975364972756,2.37697245210449,2.6439429095532576,2.723519884630129
LA1316,Y,sun,high,amphi,3.182802510545808,-1.576298723524238,0.39035245226,0.012856510771335324,5.9220624727,0.008517797285882558,0.41238448327852634,0.3442067743242561,0.27523529034300825,1.698830152351457,1.9745309048389497,2.2246868496450776
LA1316,Y,sun,low,pseudohypo,3.107834082349247,-2.5346955004349847,0.009323813608457,0.010503125622131794,5.073932088,0.009130515167061046,0.18094209509570422,0.1247086425026581,0.0987252263417834,2.560763304747609,2.751738858599006,2.8417532906279113
LA1316,Y,sun,high,pseudohypo,3.107834082349247,-1.5805172907779714,0.44167399695,0.010908072600923887,5.6190518932,0.0061105607915035495,0.30062475797947213,0.240990013794462,0.1860070972200841,2.114973955644404,2.3339142518401923,2.526815298693734
LA1316,Z,sun,low,amphi,3.207252828966749,-2.1442705410325944,0.53489741252,0.030250810769747165,5.8999828719,0.019526505534787356,0.2565257104467012,0.1315493595481642,0.061299477027506905,2.3275047947765986,2.751468734766061,2.979221364054176
LA1316,Z,sun,high,amphi,3.207252828966749,-1.5866509410970306,0.60247288591,0.02061598552685994,5.9896052053,0.00978591084541529,0.3417029673524234,0.22393727427977647,0.13484014735210262,2.0471357730023847,2.443860718008351,2.737382703429792
LA1316,Z,sun,low,pseudohypo,3.1617709207107523,-2.1665591113617295,0.110377920066,0.009681118274887332,5.3393256814,0.009300764229734622,0.18353908528426338,0.11835834849607912,0.0762022116584318,2.5603848610982043,2.7733954290954035,2.9176570494500504
LA1316,Z,sun,high,pseudohypo,3.1617709207107523,-1.2528231650324435,0.60796133674,0.019311303679479138,5.8872166356,0.008762646128941513,0.30478431924969107,0.23319952938581495,0.16916609616608164,2.1473213554378168,2.4027337977889527,2.6222105120508403
LA1322,E,shade,low,amphi,2.9269035445601213,-2.2067572729976503,0.14160843676,0.0064684979505357475,4.4776698997,0.004456323033161506,0.17720522379927714,0.1067166230898623,0.0723215523004537,2.5943345597638463,2.827436686396058,2.939747265167059
LA1322,E,shade,high,amphi,2.9269035445601213,-1.1131856256113317,0.27204598546,0.010662038340088798,5.6286364157,0.007227227284065376,0.31054078078788816,0.2348358871326327,0.1725699707260191,2.1022235746604023,2.363974124982779,2.5807705631204123
LA1322,E,shade,low,pseudohypo,2.874045684608591,-2.3996983358978734,0.0391313881117,0.013092344162878473,4.6078440615,0.010279259264063026,0.11300984692218302,0.09218396690857958,0.07753053320663249,2.794165236030178,2.8683647788003332,2.9185906836773023
LA1322,E,shade,high,pseudohypo,2.874045684608591,-1.1106074375813009,-0.027547025418515,0.019072133048166483,5.5083638744,0.018907932404966334,0.2366598034754749,0.19896262102339635,0.16464564115703903,2.3657926950635595,2.499760876909691,2.6218488122114967
LA1322,G,shade,low,amphi,3.0101405321380343,-2.2406518017712096,0.29529747187,0.014753725832370732,4.9469724593,0.008482321744879588,0.18477683284256094,0.08954403401108574,0.04418900452321528,2.554661776896253,2.879850810363628,3.033566133732899
LA1322,G,shade,high,amphi,3.0101405321380343,-1.5212630900876662,0.23131927071,0.017178183106910515,5.4895247754,0.013091740092820846,0.27493504290705767,0.18439765930129637,0.11661865410490246,2.2274852432021337,2.5485593644219513,2.7871494131487355
LA1322,G,shade,low,pseudohypo,2.9281644774178215,-2.247423227686695,0.22589022258,0.011223793233102677,4.9253943595,0.006787645103132299,0.13608900577461483,0.05372013612224453,0.026982646232259277,2.729311682569551,3.003554984111493,3.090017238117052
LA1322,G,shade,high,pseudohypo,2.9281644774178215,-1.24509968035867,0.38109370391,0.017283718745035828,5.7404511785,0.009993297844770866,0.237279708043393,0.13247661754765444,0.06961533527496425,2.358832637777117,2.7273173956631274,2.940683696158905
LA1322,H,shade,high,amphi,2.9246097792140326,-1.1899933198893018,0.002066749395516,0.017296169913406267,5.3012305521,0.01862184527100396,0.27966832354463367,0.23236652564975005,0.19258800607502308,2.2217732442648876,2.384388944698048,2.522888965067562
LA1322,H,shade,high,pseudohypo,2.7504889049938552,-0.6273054820938124,0.23439019145,0.010353720607117365,5.4328069298,0.007559879335972662,0.25418553812027306,0.18337508291497095,0.12977822782823165,2.3072550231673943,2.554936512850031,2.740297577340707
LA1322,I,sun,low,amphi,3.151906713391419,-3.3118535964831564,0.2903560719,0.01625975958940096,5.1645096415,0.008347860964994498,0.15184495936274858,0.10505983903499763,0.09154855198784342,2.663253644246252,2.827310233558178,2.8724042460600505
LA1322,I,sun,high,amphi,3.151906713391419,-2.0640565289272796,0.18213543193,0.007460052272309,5.2596661353,0.00520596330715838,0.3192943445991312,0.23943821027492368,0.17134599712254947,2.063056269118401,2.3448363111677755,2.586008324313696
LA1322,I,sun,low,pseudohypo,3.0940132551539112,-3.1009454826254785,0.103382286183,0.018184375133962993,4.8616156451,0.011962701897987595,0.13339092756778959,0.0958248362336212,0.07071220810701868,2.7204474322827745,2.850469581490397,2.9390387283954986
LA1322,I,sun,high,pseudohypo,3.0940132551539112,-1.98228056540899,0.37748884249,0.00966239729215383,5.3498899055,0.004945058422395089,0.26524398055411474,0.1845647686260481,0.1245875505645817,2.2547350959307724,2.5446864316145774,2.759246080366936
LA1322,J,sun,high,amphi,3.1264966251007182,-1.898467081926498,0.50390308259,0.00831067495575312,5.5644722764,0.004006410858435451,0.36048032782335293,0.22321720971518913,0.11952475497818679,1.9205192138522453,2.405412885945754,2.766686687883083
LA1322,J,sun,high,pseudohypo,3.0511607287660296,-2.1116990626374923,0.52986286593,0.01615552459778573,5.4186293634,0.008159515905034137,0.2491100976512088,0.09437478681518933,0.05951956769964399,2.334900404548096,2.860780137537203,2.9791529162956896
LA1322,K,sun,low,amphi,3.102182316683248,-3.0500798831321894,0.146008579428,0.015895445645305453,4.8150818719,0.01001139602751386,0.21006791003194905,0.13265049419269884,0.0825032067076904,2.478596416855577,2.736789032012681,2.903467211545613
LA1322,K,sun,high,amphi,3.102182316683248,-1.8172850618268594,0.34999566781,0.01184657498944534,5.7552461782,0.007109358625708351,0.39660206949868615,0.27791666951253585,0.18095104845854024,1.7884049373566027,2.208704937126758,2.5499640941859587
LA1322,K,sun,low,pseudohypo,3.0640446466579836,-3.6185562347240525,-0.18850774747,0.016729280662561685,4.6522002366,0.01736126990394993,0.10768345499015261,0.08492046935150274,0.0741376479937395,2.823753674831831,2.889235107940955,2.9285803991235233
LA1322,K,sun,high,pseudohypo,3.0640446466579836,-1.9304087672639343,0.26330155407,0.006694928849956074,5.5120815867,0.0041790801199453114,0.29065087452931193,0.19719956727279606,0.12823138906906015,2.1596304551886956,2.5088635917238467,2.7510562942568364
LA1322,L,sun,low,amphi,3.2856128610122055,-3.504809448531141,0.29573224904,0.009652713094476649,4.8568121368,0.005444273079086452,0.12925218461527574,0.04929090166791504,0.024268551533991666,2.7585761738272576,3.0222477008976694,3.0986348937088657
LA1322,L,sun,high,amphi,3.2856128610122055,-2.0284983151754963,0.39680320734,0.004887099244241495,5.4489391108,0.0023835204160352836,0.32219079743203166,0.1325559455346208,0.0469847530879093,2.0569641296021466,2.7523753001462206,3.0222362157060463
LA1322,L,sun,low,pseudohypo,3.2075909309115556,-4.076698239517896,0.108199122974,0.020407725497047165,4.4998535399,0.012920241338889646,0.07765870873825118,0.05232883530799396,0.04506047511275398,2.918629389312297,3.0053386612125035,3.0300142927007405
LA1322,L,sun,high,pseudohypo,3.2075909309115556,-2.1610885437702074,0.54865835059,0.013333224066681262,5.3229709092,0.00558579887277572,0.24531415628594874,0.10365277691487679,0.049818322402136545,2.3157692934882403,2.8260927686551165,3.010724118806804
LA1322,M,shade,high,amphi,2.9799449739341246,-1.5507199690457767,0.35691580597,0.01622438683654603,5.704598775,0.010296610502498138,0.3239706101662314,0.23792274804545724,0.16978269126752205,2.07273228118787,2.3539452370018243,2.604011571261154
LA1322,M,shade,high,pseudohypo,2.920130685652616,-1.7643516819710148,0.35101041663,0.013062513081208888,5.349052998,0.006985353460530441,0.23794103551260257,0.15831598462600516,0.10181986925126778,2.4054657676491473,2.6431324242376224,2.838750705225318
LA1322,N,shade,low,amphi,2.9768588271908802,-2.1813942027282347,0.30889625379,0.022468090402877394,5.3194650149,0.012738037682896804,0.23661133710918417,0.10898898830144454,0.04518113467270288,2.394894137444485,2.8248547055519344,3.0317762366662446
LA1322,N,shade,high,amphi,2.9768588271908802,-1.575058287867737,0.32462946959,0.023485837940301707,5.8041396497,0.017834136457682812,0.3246943852856521,0.22152796519954268,0.14472054413162436,2.0977938043694966,2.4465222549190875,2.7023689314960366
LA1322,N,shade,low,pseudohypo,2.896434076772382,-2.023302804967277,0.5647734698,0.05254392189028584,5.6411655909,0.02377894143480419,0.20766675541575677,0.10478448830537276,0.04932190972680059,2.489578914342107,2.837356366559203,3.01738716203251
LA1322,N,shade,high,pseudohypo,2.896434076772382,-1.312380466010183,0.19739430629,0.01831501872535,5.7518966705,0.01987438404684182,0.28935209401482115,0.2228044771865019,0.16897434354656043,2.2119422697744557,2.4348689646723662,2.621390397156359
LA1322,O,shade,low,amphi,2.9844275865805003,-2.3510908064252316,0.28086800686,0.01277706213415164,4.8705270476999996,0.012549173651712509,0.2020665267308698,0.05292228435637653,0.043613489805294524,2.5230221269641335,3.0072380392645766,3.0384854988626633
LA1322,O,shade,high,amphi,2.9844275865805003,-1.6296203279206796,0.47915916077,0.012075567819853184,5.3544205465,0.005339705291527625,0.3056519812586447,0.17798929614242842,0.09692518526124587,2.1734864110822714,2.5907701110209853,2.8591320877176223
LA1322,O,shade,low,pseudohypo,2.9362697011846364,-2.1347569761784606,0.2454061068,0.013626918701591993,4.780573653,0.00867722197942355,0.16966115908520102,0.07699487686490926,0.060585296106450255,2.605734482228229,2.9208173381325917,2.97872824558816
LA1322,O,shade,high,pseudohypo,2.9362697011846364,-1.387395511134244,0.42537610133,0.015588380965635279,5.1475015684,0.007743203231370314,0.2691247968526366,0.1851179433138659,0.12170176531939254,2.333163604780218,2.569753490849684,2.7913719757488056
LA1322,P,sun,low,amphi,3.1280224705567266,-2.8274595346537215,0.41753905733,0.023400624555544366,5.2081003218,0.018564143392841865,0.23457787770858274,0.04717675196421494,0.039081357995597664,2.40998743777299,3.0276971108788553,3.0521421657968086
LA1322,P,sun,high,amphi,3.1280224705567266,-2.0301425001901112,0.46969647942,0.008066498557262278,5.5020398933,0.004084399848725583,0.35631388040731177,0.13008789755957395,0.06662505106772915,1.9904373144312366,2.74858399273601,2.9604848171747267
LA1322,P,sun,low,pseudohypo,3.036379710987596,-2.153329143458677,0.5394387349,0.015727021138562038,5.429257519,0.010623247916016283,0.24026941470798793,0.03248576793765466,0.01859533790258479,2.3886586302841044,3.0742617163085946,3.1204752638837463
LA1322,P,sun,high,pseudohypo,3.036379710987596,-1.5561034798384585,0.60518946731,0.021548102870532913,5.5920109443,0.0093929574157057,0.31944881737837444,0.21658703787134478,0.04109297102790627,2.104756998797474,2.4511783741539754,3.045186183624452
LA1322,Q,sun,low,amphi,3.1023959371555097,-2.7647975824531614,0.42027633054,0.01733259884436495,5.1397440897,0.008416998096573494,0.23951166008218072,0.12448622583012409,0.0657016078252964,2.390709076791457,2.7714022737194393,2.9634645467995258
LA1322,Q,sun,high,amphi,3.1023959371555097,-2.0228786269113224,0.35519648768,0.016171068927671634,5.4984707875,0.009183088422513938,0.35643181237716887,0.23359817365591087,0.14821294244552366,1.9889036231959856,2.3994019201756744,2.6826628913598394
LA1322,Q,sun,low,pseudohypo,3.028077741509101,-2.7210652762180128,0.39936312573,0.02603811729472173,5.2353271202,0.012349611095971958,0.18669428167954308,0.09307545679569182,0.04364909743785962,2.570417559747995,2.876821661402732,3.037036841653882
LA1322,Q,sun,high,pseudohypo,3.028077741509101,-1.828146560244884,0.65460573742000006,0.0315639268625528,5.622968496,0.013262023340574003,0.3048337706338231,0.17990662158079046,0.09499269534027396,2.156715495986136,2.5772627201301144,2.8658333285084345
LA1322,R,sun,low,amphi,3.1018760115589057,-2.2710292127260634,0.5447829404,0.014620333445720111,5.3493342389,0.0059832919780729256,0.2618835098347581,0.12379027253359105,0.058680115817400215,2.2771447853363234,2.768686399807163,2.984002455031293
LA1322,R,sun,high,amphi,3.1018760115589057,-1.620541551614723,0.50656358077,0.0063087530645301116,5.8642854661,0.0034211240340357506,0.3626529026230038,0.2380754229257424,0.141755192442937,1.929585303490342,2.373637694307205,2.7136169775373915
LA1322,R,sun,low,pseudohypo,3.011922047681323,-2.7861981949272967,0.24775087631,0.016323396037644666,4.7693278388,0.01036504180478833,0.13899530242906238,0.06744910834982677,0.03944579995407587,2.71787934028983,2.9621294183439555,3.047821597434815
LA1322,R,sun,high,pseudohypo,3.011922047681323,-1.6970730048893228,0.53146547331,0.007139034899337688,5.5130865818,0.0030891557493257504,0.2777375592270165,0.13481951711148732,0.060152815022052844,2.256309678628118,2.7334055377523434,2.985513485064377
LA1322,S,shade,low,amphi,2.9471513735505717,-4.275642827609925,-0.098310832278,0.008276053135451385,4.4516693856,0.007842210047919412,0.04547192633807173,0.03821906253899595,0.0344218965926278,3.0272837316394248,3.051092845238916,3.0647062937808682
LA1322,S,shade,high,amphi,2.9471513735505717,-2.0353527123341992,0.29270849237,0.015080624152781226,5.1194630459,0.009422003906668698,0.22281577059174892,0.09924238927609529,0.05742894545640663,2.433942874328678,2.8476221325198376,2.985112247056372
LA1322,S,shade,low,pseudohypo,2.8836739566122933,-3.9911624563663963,-0.0243789810154,0.003873996286486785,4.4256345807,0.003991474178109129,0.05001909990337417,0.043211550678509146,0.04068058118452266,3.0119179089066326,3.0331463235358473,3.0403205506092403
LA1322,S,shade,high,pseudohypo,2.8836739566122933,-1.6369196943361035,0.42250929445,0.017566798268710593,5.4252688714,0.008420365997403695,0.22184165767721375,0.11633450155008666,0.06131066283164796,2.4076336223776913,2.780274444288133,2.9683317536194
LA1322,T,shade,low,amphi,2.9119008941756603,-2.9207064568857377,0.29187163959,0.019694329889378904,4.8427738792,0.01017089177250329,0.09958814136736291,0.04477254340573596,0.022376518904540097,2.8550050816671497,3.0398484267308143,3.1053092378594234
LA1322,T,shade,high,amphi,2.9119008941756603,-1.8636075745699567,0.28138978783,0.03501201278198871,5.5974102193,0.02803140654216354,0.2054505862242436,0.10757799163097431,0.051314130334284294,2.474875291638786,2.8132178234796053,3.0031011890501107
LA1322,T,shade,low,pseudohypo,2.769761569414736,-2.138418694178938,0.21518866519,0.014666382919255132,4.7432340987,0.008929634380885062,0.10889554309312197,0.04665016539490331,0.023877008673661698,2.828154859752254,3.020584354293647,3.0977994703497007
LA1322,T,shade,high,pseudohypo,2.769761569414736,-1.2762054638566518,0.32088467124,0.02104933499840088,5.3364281287,0.014185591669463031,0.18515586201147796,0.11571930027411406,0.06819402758706876,2.5526268530957306,2.7872485084845637,2.9534111302056485
LA1322,U,shade,low,amphi,2.8386618040028004,-2.368943287400297,0.29523208429,0.024772755903403786,5.0773368906,0.016662833074160846,0.1493612990709031,0.0770665247225592,0.039593692301457796,2.7002873613861573,2.9283226740324495,3.0508508241306944
LA1322,U,shade,high,amphi,2.8386618040028004,-1.7646388434434368,0.27265322221,0.027702243076767212,5.3061599994,0.020153325244644277,0.21913036865648355,0.1387134090294776,0.084332586375195,2.463607902528302,2.7254093175723977,2.9022325999945506
LA1322,U,shade,low,pseudohypo,2.785119221874171,-2.4567320596732567,0.24178428861499998,0.07125866651055825,5.4347786132,0.05123734841980445,0.11038605765269405,0.062390889028039034,0.034211133159306274,2.8113375196750194,2.974599352512244,3.0670311660834555
LA1322,U,shade,high,pseudohypo,2.785119221874171,-1.541747806867133,-0.02262813755319,0.01930551744126284,5.6340789533,0.02489302210738197,0.20345122518181857,0.13955812342961893,0.09300914764594681,2.556421575062251,2.7440238386894418,2.8893492646803223
LA1322,V,shade,low,amphi,2.821443627425915,-2.0655935994596026,0.54463424569,0.04172162325606278,5.6187963481,0.020060152948533444,0.1477963624807981,0.08381959854557454,0.04683933813165189,2.6840772676984423,2.9065037595772187,3.027678383565745
LA1322,V,shade,high,amphi,2.821443627425915,-1.5283856149481434,0.137695675441,0.02415867709233489,5.603215515,0.025354813145642096,0.20859681824895815,0.16366463234451412,0.12862469021202244,2.527985539389856,2.645680824049057,2.7633558613241034
LA1322,V,shade,low,pseudohypo,2.741664382790466,-2.179826250369018,0.24622965861999999,0.031415225989121165,5.5571869178,0.026151600474373524,0.10405155280699044,0.0657953541809406,0.040728458039664864,2.8597247234287355,2.961834999972525,3.046103553463695
LA1322,V,shade,high,pseudohypo,2.741664382790466,-1.4286996451634562,0.048796001155916,0.029748871905706447,5.7286908789,0.039750553446559395,0.17152103548323475,0.13440160658671318,0.10729015380361785,2.6245439424021773,2.7448567963179284,2.8356103778741173
LA1322,W,sun,low,amphi,3.0994570688040803,-2.45482182275177,0.3277332065,0.010679403903597224,5.4677768812,0.005672259297717888,0.30363185071568327,0.13985256468404922,0.056860147111416355,2.1822552449668935,2.721128763171012,2.992417937941023
LA1322,W,sun,high,amphi,3.0994570688040803,-1.7875199612572379,0.63004510423,0.01677362504026676,6.1112832622,0.007904594274582143,0.40999199020506594,0.2775193092359983,0.17297980145600347,1.7970029438693857,2.2468697444717103,2.5963689767108917
LA1322,W,sun,low,pseudohypo,2.933024443392442,-2.3946630742155075,0.135860425148,0.014879065178445358,5.0281314748,0.009865935587848155,0.1667185250716726,0.11403286288893191,0.07766649296941447,2.635798991294159,2.8001691796276287,2.920127816540973
LA1322,W,sun,high,pseudohypo,2.933024443392442,-1.0296904394433075,0.50058854263,0.02321134788587835,5.8134760417,0.012273853742217075,0.33932249009521126,0.24366233607843432,0.16653112025148767,1.9985654002451476,2.348126601690833,2.6324701453261645
LA1322,X,sun,low,amphi,3.1079995260060067,-3.599354937722392,0.36549918142,0.015477082854919276,5.1404515479,0.00852718264035418,0.11979565599694127,0.08376333792085143,0.05954718726841789,2.7785917541566167,2.902691952019862,2.9801819441412456
LA1322,X,sun,high,amphi,3.1079995260060067,-2.178481648407907,0.37661414055,0.016017225400281904,5.2302242332,0.00845385742777264,0.30130044944775003,0.17030835625863755,0.0861818395942415,2.1288220667045454,2.5898497237090945,2.8815446019375743
LA1322,X,sun,low,pseudohypo,3.0077090674705933,-3.1465646560479335,0.26913645714,0.02597392471008451,4.7038076616,0.014565062801033962,0.11077234141508073,0.08237801285467558,0.06393229592869322,2.8154542333394144,2.9040620874463605,2.962203054718176
LA1322,X,sun,high,pseudohypo,3.0077090674705933,-2.1479982253994057,0.36870479939,0.010965049127999766,5.372902731,0.006528264483225381,0.21802636467881786,0.13773042053591084,0.0801997388618903,2.427806848986067,2.7164190239924024,2.9134483154593473
LA1322,Y,sun,low,amphi,3.0878645913628384,-2.967935036498581,0.26405000524,0.01191541678558288,4.8611585449,0.006876116254159378,0.18919470721261025,0.11451406208965814,0.0763772579804939,2.5572064165223636,2.7999287525798024,2.9273243113456493
LA1322,Y,sun,high,amphi,3.0878645913628384,-1.8261716147955012,0.41415556999,0.014311761849365667,5.5652416055,0.007917835644310282,0.36711025666576513,0.23941445192250385,0.13938379971818768,1.938130663716013,2.3864581954917976,2.720074336446905
LA1322,Y,sun,low,pseudohypo,2.9723329154334293,-2.6686897744729032,0.26036582245,0.01053099006018193,4.9832187108,0.006121352583108569,0.14937360616530942,0.09909070725092826,0.0742432977862119,2.6760648652488546,2.8465701961020478,2.930311766040949
LA1322,Y,sun,high,pseudohypo,2.9723329154334293,-1.5378613056042416,0.48152577901,0.02056604091428547,5.5331456315,0.010615735424783657,0.29743129570910726,0.19793957915107338,0.12763848760383747,2.183337023773321,2.5297790004101532,2.771087444951353
LA1358,B,shade,low,amphi,3.029816093518892,-2.781772497477021,0.054277468795,0.010319828087539932,4.5578598212,0.007322358785762825,0.14144019817921977,0.1029399515114077,0.08445878602175427,2.7112142297466706,2.8373270301635696,2.898354969139771
LA1358,B,shade,high,amphi,3.029816093518892,-1.878704892282862,0.24421648008,0.014327347163206676,5.3249979004,0.008120654671125192,0.24254043434946398,0.18337912928866174,0.13466684671921147,2.3442697479136614,2.5532327258338032,2.7196300414375014
LA1358,B,shade,low,pseudohypo,3.0086433284547054,-2.559467899526675,0.20963399286,0.01455709985232387,4.8207610084,0.008776550054837852,0.14098582967624013,0.10577037235045855,0.07733575535996466,2.709692906654223,2.8294299990497223,2.9198379038711244
LA1358,B,shade,high,pseudohypo,3.0086433284547054,-1.791141163950014,0.31902685016,0.018101239558632125,5.2028869235,0.010155084781258709,0.21903345060597265,0.1672780621273991,0.12256032764107926,2.4430846503727484,2.616536104096774,2.7704189895991695
LA1358,C,sun,low,amphi,3.1314989786504865,-3.417410799030421,0.18236268420975,0.057567556302097915,5.6822405249,0.03107690210480643,0.10698483469103358,0.08168139934131517,0.06368979658481183,2.867946741619358,2.9087308445088986,2.9677408456625267
LA1358,C,sun,high,amphi,3.1314989786504865,-2.2381213541675358,0.48807784014,0.009116313468709959,5.5058379494,0.004265284025607061,0.20971823036327522,0.14061787917197066,0.09327908879247256,2.4637816695602606,2.711618646395453,2.866831424068918
LA1358,C,sun,low,pseudohypo,3.075522860870007,-3.37275025873646,-0.46226774795,0.05623631516123791,6.6917856395,0.1892818433714654,0.07641046079038598,0.06203015917803684,0.0517440238343292,2.9548352787117294,2.967791333977404,3.0060157427058702
LA1358,C,sun,high,pseudohypo,3.075522860870007,-1.9589388334997238,0.2853117609,0.010915824750540211,5.1598256952,0.006945617858716103,0.17081985893351542,0.12298311565286131,0.0876327606245398,2.591121729552621,2.7679987558119734,2.8895372878157017
LA1358,D,shade,low,amphi,2.9010510452884346,-2.936663127776991,0.064160256012,0.012009432856823666,4.5587506842,0.008558146013941703,0.08727824693849962,0.05916350718228676,0.045306214031140164,2.892170608258662,2.9834417300911418,3.0298506737814073
LA1358,D,shade,high,amphi,2.9010510452884346,-2.2282808224302326,0.20390417247,0.01232466500468511,4.842272865,0.008438194791790423,0.1437304163449805,0.10250865240842112,0.07760595771117564,2.6939961986337564,2.8382566936019367,2.91876740130705
LA1358,D,shade,low,pseudohypo,2.8932021647999413,-2.670202047171966,0.0465955492404,0.014887884515431318,4.9468547327,0.011196098608230728,0.10138574550049959,0.07914058279944905,0.06152208212798562,2.8652218523457633,2.9068614735800757,2.971252893004872
LA1358,D,shade,high,pseudohypo,2.8932021647999413,-1.909410211341216,0.004446791136807,0.0227258016458268,5.5702991117,0.027929312220094503,0.17251473608474518,0.13750638251039837,0.10962052789856991,2.616093299280008,2.7277574565893503,2.823331275114875
LA1358,E,shade,low,amphi,3.0439611642767517,-2.5166166022920384,0.077911809825,0.005935105566520958,4.5325961176,0.004343764873022286,0.10614818837849714,0.069440454408059,0.054409121077671,2.828592269479701,2.9472147723972975,2.9988199614333837
LA1358,E,shade,high,amphi,3.0439611642767517,-1.7200726077103847,0.22214598448,0.0068099863267777104,4.9096342647,0.004504707768159909,0.18242577116235031,0.12825302471046576,0.09433913874179546,2.571024329433308,2.758889439658079,2.8665618373997908
LA1358,E,shade,low,pseudohypo,3.0320777595045367,-2.3684718192703875,0.122127217067,0.007720060822242159,4.7640723031,0.005192483988426983,0.11300577500247741,0.0861544788761016,0.06837189168440845,2.7959438378896104,2.887958762246953,2.9502549356739496
LA1358,E,shade,high,pseudohypo,3.0320777595045367,-1.6483611889033796,0.38782295224,0.013661840507946995,5.2149084252,0.0074272062618632876,0.18402507078298444,0.14592628009975833,0.11324686856572645,2.5733717879166726,2.708862757985055,2.8118595800153963
LA1358,G,sun,low,amphi,3.004643513054017,-3.6528592748965734,-0.156138190223,0.01799648222005801,4.8485967535,0.018092836918366426,0.08720372321475632,0.0679847189623258,0.05777779179357703,2.9008067253029868,2.9541312657172925,2.9894465239560053
LA1358,G,sun,high,amphi,3.004643513054017,-2.3093277137640342,0.33401293337,0.00770649303142889,4.7923175631,0.004648450406306202,0.2232716951649959,0.15765758229012056,0.10647065630782357,2.462577194387038,2.6632626651659987,2.8371032501890574
LA1358,G,sun,low,pseudohypo,2.8990589500005064,-2.938813188285209,0.115254800641,0.005886901012815326,5.3839350881,0.004599396311591275,0.10062092585048858,0.07392511149289217,0.05345691776079567,2.8529795783050815,2.9337402148155762,3.0037132210408357
LA1358,G,sun,high,pseudohypo,2.8990589500005064,-1.9202075997598351,0.26643910867,0.021102504605954798,5.2419996156,0.014551678823967793,0.2061412426034326,0.16297858780838348,0.12882331423306068,2.5674917799131274,2.653470802854582,2.7686419584447055
LA1358,H,sun,low,amphi,2.998653196926666,-3.158088380796493,0.0190788782763,0.009580822736563261,4.5534029238,0.006911713921402198,0.10360408253768698,0.06554604404863658,0.050429811532093805,2.8511670022854,2.964889137636219,3.015416117098225
LA1358,H,sun,high,amphi,2.998653196926666,-2.0611677412862925,0.32000198325,0.01129410403852295,5.156785809,0.006521409873824934,0.22253555577687714,0.1264040790266126,0.06772857209896216,2.4782031114186327,2.773951711355735,2.9624583656034194
LA1358,H,sun,low,pseudohypo,2.9572439048517247,-3.0325675731164985,-0.059004989498,0.008238690195901307,4.5060568662,0.0068681136205571425,0.09102522365539534,0.06635179956322064,0.052820172831750695,2.8771585532710477,2.958608501737157,3.0050729356041384
LA1358,H,sun,high,pseudohypo,2.9572439048517247,-2.305735964851818,0.13702936659,0.007118571243589722,4.4329865639,0.0047278805833753206,0.16055827795425656,0.1025344347303336,0.07947505178717867,2.6926008746371926,2.8770865507040053,2.9290931822431454
LA1358,J,shade,low,amphi,2.8695914208762843,-3.919010600045187,-0.15304075272,0.016008076204123704,4.5856821237,0.020728950671293548,0.039072422096857906,0.029507958339637992,0.02503094260808395,3.0516461225689517,3.0825730192716314,3.0977140608411236
LA1358,J,shade,high,amphi,2.8695914208762843,-3.547720131670417,0.038195692168,0.004648483154712509,4.0932962676,0.004912356617554168,0.055552776336949675,0.04072489041629003,0.03691011681955923,3.01579529351568,3.0546485147353533,3.064970366264325
LA1358,J,shade,low,pseudohypo,2.8541553566507445,-2.6511699941952167,0.026348754695626,0.016142986196571004,4.9528377715,0.014986297889229451,0.08736806458948253,0.06387575388384081,0.04903492240244477,2.9279688108840585,2.9643219140057795,3.019665646242797
LA1358,J,shade,high,pseudohypo,2.8541553566507445,-2.1912074636624745,0.28921092268,0.012155277744490108,5.1239795435,0.007064418615870519,0.13018810414248994,0.09546574575092573,0.06855276883301187,2.8112458836193523,2.8818681461639626,2.9742647837670835
LA1358,K,shade,low,amphi,2.870141460814362,-2.665101884404395,0.05328570316,0.010234698855760388,5.0504503107,0.009172866189306511,0.107304356747141,0.0751253369177711,0.05775412711803602,2.8322893309230683,2.9272450191558357,2.983439921755514
LA1358,K,shade,high,amphi,2.870141460814362,-2.0543370023705134,0.01762552220461,0.00666405535032193,5.4479511187,0.006748075595006059,0.1670871959587874,0.12911166014351683,0.09964771966473358,2.6286036942074675,2.751466034411968,2.854479790590761
LA1358,K,shade,low,pseudohypo,2.8456486647509935,-2.4840449353192757,0.052683243082,0.0052838079029895214,5.1762326419,0.005781054119387388,0.13900493189421542,0.11320227392021982,0.09143435699984527,2.699385028972554,2.786962444523483,2.864032091213249
LA1358,K,shade,high,pseudohypo,2.8456486647509935,-1.8924937641538033,0.03895239073476,0.020642326472983818,5.736829688,0.027343940322827567,0.20045124402883635,0.1723370161128777,0.15347039481933789,2.497345634177308,2.590618977773099,2.655600185317532
LA1358,L,sun,low,amphi,2.8490897221983693,-3.1258169783759415,0.081231132853,0.008163601749889863,5.3600481025,0.010097581301574432,0.09363408887919446,0.08239394524809315,0.07603486926182607,2.8807989219556056,2.9125114580210107,2.9325322066448933
LA1358,L,sun,high,amphi,2.8490897221983693,-2.3088721915001917,0.35081820519,0.02051900702276872,4.9477897399,0.011134774827949924,0.1564711877388082,0.11822973615123897,0.0899014853616584,2.7003416267481737,2.8082447114585887,2.897988990707759
LA1358,L,sun,low,pseudohypo,2.7773931997587056,-2.8168902360630383,0.14388120359,0.007313427477495062,5.3152523206,0.007866206910132,0.086994945522909,0.07473399113388829,0.06379458530832914,2.907647090798879,2.9304731399750796,2.9658318066123437
LA1358,L,sun,high,pseudohypo,2.7773931997587056,-2.0341479655908827,0.3050708537,0.0190103074692319,5.0849579142,0.011894551978399403,0.15347464487549342,0.12359694421381487,0.10015871361409145,2.699185141535236,2.780072659873341,2.8564056030331577
LA1358,M,sun,high,amphi,3.0414163743283673,-2.083206344277641,0.124249997524,0.012573843646304962,5.0617800116,0.010413928421514805,0.1574230206702637,0.12463196205739316,0.10061233867590594,2.6710475638738678,2.7735574940303636,2.852328184718446
LA1358,M,sun,high,pseudohypo,3.003773142731022,-1.9797063298629498,0.23965461879,0.016119987568667286,5.2841512463,0.010838711618734953,0.1501574747002917,0.10747913702637325,0.07196379757320787,2.680884945171703,2.8383122046464515,2.9430839714625185
LA1358,N,shade,low,amphi,2.7067226130484072,-2.0021846216067622,0.24385415406,0.014129486369772029,4.7118035979,0.007570231887565726,0.14322923230104798,0.09296809370852446,0.07541215975012427,2.711697597632598,2.873082029107642,2.9325246115874157
LA1358,N,shade,high,amphi,2.7067226130484072,-1.8910910214122152,0.22515108327,0.014427554785735578,5.2314273179,0.010819926188883295,0.161121925457097,0.1342235319007822,0.11164443345972598,2.677428454479251,2.758685254063965,2.830029391338862
LA1358,N,shade,low,pseudohypo,2.697047953744144,-2.200311947707858,0.01466932004277,0.004607489042503924,4.776309466,0.00407960604785436,0.09930706351529504,0.07161794152762636,0.05882122440117662,2.8693504581903073,2.9375020737877398,2.9817889421137873
LA1358,N,shade,high,pseudohypo,2.697047953744144,-2.085152116668376,0.5949446168,0.013090446199098965,5.8583215593,0.009321723649154413,0.11632166353339259,0.10772264222837863,0.1004473919691569,2.8171551462546267,2.837124223251294,2.8587087773019695
LA1358,O,shade,low,amphi,2.8455283457641203,-2.168860886402219,0.112614274571,0.011841808307099314,4.5761090216,0.008364920103652763,0.09909507065845931,0.07035495951807383,0.056046863290230196,2.8599595999537657,2.949243387948939,2.994961371795399
LA1358,O,shade,high,amphi,2.8455283457641203,-1.613319599104694,0.25590754044,0.019589549357842326,4.8947716623,0.012236566371044677,0.1463928742184476,0.10788178079691906,0.0834701962092145,2.737565443527874,2.840254792379217,2.91615237852743
LA1358,O,shade,low,pseudohypo,2.8277693853039696,-1.9536173394214786,0.15067882882,0.009796103828476161,4.7737054363,0.00709482932061519,0.10765582986751013,0.08207280508391421,0.06527556677370264,2.8381636160200134,2.910626520190119,2.9635897433183516
LA1358,O,shade,high,pseudohypo,2.8277693853039696,-1.5001386527776754,0.21376297905,0.01836005954121422,4.6726426178,0.011840168849875285,0.15029026842743035,0.11972001603585672,0.09910246198345705,2.7386574303800146,2.8006074799555556,2.8674719606676464
LA1358,P,sun,low,amphi,2.7245115486338607,-2.575853110083853,0.2256467825,0.02219925349197561,4.746113047,0.013124798260964708,0.06187957498513244,0.0344058701633906,0.027204414475808344,2.9752271273538593,3.0664621190774795,3.089151858981666
LA1358,P,sun,high,amphi,2.7245115486338607,-2.3485618957312147,0.24246473622,0.010245584968842848,5.3681609069,0.006778170015804085,0.0755277621309452,0.0564324703967785,0.04717744461354854,2.948976464111836,3.00239505914459,3.0288772404003357
LA1358,P,sun,low,pseudohypo,2.6461043807071976,-2.2332684756019887,0.34216322061,0.008636790383968513,5.0769270244,0.004990508539624881,0.06725598935247315,0.046820848516573775,0.033105170916390377,2.961293045858133,3.0176595293573962,3.063583622813832
LA1358,P,sun,high,pseudohypo,2.6461043807071976,-1.9534549002229846,0.129608079858,0.009709948224144213,4.9222761146,0.006228081391263531,0.08227666905837136,0.057564157281785475,0.051500398625586086,2.909362365416798,2.982945150602116,3.0029183207242487
LA1358,Q,shade,low,amphi,2.7808554033067456,-2.3568331617338214,0.07983493383,0.008835870834129,4.7654585826,0.00618052001823415,0.07742733331868605,0.06429245567507294,0.05571691219986546,2.9261014173759965,2.9573964563829973,2.9871018171796098
LA1358,Q,shade,low,pseudohypo,2.769092893575099,-2.42626056163509,0.057069878825,0.008546065433957807,4.5727975347,0.006783049774917983,0.06547069485320849,0.049647203566035455,0.04152677728734203,2.9633877845600147,3.0096186071231927,3.0381337438660325
LA1358,R,sun,low,amphi,2.8237791461595334,-2.4692772854489284,0.100377573461,0.010073864309810204,5.011927318,0.008934392903589572,0.11905157208571654,0.10545720150141161,0.09412780827279851,2.79334835861738,2.8371168278166152,2.870958924388866
LA1358,R,sun,high,amphi,2.8237791461595334,-2.0660630180793342,0.27048823686,0.015064379279683638,5.2275349765,0.010227489827908796,0.16105285501799718,0.14235549869675418,0.124926432786281,2.669221111527605,2.7282611705281443,2.782794886832954
LA1358,R,sun,low,pseudohypo,2.8021308857141776,-2.169455891112725,0.03148556571461,0.01289175597441562,4.9360091057,0.012138500151072002,0.1074267428514283,0.09592082476096997,0.08780837429125062,2.7871532763526727,2.828567185875904,2.8592979610011855
LA1358,R,sun,high,pseudohypo,2.8021308857141776,-1.681055212027435,0.30697599191,0.008411575718467925,5.3097560268,0.006459485698969911,0.151735730562271,0.1312132515260482,0.11524770410996897,2.643155930990387,2.7229157719929695,2.7814529665782532
LA1358,S,sun,low,amphi,2.977196756985535,-3.0070696807538644,0.41281511283,0.014187776804530764,5.2716314583,0.008513285312395057,0.10488193152262344,0.08077096470976133,0.06166760184926658,2.839028913779002,2.9150951601700035,2.975458233836088
LA1358,S,sun,high,amphi,2.977196756985535,-1.9701199387040846,0.33841163431,0.0121879650696338,5.2321516409,0.006290729258103224,0.2122253575258793,0.14046099167944412,0.09077387583386412,2.4626183153299155,2.7099374397614535,2.873612296051898
LA1358,S,sun,low,pseudohypo,2.9118485392817037,-2.777273943535273,0.28245183783,0.013757916637727864,5.1329665919,0.008840946740591436,0.09154960677803023,0.0741736687920405,0.06274272895975853,2.8656972042835074,2.9231171768857447,2.96002513974112
LA1358,S,sun,high,pseudohypo,2.9118485392817037,-1.8490452873385417,0.12230833383,0.007166372695614265,5.3526370014,0.005828632742651301,0.17246400110603297,0.13219687486670584,0.09960965482991901,2.587581391071642,2.723089371703682,2.8379532232217732
LA1358,T,sun,low,amphi,3.0178904310481647,-2.4618806562436593,0.43276548749,0.0094141123218277,5.134228048,0.0050267006765101225,0.24177358420134568,0.16621009480528573,0.10964702997415936,2.352931334482747,2.6212830498130444,2.816744215492191
LA1358,T,sun,high,amphi,3.0178904310481647,-1.7373984688977198,0.2069809679,0.021924594806350096,5.6672459976,0.018552694227282594,0.35790927159546426,0.313781268777586,0.27134829221059514,1.9606899577368324,2.11996121969277,2.2733769575893783
LA1358,T,sun,low,pseudohypo,2.986128117953217,-2.588879100087877,0.14520873622,0.011375286360383277,4.7048179704,0.00699318196038647,0.1686327592694318,0.10929505247297541,0.08430133316192674,2.6043183591635737,2.8066944512900895,2.894781171392413
LA1358,T,sun,high,pseudohypo,2.986128117953217,-1.7609461069010763,0.25503383448,0.03445928339593117,5.3527038716,0.020765907870966747,0.2792094441758014,0.2282983307532014,0.18263571911091,2.2434895054295154,2.4272702154211503,2.582404724487723
LA1358,U,sun,high,amphi,2.9649827722200977,-2.1856296011635323,0.52351540661,0.021622779186151807,5.2901322521,0.010429359215924541,0.2640622058867981,0.18596694550213566,0.12445185861444809,2.263013530766622,2.55493893669397,2.767011296162396
LA1358,U,sun,high,pseudohypo,2.90057304361422,-2.1961917701643534,0.2295675661,0.0053571881350769086,5.0811028037,0.0032547831801744047,0.2070764421983506,0.12379049157172042,0.07085818528257247,2.4625593603346365,2.761000431428745,2.937360157674663
LA1358,V,shade,low,amphi,2.7279383717546346,-1.937574873236991,0.54167549818,0.017257498397412818,4.9849865683,0.012006111972621454,0.10667970018931637,0.051928814620017825,0.04176938302622973,2.8365219598060447,3.0234259165198436,3.043883682723536
LA1358,V,shade,high,amphi,2.7279383717546346,-1.9734826382857933,0.34377860175,0.009726865002227053,5.068844127,0.005886103357878682,0.1090011333353916,0.07978434081779433,0.06103905868306963,2.8829816320661648,2.932248553994813,2.9908412553582213
LA1358,V,shade,low,pseudohypo,2.71737939929029,-2.0136269511647447,0.23542724637,0.016992901343104046,5.0165118691,0.01068618027632762,0.10635692014860235,0.07665280714554358,0.06028930743011914,2.8107979497934648,2.9196950955354644,2.974110245962796
LA1358,V,shade,high,pseudohypo,2.71737939929029,-2.093877699197244,0.74900570017,0.037480244139966645,5.8995092386,0.015229566543752352,0.10822276370520524,0.09389170412571386,0.08223738732684645,2.8320270566835672,2.8805940781179706,2.9194838348683114
LA1360,A,sun,low,amphi,2.9313058054967325,-2.8462249998074487,-0.027772735221535002,0.02458935422145566,4.5573554349,0.02017925180518766,0.1581664025691792,0.14349413721829712,0.1380647622798237,2.6654320573233736,2.695002620659441,2.71469061891283
LA1360,A,sun,high,amphi,2.9313058054967325,-1.721397247773426,0.24409639592,0.015180665947898781,4.8928258901,0.009663504746691089,0.30831649389233257,0.2428589511029893,0.19535943865625982,2.120043879997874,2.34821419895247,2.511121703638666
LA1360,A,sun,low,pseudohypo,2.8474931213012646,-2.489001141196347,0.037567790228531,0.025346530165573655,4.9660789424,0.018740438484763998,0.1534684212273559,0.13524599241177593,0.11953077664020512,2.654387629430439,2.706127664875577,2.761369968207098
LA1360,A,sun,high,pseudohypo,2.8474931213012646,-1.5427462916091133,0.2988257284,0.013502726652587062,4.9324822692,0.008256703118276372,0.26551949772315486,0.21670887069164438,0.17664942828172678,2.2493981522436965,2.4313340373667516,2.5765394234545393
LA1360,D,sun,high,amphi,2.772922232401327,-2.858071718461871,0.087078436528,0.010180630262661097,4.5953258459,0.0074730380252859985,0.12784913433125128,0.08775573648648499,0.06808670158460402,2.7583213222850618,2.895090278267802,2.9549666883460253
LA1360,D,sun,high,pseudohypo,2.7124895372504483,-1.434741095597492,0.109780217803,0.006515901657053137,5.1933090486,0.004426099016244388,0.2673221858681104,0.15488458173085268,0.08387665094896375,2.203456468138047,2.635094695933232,2.893516253921173
LA1360,G,sun,low,amphi,2.984249550369402,-3.017435630046192,-0.003925197780796,0.017999813097454225,4.82951085,0.013008865607035148,0.1934473174777534,0.12639492825280568,0.0999555365406463,2.53381365494951,2.758553906110202,2.8480520803811493
LA1360,G,sun,low,pseudohypo,2.9856570569911702,-3.112257031928502,-0.14110968953,0.009208384031199064,4.5839002743,0.00832793004416644,0.1339520892083927,0.08892691524592566,0.06824725409942878,2.7676020712233513,2.8608834020869924,2.946820191503256
LA1360,H,shade,low,amphi,2.9144429033419628,-2.083423494157721,0.13104785018,0.004441548033960699,4.4586905779,0.0032422691741586336,0.1597996295491422,0.09839955329792888,0.06896643627718863,2.65085914023953,2.854404187055506,2.9493726514414518
LA1360,H,shade,high,amphi,2.9144429033419628,-1.7136379804745627,0.12446709199,0.009362972117050054,4.550096869,0.006957724355050288,0.19838790921551716,0.14866574002609198,0.12236621747068858,2.5065268754754753,2.6782461518039318,2.765914407125943
LA1360,H,shade,low,pseudohypo,2.841973785815984,-1.2057883127443634,0.20218488965,0.010305986912734101,5.0890961277,0.00684298453189882,0.1872074966651168,0.11461255448893677,0.0674330301256289,2.5239231922760195,2.7769379856583623,2.946628563276639
LA1360,H,shade,high,pseudohypo,2.841973785815984,-0.7848163051901013,0.33685696966,0.010295265531501738,5.1700150743,0.005606109583550109,0.23157561551872513,0.1709611022275733,0.12757990786406087,2.384427619497142,2.5857151925383555,2.7401429413305785
LA1360,I,shade,low,amphi,2.98630147840246,-1.2975235320485654,0.22028550179,0.02194056886064808,5.0893291458,0.01472143537071017,0.1697742352353518,0.10426631509468141,0.06503716297961634,2.608695490316637,2.8291981796572827,2.9611738000366965
LA1360,I,shade,high,amphi,2.98630147840246,-0.5732161608909261,0.15026269646,0.010745853724491395,5.7032681539,0.009501267584008332,0.23767880011125267,0.19056041121309786,0.15019899637457132,2.3656257284540168,2.5247072860254356,2.664280426771329
LA1360,I,shade,low,pseudohypo,2.9665126285187013,-1.095935161676327,0.17456308379,0.018019138656990466,4.9817620436,0.0121314292284431,0.1404877714610907,0.07887239161776846,0.04244289468166791,2.695415536056335,2.912977294282051,3.036974112172995
LA1360,I,shade,high,pseudohypo,2.9665126285187013,-0.4405931984084418,-0.066280357642,0.008175478438219747,5.3911427696,0.009527031658667931,0.186668728133072,0.15003384743592518,0.11888540364982698,2.530603358135687,2.6592155470894534,2.7697700096759474
LA1360,J,shade,low,amphi,2.9221035042485792,-1.4580754715444268,0.41206791446,0.012758822784068024,5.0957237071,0.006234182932899908,0.17736663636004454,0.08384540897612894,0.04291286147282583,2.587100738552631,2.90422273457344,3.0372085366315393
LA1360,J,shade,high,amphi,2.9221035042485792,-1.1824932813450133,0.40512947546,0.015862594302122345,5.1634725167,0.008066172403731392,0.20321755776662484,0.12364150966462853,0.075871293161078407,2.4948953492840515,2.7683411526696857,2.9281936524319603
LA1360,J,shade,low,pseudohypo,2.9146538810178866,-2.2888556297204667,0.098989776644,0.004859889916859531,4.5382711423,0.003145463057536542,0.093499575592598,0.045295098753903085,0.02747036901944905,2.8677739314888298,3.0307367435229673,3.087963795427081
LA1360,J,shade,high,pseudohypo,2.9146538810178866,-1.2070923857485851,0.39970963948,0.014680340984230848,5.0861952668,0.006874496421585223,0.1798546540404013,0.09280119473373351,0.045272578374284944,2.550072293748098,2.860262466945573,3.025086709691303
LA1360,K,shade,low,amphi,2.958398733650599,-2.65848248949339,0.068451789204,0.011379845193215103,4.7329199177,0.009326889259620162,0.16092456811127853,0.12232822875228799,0.09931702585507607,2.633554844734448,2.7627190093106657,2.8426505927708465
LA1360,K,shade,high,amphi,2.958398733650599,-1.8030884017413764,0.3445181566,0.017698538429653507,5.0159013211,0.010243645259303127,0.2721856341093779,0.19229468402461128,0.13380592309582123,2.240520816204546,2.516202070966971,2.7216808142983107
LA1360,K,shade,low,pseudohypo,2.928857828551751,-2.748442408884025,0.105337531974,0.02486858869054285,4.9363195703,0.019045068275029824,0.12376874064324156,0.08929833601924854,0.08285622584863599,2.7537443136183484,2.877168728808928,2.895987691864631
LA1360,K,shade,high,pseudohypo,2.928857828551751,-1.9885355393538737,0.117429728786,0.00669077226274688,4.6073460166,0.004825493642357942,0.2045389893405106,0.1467939446245403,0.11857153055851155,2.4887148671961405,2.6883412728420297,2.7857293893500157
LA1360,L,shade,low,amphi,2.975043386602283,-2.3132847788957096,0.27989452722,0.01103530697743653,4.5799487979,0.008045183080776269,0.15222730050100713,0.053398988514399365,0.036960790219756574,2.6723850746566367,3.0133682066172,3.056295121594211
LA1360,L,shade,high,amphi,2.975043386602283,-1.957366022638874,0.30595571512999997,0.012553434165856518,4.7885286862,0.006768613301341179,0.1938673620800237,0.0992214436466052,0.05564790250041211,2.540754561713736,2.855391582087749,2.996208567616254
LA1360,L,shade,low,pseudohypo,2.9121881408595187,-2.9795531890622713,0.063554636985,0.004203965551397258,4.2293832182,0.0029809868773665936,0.06982364212443301,0.040870646498593725,0.03221822180423379,2.9509886695275,3.0385704490339216,3.072207634545509
LA1360,L,shade,high,pseudohypo,2.9121881408595187,-1.8503976502445239,0.17768698956,0.00769744805353028,4.6643503648,0.005015633549884577,0.16010616775250908,0.09408153383510565,0.05906303871982008,2.655747982759218,2.8804562135736727,2.985589826956671
LA1360,M,sun,low,amphi,2.9197598799718425,-2.9760859060311367,0.122797575371,0.008678403854578508,5.1861629443,0.006851851048453814,0.16148058011177502,0.10845145027956994,0.07134607552547334,2.640659413800088,2.820805789907345,2.942297999344578
LA1360,M,sun,high,amphi,2.9197598799718425,-2.270302548314822,0.22670787419,0.01936692991002742,5.3295678928,0.013750200627310845,0.25149907767599455,0.18759373792717604,0.14005759348925453,2.3423449678042094,2.545674937330501,2.7094330247334195
LA1360,M,sun,low,pseudohypo,2.8543723521501687,-2.2999729606014925,-0.007690159644408,0.003865599295476895,5.2736250054,0.0034922119894115495,0.20922661228657902,0.14200940907798973,0.09581061197588289,2.4524858161618766,2.6840184892635337,2.8509054808774823
LA1360,M,sun,high,pseudohypo,2.8543723521501687,-1.7517747453343084,0.28560995567,0.015993147459723207,5.5863156372,0.01121263079037732,0.28763728167933816,0.225446130397574,0.1725076924531615,2.1865652046842277,2.400458356522414,2.5897981015863145
LA1360,N,sun,low,amphi,3.079196390382256,-3.0966047991374324,0.123604367158,0.02806531597619258,4.9256030617,0.02527070731996307,0.20121257648347549,0.1719517276632897,0.15499532219110956,2.526895778972791,2.617047089368132,2.673006707238027
LA1360,N,sun,high,amphi,3.079196390382256,-2.226701708630728,0.48807417343,0.0158800900408954,5.0920272075,0.008057736762106422,0.3357198403129679,0.2587859375077696,0.197201543302937,2.0584485600538756,2.3178552227562035,2.522980362969394
LA1360,N,sun,low,pseudohypo,3.066840752988072,-2.8949793386271128,0.29029010356,0.033161123444299306,5.3547576431,0.020353773380247853,0.1561898614625704,0.13962056836660627,0.12520244678378217,2.6601319556285867,2.7153846297513264,2.760616466978516
LA1360,N,sun,high,pseudohypo,3.066840752988072,-2.0690055620782473,0.57452060678,0.01492024353356924,5.4970875651,0.006892005969011407,0.26235810096452333,0.20745242762859967,0.1606234792167286,2.301309562686679,2.4880772467917884,2.643979666131958
LA1360,O,shade,low,amphi,2.957699112280317,-3.6800453000046467,0.039930422334,0.005696514461167307,4.4413382858,0.0051878790866978115,0.058063510299572386,0.046620967489494666,0.04237811417793619,2.9866375368431415,3.024143373786143,3.037156514738207
LA1360,O,shade,high,amphi,2.957699112280317,-1.4002191157668975,0.29523820855,0.01553191665974352,5.4766289582,0.009887320514435033,0.2636194488890239,0.14954494195755932,0.08329542777231161,2.291170220073221,2.6682856821800844,2.8966900120855796
LA1360,O,shade,low,pseudohypo,2.9450051767434005,-3.680846958030157,-0.029206234505,0.005128536094676649,4.5485878502,0.004888352121849152,0.048738745809367864,0.03943194384576197,0.03506218785141951,3.017387243828659,3.0462599465979796,3.0617718691641413
LA1360,O,shade,high,pseudohypo,2.9450051767434005,-1.5319300663315762,0.22004578097,0.015096871206148638,5.194867895,0.009000182998508499,0.21360821897724647,0.12307461156680401,0.06867101399023393,2.506052708329558,2.7756016013016804,2.955784259919729
LA1360,P,shade,low,amphi,2.824678126214525,-2.5254104394062753,0.055256261436,0.006206333802458477,4.7175233967,0.005112877061037192,0.1538978263536223,0.10869922866869909,0.08888611157826415,2.6615851731643376,2.8154034141519615,2.882267811748834
LA1360,P,shade,high,amphi,2.824678126214525,-1.7023259782427622,0.26931617619,0.017585701798334585,4.9385983148,0.011225884434034916,0.2534867698804627,0.1808800674645213,0.12856016388578564,2.322996509732087,2.5723673538900584,2.7474491720936745
LA1360,P,shade,low,pseudohypo,2.7897073177143072,-2.799202049569503,0.051751093078,0.009075682565764841,4.5775535742,0.007648709218588771,0.10261136721921055,0.07825360274192483,0.06425886463547457,2.8367095588440203,2.9209980300665066,2.959098259781349
LA1360,P,shade,high,pseudohypo,2.7897073177143072,-1.8593554684093139,0.11590073771000001,0.006533334268914501,4.8717388011,0.0051459033893303035,0.18750948925469552,0.13296524598631587,0.09132162159818039,2.536418225672318,2.7249605645464228,2.870693060809229
LA1360,Q,sun,low,amphi,2.9297741287922427,-2.761862063898946,0.174503605547,0.029181782186537292,4.9619914115,0.022709110029740503,0.21169156101400058,0.17470240125413208,0.14991181182423988,2.46924077813509,2.5900445098831097,2.6743235233285274
LA1360,Q,sun,high,amphi,2.9297741287922427,-1.8482318800138635,0.35136816447,0.01624261893140704,5.2207548594,0.010111788466743531,0.3384829408565098,0.2752206783410327,0.22648438333441281,2.0183269975258593,2.2378001944082198,2.4120788926751446
LA1360,Q,sun,low,pseudohypo,2.8746554820261028,-2.454235636335314,0.103134394077,0.01015037484060872,5.1612511094,0.009575386750614073,0.16124759751680295,0.1214034007569364,0.09429229997707325,2.627569290451702,2.757346804979444,2.8549839037707008
LA1360,Q,sun,high,pseudohypo,2.8746554820261028,-1.475173376828286,0.30416054598,0.008726834187820482,5.5036958366,0.005326203901750616,0.27916554723278797,0.22689035323095377,0.18192394192375713,2.178151176113272,2.3703554475695534,2.5410621338947004
LA1360,R,sun,low,amphi,2.9360451865445856,-2.134541989119257,0.127497949966,0.01036297783232911,5.1024575231,0.009705064885464054,0.2737016595719547,0.2150194890463046,0.16913059849528567,2.2569115714872368,2.4599920186702873,2.6171553493112816
LA1360,R,sun,high,amphi,2.9360451865445856,-1.6669056525791255,0.42013332344,0.019198207936456775,5.5105151765,0.012191552394134083,0.35221970706613615,0.28698033505585796,0.22817255605940873,1.9935540215793437,2.2313207961038093,2.429121792040133
LA1360,R,sun,low,pseudohypo,2.888817216722641,-1.9007518281931357,-0.057039029049573003,0.03184110423553176,5.4216549309,0.04856256329550764,0.21762918881665166,0.19065949114520642,0.1695512972311505,2.4176424045616445,2.521685671528882,2.5986624976357033
LA1360,R,sun,high,pseudohypo,2.888817216722641,-1.5569881987328855,0.36250111587,0.025898739656070244,5.7022097607,0.019737655876737585,0.2785086188882969,0.2527313072358579,0.22744641950592076,2.250947669807447,2.345664763271799,2.4347881563403324
LA1360,S,shade,low,amphi,2.9160052180659997,-2.3266523857232815,0.077884935587,0.0046385194973126,4.8581713548,0.0038486506775147152,0.12787219880129683,0.09139028194453366,0.0700487059249361,2.755609324380208,2.8768383117326675,2.9490029815372902
LA1360,S,shade,high,amphi,2.9160052180659997,-1.4907492733718748,0.149746980699,0.021352164389867,5.4382240668,0.017697882891273494,0.2163007436574001,0.15752241090505337,0.11109393746116038,2.448924974345542,2.6504305687508576,2.807522400590679
LA1360,S,shade,low,pseudohypo,2.888115884162084,-2.2458087194408702,0.065364363898,0.003282537607457141,5.1982770564,0.003860499072092201,0.1319443523211329,0.11287052157574962,0.099227650248813,2.7268476184289128,2.7926549043293676,2.844017109409127
LA1360,S,shade,high,pseudohypo,2.888115884162084,-1.6361157288706838,0.120037257337,0.009262675082761625,5.424225028,0.008788973659538651,0.1796976257975799,0.15071730781311796,0.12844343382856177,2.5597729726267344,2.659332737239375,2.739727086386712
LA1360,T,shade,low,amphi,2.905785441272121,-2.1669880227491145,0.0401325839288,0.011171691872384424,5.0452619263,0.009418109206708523,0.19384212007077478,0.10357728917308201,0.05306412053033434,2.5191340594722305,2.834417040697249,3.0040173831234163
LA1360,T,shade,high,amphi,2.905785441272121,-1.724619671225402,0.109592557681,0.008044957586019023,5.2690464178,0.006684810159937055,0.2631860883580159,0.16537524019794442,0.10110830204536696,2.323398965729611,2.6374185621561166,2.856987579711638
LA1360,T,shade,low,pseudohypo,2.8785140221616587,-2.059354791939554,0.101218018409,0.012766657247083054,5.0701638477,0.009391065051815055,0.16864555369601064,0.10050282238472168,0.061794180415364726,2.612409339569769,2.844512930828395,2.9760583154627613
LA1360,T,shade,high,pseudohypo,2.8785140221616587,-1.4199369737130096,0.095596186017,0.019864012419269186,5.43004804,0.017550923763113374,0.2486737976828664,0.1654936606941964,0.10865513085669012,2.3741215590912956,2.643329311504699,2.830076767222138
LA1360,U,shade,low,amphi,2.9435257607996053,-2.287343446256925,0.26508814359,0.024285264673938173,5.2864838967,0.013672404109879226,0.1566119781948213,0.0724132199059403,0.03059754582151716,2.6670381201096194,2.952006237501062,3.0779288075720954
LA1360,U,shade,high,amphi,2.9435257607996053,-1.5481377277246127,0.25202795306,0.016259774536244772,5.6457252587,0.011263191512475105,0.2507164792173579,0.14783111682658304,0.07854100739329571,2.364534641264114,2.7157506669510054,2.927796204716654
LA1360,U,shade,low,pseudohypo,2.927043090923799,-2.2572522248812015,0.29866148632,0.0250419297363766,5.3111104706,0.012770266076963776,0.14490251224984488,0.06304911968931685,0.02535645271216783,2.706704224086417,2.9891543231806086,3.0961262258628666
LA1360,U,shade,high,pseudohypo,2.927043090923799,-1.6107275327262431,0.1900097658,0.01137746602238291,5.5787934978000004,0.007489187740296297,0.22325148994402216,0.11571577980493145,0.054329846027972445,2.470164894874231,2.826263080435157,3.0176903737800727
LA1360,V,sun,low,amphi,2.898768874308901,-2.287257364787211,0.089838842864,0.0075959053383381926,5.132020479,0.008445507881698943,0.22346761993350867,0.17312375661994123,0.13909299762883806,2.4237863061364378,2.598722890588371,2.7149207166157807
LA1360,V,sun,high,amphi,2.898768874308901,-1.6610492842729345,0.147075944657,0.015469913009840588,5.1612056431,0.012415709494810679,0.31935951450251227,0.23882092096598778,0.18144666474599316,2.110650168901228,2.3787870093250243,2.577985005758898
LA1360,V,sun,low,pseudohypo,2.8460648862168685,-2.178487693104283,0.040115484663,0.005299445286384274,4.9724938142,0.005351799745139057,0.18262772425993862,0.1415838134252381,0.1160109673683409,2.550127200512065,2.6908765058983612,2.780760508564537
LA1360,V,sun,high,pseudohypo,2.8460648862168685,-1.6984776095067713,0.11594906856500001,0.015114779450839692,5.2572636526,0.015443611672778251,0.25078568284579483,0.20853780043739795,0.16970784519703155,2.34452034748604,2.4851181484098124,2.6179853238080777
LA1360,W,sun,low,amphi,3.0183890477920317,-2.761452855148071,0.116301396786,0.017039785543595393,4.6889618862,0.014411505980525974,0.15766571137805838,0.13122033599179886,0.12143834249742921,2.6384941972814726,2.733540348351494,2.767174451343877
LA1360,W,sun,high,amphi,3.0183890477920317,-1.8188922373756788,0.145007570225,0.012568292034911771,5.0307372608,0.010688331232073148,0.2722234448973207,0.21163215376228625,0.17021956976236818,2.243438476231547,2.464249916215963,2.603544781406089
LA1360,W,sun,low,pseudohypo,2.9841613195008185,-2.098356446174013,0.065010185658,0.01245751563008044,5.0752038962,0.012770934145404231,0.15674430768900802,0.12365929692909897,0.09751798373077084,2.6272480527710145,2.7448392186472494,2.8361484281589764
LA1360,W,sun,high,pseudohypo,2.9841613195008185,-1.3154471669615027,0.32562530588,0.011296886021564749,5.2102798708,0.008527985173605116,0.2455375750198829,0.19864774234317062,0.15806083844811916,2.3142577898213847,2.487458757665358,2.630888532252719
LA1360,X,sun,low,amphi,2.9274536383766985,-2.6348705325792228,0.118497083469,0.00795304108157166,4.7096867346,0.005239603616116102,0.2125262374398982,0.16750445532223202,0.14785090087846833,2.4752700595354966,2.6272157726732868,2.69333982914471
LA1360,X,sun,high,amphi,2.9274536383766985,-1.8313581545866016,0.22435725813,0.03481107090607041,5.0251141014,0.02663685611978795,0.33589238542998984,0.2443099985005524,0.1686919725805191,2.0615332359183243,2.3697022714865694,2.61748332877018
LA1360,X,sun,low,pseudohypo,2.88380819192133,-2.49866589711735,-0.15093833466,0.009656949597780379,5.0402901111,0.012492815019462864,0.15318128884617918,0.13626735880168844,0.12762818730322964,2.645217932921084,2.7054152684076573,2.739276183468709
LA1360,X,sun,high,pseudohypo,2.88380819192133,-1.7997784737925324,0.24246694322,0.024000966770922522,4.992846163,0.01789255717115622,0.2515382283276389,0.20010087861461343,0.1612877633868232,2.3906810018805067,2.533112841132981,2.6584982124802696
LA1364,D,shade,low,amphi,2.9188176831429704,-2.035773084895316,0.28925583506,0.018291604794123343,4.7882687529,0.019309542907727677,0.22749347796687727,0.045235298491177175,0.04021474969575176,2.428993813148588,3.0331955292193418,3.047662510452791
LA1364,D,shade,high,amphi,2.9188176831429704,-1.318958133556316,0.26280975903,0.022829489322677626,5.7512568508,0.019101491223884465,0.33006948899492505,0.19683556413489806,0.10815319418334485,2.0738663467216885,2.5219010888036677,2.821616619850852
LA1364,D,shade,low,pseudohypo,2.841365045664669,-1.6224883251125146,0.46165782532,0.03319493835806218,5.3177245116,0.019599309275765125,0.2289714835674014,0.16059027330488657,0.05235743221766465,2.4066914818763334,2.6467769021525527,3.0090405859404536
LA1364,D,shade,high,pseudohypo,2.841365045664669,-1.2558158941882707,0.51790268108,0.021592563464053968,5.3157555602,0.010494474831079263,0.272975391440146,0.18366258040140335,0.11369712069227296,2.257496777760674,2.568577993053184,2.802543623953975
LA1364,F,shade,low,amphi,2.944130547251573,-2.7087822344659567,0.17715482879,0.00979651906966061,4.9766990708,0.007461564170167863,0.17085429172634312,0.06507829155684114,0.04380008609596544,2.6032240255834305,2.9633032925141443,3.0348049258145173
LA1364,F,shade,high,amphi,2.944130547251573,-2.09796593894729,0.3967279838,0.01857041258442089,5.4950480083,0.010441037327394879,0.24888171003493176,0.14428853185968651,0.07976399857667728,2.3214390441147,2.687554974108248,2.90750353591212
LA1364,F,shade,low,pseudohypo,2.8804889731348373,-2.9053806135873406,0.022149397168461,0.019544926032979245,4.8517078423,0.01600011568406567,0.10241196887689458,0.06908220481275824,0.04732309842364933,2.848529771320521,2.946772148907871,3.0225003982606116
LA1364,F,shade,high,pseudohypo,2.8804889731348373,-2.253140402284848,0.26622782,0.015612086843455712,5.1251786652,0.009005663317026052,0.1621127289542515,0.10517670193743117,0.06603145043412507,2.658325543743665,2.8277213187533716,2.9566968926867854
LA1364,G,shade,low,amphi,2.793267729152608,-1.2032563616434753,0.60069658073,0.00715145519511616,5.2718519467,0.002890491866904628,0.26518820840609697,0.14634095967628344,0.093355916024455865,2.250251047715879,2.6843494073212053,2.8655969137262787
LA1364,G,shade,high,amphi,2.793267729152608,-0.8736866104554515,0.38071213227,0.01283513074013217,5.4958049836,0.007469405873798696,0.29942582098263054,0.22275499188029121,0.16883435571076136,2.1248077740811793,2.4065462997605924,2.601869179439867
LA1364,G,shade,low,pseudohypo,2.6754780358381214,-0.6974550226151885,0.62081881537,0.01152685623675065,5.2722169669,0.004600550860296247,0.19561643683816526,0.10446523539983721,0.05179365130874922,2.4805352478368823,2.8478614955736474,3.0034636211012367
LA1364,G,shade,high,pseudohypo,2.6754780358381214,-0.404871141378385,0.40074937947,0.019979183666095374,5.1802439686,0.011449484837075774,0.2256798790244601,0.16533117835857286,0.11630907700311927,2.395650449594233,2.6198739048626516,2.787778977390272
LA1364,H,sun,low,amphi,3.1163221353276978,-3.2097487468342103,0.15248898277,0.015866625736142503,4.8619005932,0.010566706859468911,0.17014685244720534,0.12170941876694572,0.08796159368240085,2.611435273117915,2.7718125358248313,2.8847063535605466
LA1364,H,sun,high,amphi,3.1163221353276978,-1.8443577112042246,0.27184487511,0.00848311698025921,5.631475892,0.005361955285970297,0.3562081018686914,0.2500799807324609,0.1641002233865319,1.919056688252892,2.309163500746373,2.6121185487567407
LA1364,H,sun,low,pseudohypo,3.0298488511353554,-2.549633144614963,0.11883376377,0.011745334576130943,4.8442075854,0.007938156879238803,0.17774162336390129,0.11090383683492266,0.06585339629789547,2.575794174295942,2.801776820115666,2.95637355235485
LA1364,H,sun,high,pseudohypo,3.0298488511353554,-1.56262850528865,0.43648483206,0.010656534570673493,5.5509826467,0.005757006854351506,0.29848651152353745,0.21860822598187854,0.14644492408626067,2.1088128940571913,2.41671303012801,2.677920551993142
LA1364,J,shade,low,amphi,2.818896170219413,-2.1976356934660886,0.21351795964,0.008756664170141244,4.8756213816,0.009248152499096657,0.17296362427671808,0.04196475406605397,0.03670636399408824,2.6071242150880782,3.0403416838129407,3.056613051034656
LA1364,J,shade,high,amphi,2.818896170219413,-1.5280618005208626,0.43983270435,0.01606429564761486,5.2248769414,0.0125433101001903,0.24613148219207892,0.06446072596325349,0.047707900320116514,2.326281726004073,2.956312185844725,3.0136542320136726
LA1364,J,shade,low,pseudohypo,2.8144668855684283,-4.2358864903148925,-0.096975661281,0.016552086153892275,4.5083338959,0.017450836451012114,0.07274282179747467,0.06762523198523857,0.06446444283165464,2.936596513548289,2.953534234442038,2.9672613556874547
LA1364,J,shade,high,pseudohypo,2.8144668855684283,-1.7534773379613646,0.41062252294,0.01742148747176745,5.1747556824,0.00905325816693125,0.1849854532206919,0.1286457252977362,0.09716643812108734,2.6186304253440955,2.7631294169356884,2.8642667733556846
LA1364,K,sun,high,amphi,2.9870066642711945,-2.6886770194483907,0.17935560775,0.011388766681345147,4.7740945328,0.007675013469928756,0.29197370574829984,0.22459912757726008,0.18532779240851155,2.166166897024202,2.400769612748055,2.5377410168106334
LA1364,K,sun,low,pseudohypo,2.891331023944568,-3.5724965923576533,0.088602121361,0.019007131094599113,4.9329044588,0.0120965890687847,0.10939873451734734,0.07778664045506295,0.05595769341948781,2.8186648863984867,2.913171807625445,2.98949640977617
LA1364,K,sun,high,pseudohypo,2.891331023944568,-2.426850969523034,0.20491583776,0.011898895582509112,5.1507157425,0.00806882681760343,0.23478344621086145,0.1621865549843448,0.10695978593572908,2.3683700225563795,2.627014147130212,2.818367084784292
LA1364,L,sun,low,amphi,3.040639356791134,-3.926607309611551,0.129694030323,0.012834095258234642,5.2355260857,0.009526651761955968,0.1444286113490582,0.12283170763649028,0.1153738925104845,2.685334562549648,2.7660747394646665,2.791334409080215
LA1364,L,sun,high,amphi,3.040639356791134,-2.8649436135498947,0.2542787465,0.015895138985778115,5.079426422,0.0108235673819905,0.27123073522508406,0.2200527095418707,0.17930635009350468,2.235461045890888,2.418135500828655,2.5632676223069883
LA1364,L,sun,low,pseudohypo,2.936738120523335,-3.402032915210081,-0.048125738089259996,0.020423675172540807,5.4720303025,0.019433019777196855,0.13613415381001903,0.12208359830785313,0.11237869212082169,2.7092337043777004,2.761755838063289,2.795228053106724
LA1364,L,sun,high,pseudohypo,2.936738120523335,-2.8135861261196546,0.27076893644,0.011910991190232539,4.9734196121,0.007258478447459638,0.1998288591100103,0.16305129465516405,0.13247378300200197,2.5063559725820275,2.6265698696239714,2.73477467489211
LA1364,M,sun,low,pseudohypo,2.8350554367367424,-4.271386448317507,-0.068848359436,0.01210782264217229,4.4901683807,0.01077666401779372,0.054639597808602024,0.044122183422384983,0.03912526360305817,2.9975547748188762,3.0223131187719483,3.04570768933572
LA1364,M,sun,high,pseudohypo,2.8350554367367424,-2.2468440328382653,0.15864347763,0.011195810955142908,4.8373721838,0.00682211914490392,0.22863410253998814,0.13920754626423104,0.08039456670145738,2.4091035417696536,2.7184351832535887,2.9063164122253857
LA1364,N,shade,low,amphi,2.9672335004216768,-1.9722009658489674,0.14057322344,0.010691451937475673,5.0162853572,0.007839126149465601,0.15207266457885105,0.10869297965476611,0.07464512977347042,2.699792807970645,2.827084513919691,2.936842824079673
LA1364,N,shade,high,amphi,2.9672335004216768,-1.3249534897443371,0.24469126775,0.005436640267722985,5.4104917498,0.0035686485943575413,0.22230960090343524,0.17293988164186552,0.12962499474930816,2.466917620269238,2.628370639444509,2.7661559604541965
LA1364,N,shade,low,pseudohypo,2.9241485652011314,-1.6559763483238406,0.34812613925,0.017031602974008474,5.2897342243,0.010211877374352299,0.10523337110483699,0.07970820366150289,0.059795799192991696,2.834046457291755,2.9147298525629104,2.9822806061574014
LA1364,N,shade,high,pseudohypo,2.9241485652011314,-1.0944439202316336,0.17526958335,0.014956277232001257,5.3201369618,0.010801221968583711,0.1558776946038031,0.12486711165214177,0.09908203386927246,2.678859504387691,2.785970406306291,2.8634763482297365
LA1364,O,shade,low,amphi,2.850062815488969,-2.587382262240062,0.38710500359,0.01581078867964448,4.950496753,0.0074962880283480915,0.18470082200765195,0.08739759966225169,0.04699684845273921,2.5374376602976856,2.8896121257096676,3.0226625364375255
LA1364,O,shade,high,amphi,2.850062815488969,-1.7232857893965123,0.30101534662,0.013776735685723508,5.5757936876,0.009500318971141924,0.30278941335397236,0.19015955749762437,0.10733939930297985,2.122515710053137,2.5374523851841175,2.819349284043023
LA1364,O,shade,low,pseudohypo,2.7932417937176925,-2.6627810592899834,0.161627821,0.008933070285075027,4.6180239636,0.005882075147952571,0.1340987326962935,0.06946654518697101,0.04043129338163016,2.7299709332159283,2.953212115830236,3.043357340085025
LA1364,O,shade,high,pseudohypo,2.7932417937176925,-1.8099074245629143,0.33521463781,0.019950089878184814,5.4589867228,0.011717288801593156,0.23901120041872562,0.14464845495475182,0.08019692274662932,2.3717822210605375,2.7195779906222812,2.918162146352653
LA1364,P,shade,low,amphi,2.8913745122605947,-2.6867666629357596,0.32001544348,0.04955442553285747,5.2430750683,0.03553409388789643,0.14782807733507727,0.07384612786484337,0.04963692423116415,2.6825531920239003,2.934608527293248,3.0139806603232464
LA1364,P,shade,high,amphi,2.8913745122605947,-1.7488188752926277,0.012122588169252711,0.014573712312665368,5.632219387,0.015605203700387283,0.2611234305174066,0.19606492911000947,0.13857960948267237,2.28185029682497,2.519523929697215,2.7194463416903982
LA1364,P,shade,low,pseudohypo,2.8372089507959526,-2.7734209641177463,0.271929630169,0.03701518671547034,5.0091927879,0.06375710887020973,0.10063031026030315,0.07767543837376656,0.05656216918958016,2.836795540897371,2.9183486775625216,2.9863464555265824
LA1364,P,shade,high,pseudohypo,2.8372089507959526,-1.6952365024526148,0.051094316127,0.009425862644594085,5.6107867083,0.010891600093008698,0.21117949415912057,0.17013413465466373,0.134018529951056,2.475309319685156,2.6226565667394413,2.7421915420834977
LA1364,R,sun,high,amphi,2.986262965243044,-1.895847199267402,0.34706659688,0.0063391866098473516,5.5415587378,0.0038029254938511284,0.3280211339358415,0.24368326242807836,0.1697891321118905,2.0188593249331017,2.3263596851649804,2.597538367362321
LA1364,R,sun,high,pseudohypo,2.958285785586471,-2.372287758125443,0.0301773878015,0.0054658024880036805,4.8677133655,0.004849188707741019,0.20548417886648268,0.1519265344059263,0.10797403290631503,2.5224167442195253,2.6764890841465068,2.8276144780108976
LA1364,S,shade,low,amphi,2.911880217682242,-1.8652264536300684,0.215446863092,0.032957122151545504,5.4548621762,0.02480691525251134,0.2653079984059443,0.15605400416416246,0.08384672852432172,2.2679255600846626,2.6658437915421627,2.9044951698375407
LA1364,S,shade,high,amphi,2.911880217682242,-1.4968473058933267,0.3479824626,0.021157773856162708,5.4953039244,0.014636931391953639,0.3281239144056387,0.2500598101595047,0.180515400621646,2.087897093107159,2.355560656090442,2.594265469381804
LA1364,S,shade,low,pseudohypo,2.8365561197547304,-2.126046436078082,0.22481069133,0.019091198730064023,4.870550515,0.01134775394587189,0.17257750089655044,0.11685607222468698,0.08083510712748071,2.626504251841955,2.8032693513674185,2.9123633264838853
LA1364,S,shade,high,pseudohypo,2.8365561197547304,-1.344126106307526,0.086600206922,0.011781059578302737,5.6732864276,0.012719296136508762,0.2663871853792778,0.2153120420807515,0.17304913190892773,2.2991776338583056,2.4808598481441146,2.627155196407016
LA1364,T,shade,low,amphi,2.787481000079864,-3.562311777965312,-0.04443324975818,0.018529265526791544,4.5450961218,0.01582477708743008,0.04290239832538483,0.0343246120054123,0.03094566502438992,3.033826946918358,3.0616538373236324,3.075311651286445
LA1364,T,shade,high,amphi,2.787481000079864,-2.825768436393103,0.022991029284585,0.010914143083492105,4.4906927142,0.008696675933576687,0.07216199801950848,0.055719877160589584,0.04939725239503227,2.9497437541679075,3.0002983954477176,3.0261857983983744
LA1364,T,shade,low,pseudohypo,2.7303626733611215,-2.1530337707607736,0.36088262693,0.028805403622238136,5.1086943406,0.017609814618926137,0.10791789100907569,0.07093711492078818,0.046520141492284055,2.8260294820406386,2.9381460684685026,3.0207727032824865
LA1364,T,shade,high,pseudohypo,2.7303626733611215,-1.690732786350346,0.35982399433,0.056535918446073107,5.4130468302,0.0363802589366005,0.14964188237227175,0.10629853622253688,0.07396631006850049,2.681945391793723,2.827722894366307,2.934602631926637
LA1364,U,sun,low,amphi,2.8044911539431667,-3.1362579184769452,0.00509544367222,0.004961946515297454,4.5768581782,0.0044971852346083275,0.1477312216865913,0.12054740226595985,0.11268984188941683,2.682769145241007,2.774671369767511,2.8025619466599814
LA1364,U,sun,high,amphi,2.8044911539431667,-2.111660407767255,0.093246962584,0.007012031379144454,5.0647515491,0.005689056840619076,0.28402164681431263,0.22536822820665817,0.17840685212418725,2.2022077672319647,2.4079400280363217,2.570300663585275
LA1364,U,sun,low,pseudohypo,2.7477685154242932,-2.6299856359676785,0.007625677466269,0.0066186956052762145,4.7723537893,0.005874587615130374,0.14878605387490865,0.12329537907004814,0.11055771674781602,2.65439905517444,2.7469005248667027,2.7944180368397618
LA1364,U,sun,high,pseudohypo,2.7477685154242932,-1.7106965217571117,0.13335696761,0.0075763706836928894,4.949433333,0.005704842708931145,0.2539647167559077,0.21332474623670103,0.17642932484429155,2.2746804746494753,2.4235606753637096,2.561677435448886
LA1364,V,sun,low,amphi,3.076594224799495,-2.6725740763483743,0.2531501561,0.013417858636296605,4.9318412867,0.00812996274607858,0.1669822267066893,0.10934797114469219,0.07052215236103541,2.632993793667063,2.8207450994932026,2.9510269362386854
LA1364,V,sun,high,amphi,3.076594224799495,-1.705895983470977,0.38291681549,0.012432314509194211,5.5040315032,0.007013514460338353,0.3032110605811033,0.19306385096265694,0.11099972911791528,2.1749107997340325,2.5507882599831984,2.8198980979637356
LA1364,V,sun,low,pseudohypo,3.006044230873062,-2.4655139273596203,0.23808494027,0.01689609262977918,4.7994272211,0.010386972167225988,0.13199915901964487,0.08923818396605698,0.06801192896978138,2.7219670134188623,2.8851729537070674,2.951148769552417
LA1364,V,sun,high,pseudohypo,3.006044230873062,-1.42907089717233,0.34941554504,0.021794618813550614,5.7046618449,0.012940789069630133,0.2521736412633024,0.1677367076979696,0.10094161993134709,2.334680093412586,2.628884950305844,2.863139425831553
LA1364,W,sun,low,amphi,2.7429277659509146,-1.5190308419212777,0.30677653344,0.015476813865074802,5.1522651581,0.009236974922575839,0.20810156755313203,0.13912669689625695,0.08989232066284683,2.500205380622448,2.723506277382012,2.885390443818435
LA1364,W,sun,high,amphi,2.7429277659509146,-0.8042572663764026,0.47170753683,0.03161158636674264,5.5737438741,0.016284398139829286,0.3001745619827273,0.22025370021198043,0.15931139420622265,2.2075836525832884,2.4621236036051033,2.662900537905027
LA1364,W,sun,low,pseudohypo,2.7257340882079406,-1.3926797233116803,0.25986583285,0.015428969824271908,5.1297183382,0.01063013956205794,0.172540061606008,0.11185398881704624,0.06847953331053076,2.5965751164012127,2.8019502788777655,2.949374150018735
LA1364,W,sun,high,pseudohypo,2.7257340882079406,-0.6029003468819184,0.31734369278,0.024871295084162186,5.5998298515,0.017541952885734326,0.2560588302985191,0.1924380258420353,0.13659008724080873,2.324793894627248,2.54118562037584,2.7267579347305104
LA1364,X,shade,low,amphi,2.684003948322132,-1.9508622632938881,0.40030775744,0.05800839229400955,5.6579206055,0.0394041751441566,0.21850023987938208,0.13976826441014,0.05471819567810335,2.4293996661742288,2.714302324293662,3.001220957572952
LA1364,X,shade,high,amphi,2.684003948322132,-1.5028982037390048,0.44364467537,0.022289931528734253,5.7438212217,0.012955280170510248,0.29074647925549923,0.17279744630160515,0.09619645839197291,2.2209193428435636,2.627437104773604,2.875351601883128
LA1364,X,shade,low,pseudohypo,2.627206432421032,-1.7403944677885013,0.40315613017,0.05134392665735801,5.8241364854,0.03932252004616858,0.1868418086833812,0.10579560699779647,0.05548838144552726,2.533228227778427,2.8291475990631154,2.9964763251579063
LA1364,X,shade,high,pseudohypo,2.627206432421032,-1.2443032682511639,0.40861091499,0.019974783985358978,5.762044942,0.012306519361111866,0.2580305721691381,0.1684022117680653,0.10403638316477314,2.384765788875404,2.6453770658525473,2.852917123829061
LA1589,B,shade,low,amphi,2.7783728323335857,-3.3444654381706935,-0.29773986412,0.02671391022034251,4.7758306543,0.03693355728125615,0.0821431949463214,0.0709262731297152,0.06808190868570009,2.9089981013660413,2.9437026969086464,2.9539166271537187
LA1589,B,shade,high,amphi,2.7783728323335857,-3.019897735287647,-0.114317828871,0.015454762551933924,4.2093579481,0.015783512238479715,0.09474762857315623,0.08594602628178327,0.08355464018714245,2.8604045266521583,2.8894088983113306,2.897461510306815
LA1589,B,shade,low,pseudohypo,2.7862388018757827,-3.3725575218224715,-0.086409037337,0.009781434371734348,4.6008102329,0.01013010064189111,0.05761053947283923,0.047221891892776646,0.041656839213833986,2.984284977387799,3.0214844094887634,3.0405198161787474
LA1589,B,shade,high,pseudohypo,2.7862388018757827,-2.708298064363552,-0.082765495035,0.011965056378778574,4.3068354207,0.010599951261674343,0.09525804931747946,0.07429135512759062,0.06633189607502184,2.858529378747261,2.9283502253751483,2.9542528851116074
LA1589,F,shade,low,amphi,2.813126025861223,-1.6320424620467389,0.30122138791,0.01074332748261608,4.7677210311,0.005935712695557877,0.2209720844442265,0.09663723538590917,0.04910488584187052,2.43302161398015,2.854080208245625,3.012955015260872
LA1589,F,shade,high,amphi,2.813126025861223,-1.3915367073426377,0.36198266696,0.011777045650445185,5.1858099338,0.0067741473441768375,0.2477268878072201,0.1686985917344518,0.1130891088256362,2.3255374195641223,2.6051526795119315,2.7918987311841716
LA1589,F,shade,low,pseudohypo,2.807488854904063,-2.1896673701851537,0.089873139997,0.01086774077757659,4.4946567087,0.007617818258925599,0.1380302752535098,0.07897932868751463,0.05014179909076512,2.721854590230405,2.9215197430566326,3.0128988579276266
LA1589,F,shade,high,pseudohypo,2.807488854904063,-1.3884299964923394,0.17553510678,0.010094015909315225,4.7981758146,0.006785361133745371,0.2183293432343075,0.14610304579128797,0.09222389082771251,2.4233794222164766,2.671953200986338,2.8593746348714744
LA1589,G,shade,low,amphi,2.861845753815009,-2.832093835701334,0.105998472204,0.008530160624405798,4.0166621248,0.006002368615783658,0.15515112737962414,0.09892473671700147,0.08790411829937328,2.6657901716233026,2.8469624010078913,2.8850735578522255
LA1589,G,shade,high,amphi,2.861845753815009,-2.1968127001754802,0.120807096535,0.011070868820423675,4.1486151757,0.0077484328085444575,0.23039139085304514,0.18564900090091796,0.17419537609799246,2.388410358350433,2.5407760647490614,2.582236926205365
LA1589,G,shade,low,pseudohypo,2.838932283647367,-3.148253080363755,0.090469011149,0.011076966664280426,3.7610652006,0.00849799083540681,0.10880968759657988,0.07880316336236441,0.07248954701341914,2.8074107382276634,2.9082412831611095,2.932786747497694
LA1589,G,shade,high,pseudohypo,2.838932283647367,-2.117874938713536,0.1713481911,0.01765782100040046,4.0668832084,0.010495199218376113,0.21296292221629742,0.15568013516073512,0.1435044894932092,2.4597625320549628,2.6536329280062096,2.6915914616061385
LA1589,I,sun,low,amphi,3.0532328202516865,-2.157623042032729,0.20546090604,0.02130526292629648,4.293013993,0.012628788510469773,0.2253830364719635,0.1258898193457831,0.08440358896142601,2.4326109143857053,2.7612410668156926,2.8979211628370907
LA1589,I,sun,high,amphi,3.0532328202516865,-1.5855238697502956,0.34128829462,0.012005495089535414,4.9244964209,0.006735315472450171,0.300921056225979,0.2103658209722794,0.14010218668671717,2.1432711357733782,2.459002088378675,2.7010615789017156
LA1589,I,sun,low,pseudohypo,3.0361466328005715,-2.164747490576206,-0.139061438284,0.03542005165612921,4.3327589899,0.02887574374555132,0.16780670275566625,0.10105295971328536,0.07789083753328951,2.6162350225169986,2.8302058496776352,2.913790727753918
LA1589,I,sun,high,pseudohypo,3.0361466328005715,-1.5053128318864,0.24574068656,0.01699294917472072,4.8137593174,0.009651433169046642,0.24318495540483256,0.16677577592749315,0.10883665932506713,2.3324084676928987,2.602512949174724,2.8026777974372767
LA1589,J,shade,low,amphi,2.8713306031503634,-3.0346477066389212,0.094423237554,0.01021468189829914,4.121658654,0.007497014838537627,0.09481746020163737,0.0778921714736664,0.07369941971738114,2.8755379664710783,2.92600913547797,2.941397371505881
LA1589,J,shade,high,amphi,2.8713306031503634,-2.462234703502293,0.14091797535199999,0.027991897931211474,4.2585915135,0.018674501113159454,0.14186700028648558,0.10044542581496468,0.08792327886174552,2.7188859958520473,2.850168253440784,2.8916420942683243
LA1589,J,shade,low,pseudohypo,2.876250347620331,-2.6700529608413346,0.123935178715,0.010786068537839102,4.0713855594,0.006961399272185057,0.12210787187471811,0.09944808911525117,0.09623039165990761,2.776649244969094,2.8495672375158234,2.858532253549689
LA1589,J,shade,high,pseudohypo,2.876250347620331,-1.5780683359331715,0.19725886054,0.0267088160662525,4.4397531815,0.016317833048457905,0.23067490283182276,0.16624140757193945,0.13832825078880398,2.4271970347873064,2.6318214798978596,2.725602840792618
LA1589,K,sun,high,amphi,2.8867956634176393,-2.2298984066350562,0.3264075651,0.014481293782386192,5.1007555008,0.008798281436589579,0.31737787233033576,0.20888001409791415,0.13199534685969008,2.0832305772368898,2.460435598311001,2.7275795736314397
LA1589,K,sun,high,pseudohypo,2.8037178262683993,-1.908556873009342,0.084104678325,0.006177990247434108,5.1543814215,0.005143276894076071,0.2863021427681339,0.2013916832785893,0.13537431717866616,2.175656592368215,2.491764500061031,2.7206791938207786
LA1589,L,sun,low,amphi,2.908006416389534,-2.6675025024972427,0.48221161843,0.012329207478599367,4.9090705525,0.005917701104357523,0.210392139702702,0.14194174467891485,0.13058987150010057,2.44160484327263,2.6997871532817013,2.732386628591391
LA1589,L,sun,high,amphi,2.908006416389534,-1.895773874716093,0.20535077857,0.007882096033730102,4.7674194417,0.004998373353895851,0.32040453914819794,0.2383632234360037,0.19146742168467928,2.044903804191441,2.3568809467703957,2.5264485403145396
LA1589,L,sun,low,pseudohypo,2.809030034043244,-2.1857121275728715,0.098563095628,0.01120547810555738,4.7167548722,0.008827028474322127,0.17287576022654225,0.13021236677297593,0.10517140645598691,2.595934491946985,2.743397657298592,2.8208309421098017
LA1589,L,sun,high,pseudohypo,2.809030034043244,-1.2385301976315999,0.27245554515,0.016136480713937088,4.8258810263,0.010508312227935458,0.2816003973181072,0.20974843826127917,0.16517469167923451,2.2007744051047036,2.454350487366881,2.6130225245933
LA1589,M,sun,low,amphi,2.841450146380319,-3.0681287495134413,0.53023041742,0.024486071751275554,5.5997064226,0.014446988828971738,0.21428801024107336,0.18899878258726766,0.16705021221854532,2.455133068769479,2.5413074991132167,2.616356507801016
LA1589,M,sun,high,amphi,2.841450146380319,-1.9986594204411732,0.34497321432,0.006169893110623447,5.110057518,0.0037167210740568428,0.3718922418916962,0.2904133563282443,0.2254959627776547,1.869158581900258,2.164954930422221,2.3980544303366704
LA1589,M,sun,low,pseudohypo,2.795217826676328,-2.9448625744060344,0.82950445136,0.046842072234511166,5.855461065,0.01886822676450206,0.16462736536467504,0.14717834495799598,0.12968562969265568,2.6087764609738637,2.6714528721580457,2.7318042270641185
LA1589,M,sun,high,pseudohypo,2.795217826676328,-1.8636408824262714,0.28440951166,0.011874616538379746,4.8675265289,0.006545070310684721,0.30270097869890233,0.2383897262564718,0.1909792774854354,2.1143386102656647,2.3532321090397814,2.530143472182079
LA1589,N,sun,low,amphi,3.0804427195690405,-2.883776315882915,0.24793710506,0.028791227624949147,4.4570566028,0.020241570291105408,0.20625348370458152,0.14949713463783293,0.12113227774283873,2.4858376918467306,2.6861002226930113,2.777295111133978
LA1589,N,sun,high,amphi,3.0804427195690405,-1.687441501826574,0.28078237028,0.02334183883960689,4.9331539765,0.01358151790786949,0.39290300591345373,0.29849825738514957,0.2195166010001073,1.8367211681095397,2.1735461599773758,2.456742256212821
LA1589,N,sun,low,pseudohypo,3.0192540054260686,-2.7003466814372463,0.122929794655,0.012174833773494547,4.4630272835,0.00895107655087125,0.1504844357600657,0.12085730566582573,0.10973070973919438,2.6722584301487777,2.7830374669191844,2.8144198948004737
LA1589,N,sun,high,pseudohypo,3.0192540054260686,-1.4095880989341625,0.26757049585,0.01205604147919538,5.0179040635,0.007331183752843438,0.30423080240218936,0.21434525327476883,0.14821588765046453,2.132915024744321,2.463423293904753,2.6953542335448653
LA1589,O,shade,low,amphi,2.949898133536238,-2.9232045398333844,0.03325572702131,0.0160823471814661,4.7617010129,0.01455132685929808,0.09264389246643435,0.06412755533268998,0.043474302965212305,2.869186834862404,2.9619474213013053,3.0338324747048224
LA1589,O,shade,high,amphi,2.949898133536238,-1.7445835454651246,0.21064115703,0.00677644289178645,4.8640451584,0.0036182315298683107,0.2085440223309037,0.12606886309176715,0.07502342923275912,2.481495175659888,2.7536952052957067,2.9276742035645436
LA1589,O,shade,low,pseudohypo,2.9501985509717983,-2.353832387240034,-0.016158013935036,0.010014648407946471,4.643217888,0.007594826977727526,0.1304472518130387,0.059048743545426025,0.03357495567049407,2.7576669609634723,2.978368014144709,3.067518279340387
LA1589,O,shade,high,pseudohypo,2.9501985509717983,-2.3204978154602,0.094460963205,0.00554220523511358,4.9081235443,0.004274278625779824,0.13834590669045477,0.09304240503618529,0.06394691524762709,2.7351718550645634,2.876664027961337,2.9732697111182236
LA1589,P,shade,low,amphi,2.896013260403791,-2.01138928692084,0.0333683427448682,0.034083899571585634,5.443796903,0.03582946314702547,0.2028497398921583,0.11203695657939874,0.059602547463090044,2.5093778283016537,2.8132487761166916,2.985013886275219
LA1589,P,shade,high,amphi,2.896013260403791,-1.1184843785985368,0.16427301454,0.014013321795368024,5.3637582793,0.011120538332556891,0.32395269274556426,0.23199839357630705,0.1555643909236029,2.095023475336557,2.4120192780670933,2.661233211857299
LA1589,P,shade,low,pseudohypo,2.879780819075844,-1.7896454172884668,-0.0328266158461398,0.024841841411696135,5.5407656152,0.030573070089537434,0.17895551269349005,0.09974255795097775,0.05345944461347606,2.594180263785539,2.8543562083552882,3.003551927190683
LA1589,P,shade,high,pseudohypo,2.879780819075844,-1.4654092201497468,0.092533764261,0.021626648372909996,4.977580588,0.015628701759474534,0.22446473100957004,0.1668851847992054,0.12764276695554852,2.497040979470604,2.638400736167015,2.7604349428544634
LA1589,Q,shade,low,amphi,2.966784863086031,-2.866709370837621,-0.01758436353468,0.00952941090310555,4.7609654445,0.011816790662415458,0.07012178929428554,0.056801288935023606,0.04908125274188895,2.944388999675284,2.9928060319015266,3.0202541595191756
LA1589,Q,shade,high,amphi,2.966784863086031,-1.5412187438933032,0.26565565379,0.011279617663184305,4.9239894645,0.007125034116258513,0.1748624937502232,0.10869498625727617,0.06973383294952974,2.6505725462111913,2.837763215532986,2.9602191720086597
LA1589,Q,shade,low,pseudohypo,2.950956137607531,-1.5988439628612414,-0.03996166303414,0.045384294580649576,4.8282575675,0.04485499830314956,0.16136152810057916,0.11182380343821474,0.07577398591724796,2.638053680972511,2.811060652636317,2.928066772262587
LA1589,Q,shade,high,pseudohypo,2.950956137607531,-1.1723120152194448,0.2016055614,0.013103224877548465,5.2052372081,0.009198172761266821,0.21522459958004886,0.15658441206117035,0.11521951428399028,2.5214321246321267,2.6750734568147205,2.812365442508489
LA1589,S,sun,low,amphi,3.0500871854090437,-3.4641251877628316,0.20357753958,0.021412239796804934,4.6983049709,0.012443438792983128,0.11285966054593412,0.08856359205931788,0.06958838767004914,2.803757965594323,2.8807702223304945,2.9457139586339793
LA1589,S,sun,high,amphi,3.0500871854090437,-2.5223056540660416,0.21859474817,0.00939448335151228,4.9695142862,0.006318904567888928,0.21310941821753612,0.13838928765475655,0.08696628448930538,2.4539220515995495,2.711438978919064,2.890224896255544
LA1589,S,sun,low,pseudohypo,3.0102112556085894,-3.173307238605362,-0.097459712106,0.0325484890633311,5.1097510246,0.0448152660866948,0.10559099670299746,0.09677492627100617,0.0903359794275369,2.8189360669323102,2.8415232333651343,2.8663179904058413
LA1589,S,sun,high,pseudohypo,3.0102112556085894,-2.031307013254754,0.16384902838,0.010792913083970788,4.5653385872,0.008131216329648097,0.22536128075205608,0.16239938035229087,0.11601009094688752,2.4153360148728393,2.6401709222838687,2.795773778110721
LA1589,T,shade,low,amphi,2.8243567667091365,-2.0208730034323774,-0.0827485603831,0.022244474596452055,5.0652690893,0.021962825084526114,0.1941555004288642,0.11240454257096186,0.07088002759378385,2.5403337941981525,2.81118118621264,2.9483527571637875
LA1589,T,shade,high,amphi,2.8243567667091365,-1.9681979753385566,0.124920501758,0.014038201780899586,5.0511341908,0.010317225391031503,0.20451620046562624,0.13319938788553473,0.09191671417746163,2.51755239988482,2.743836149190015,2.8817522753433193
LA1589,T,shade,low,pseudohypo,2.8083591647277113,-1.7678551125537323,-0.0033103882179289995,0.02154431817795317,5.0175190045,0.019246344283889435,0.18250576555256467,0.10754969108127904,0.06235219310043349,2.5471186270669994,2.8282257398042643,2.9722881865584103
LA1589,T,shade,high,pseudohypo,2.8083591647277113,-1.6546836582017572,0.22825311149,0.0070092583681304315,4.977099786,0.004748226731456418,0.2172312127627947,0.1389761967378476,0.08899864908280769,2.5580962674701,2.7460042888192815,2.9040316044201733
LA1589,U,shade,low,amphi,2.9187324885648653,-2.4876874272696687,0.035979638662479003,0.020808271469886844,4.9434907618,0.019273810778781056,0.14759496661810098,0.09800721191219396,0.07000577030401593,2.6850152373804983,2.853910029760739,2.9471747723746717
LA1589,U,shade,high,amphi,2.9187324885648653,-2.1147318714833805,0.142622142232,0.0092454295543110809,4.6396780895,0.006856618387766324,0.18551207032854597,0.1303902618480903,0.09637788160297575,2.550913545880915,2.7465649156820695,2.851694928407854
LA1589,U,shade,low,pseudohypo,2.8887620792368005,-2.440476291586364,-0.0276860844464,0.007463313618471265,4.7033283242,0.006788679548049127,0.1150428983015753,0.07050139947509836,0.045015177716679386,2.8001417789615703,2.9424667608884523,3.0282942120643113
LA1589,U,shade,high,pseudohypo,2.8887620792368005,-1.9254312314649324,0.19305211433,0.014682829323483446,4.7967190735,0.009715690230529338,0.16579438886115583,0.11278836216950876,0.07713065951110928,2.6288417922919125,2.8182488027272443,2.921115461562194
LA1589,V,shade,low,amphi,2.8702367243252778,-2.0069136331731596,0.083702794054,0.005614195689916756,4.8188230482,0.0039686943181363255,0.20012206828705917,0.11589706108615175,0.07950535270429852,2.5282822817703305,2.80033956899616,2.9176584446722353
LA1589,V,shade,high,amphi,2.8702367243252778,-1.8234989849393006,0.131062034161,0.014640345437982696,5.014998883,0.010451258113797218,0.21790613288579924,0.1498706408516358,0.10833110098977286,2.4549577627973456,2.68099882328676,2.817702671341382
LA1589,V,shade,low,pseudohypo,2.851054820392424,-2.007095841621178,-0.124012694531,0.025346039389968638,5.1959763467,0.03156903592550452,0.1531934920471222,0.09181103394966185,0.052808782757357176,2.676033159370972,2.876414564208556,3.0058892512943265
LA1589,V,shade,high,pseudohypo,2.851054820392424,-1.554706646126973,0.117101525212,0.01236270034521886,5.0903991983,0.009547564522752542,0.21215075206150194,0.1422951394729551,0.09150647772112845,2.523566666590587,2.7221264923252146,2.8897861512138245
LA1589,W,sun,high,amphi,3.0515253597914476,-2.000882577191993,0.15942732074,0.010285680863683894,5.063592784,0.0073439921200027704,0.3551680035542717,0.2731592676916463,0.19954629505155524,1.8705706165553397,2.1774696441070693,2.447513843376514
LA1589,W,sun,high,pseudohypo,2.964578629833838,-1.8830332746070588,0.17178842005,0.00994217932924004,4.7979747103,0.006896931864335408,0.2826259665306554,0.18940907861760117,0.12828275274158019,2.191390931639335,2.520570290311631,2.7383059640662903
LA1589,X,sun,low,amphi,3.057328286267319,-3.0110647176080763,0.17376294819,0.021923497805524418,4.8871069057,0.016700462240066567,0.2361660004258555,0.19838600927462635,0.16644908110372938,2.3982085772362236,2.5320027598338126,2.6305660001932303
LA1589,X,sun,high,amphi,3.057328286267319,-1.8525850930926135,0.30572419777,0.016567210057430188,5.0149009909,0.009725225797793334,0.42769831282494325,0.34129980755625977,0.25606199089803167,1.7276371231553789,2.0695127894773497,2.3425004475490008
LA1589,X,sun,low,pseudohypo,3.027237236966488,-2.568431355503433,0.28884541267,0.019205400485952102,4.6181257454999995,0.011053627282796668,0.20878881307601602,0.14108340812072273,0.11156263131484284,2.43069631907282,2.6936760382952927,2.8038869056862348
LA1589,X,sun,high,pseudohypo,3.027237236966488,-1.59900068746332,0.2035561915,0.015067266687110038,5.1351877674,0.010966753996371684,0.3512193232196543,0.25917229078205367,0.18375085876874767,1.9799843041634893,2.3250124143201587,2.588366827175553
LA1589,Y,sun,high,amphi,2.960545884595918,-1.529265234479754,0.14010638248500001,0.014897497177844905,4.7260552163,0.010786941576989732,0.37614628120353394,0.28706392558267746,0.23771366163189322,1.8896741160950452,2.187283927504155,2.359844139537523
LA1589,Y,sun,high,pseudohypo,2.8736948761570806,-1.5008707602255278,0.15255072035,0.012945258772414424,4.8157265757,0.009802862730231773,0.27284372594776524,0.20282377607041796,0.1408382617091836,2.256569407966288,2.514196772740542,2.7086233096275434
LA1777,B,shade,low,amphi,2.922889102804914,-3.1006410228988424,-0.030926675879,0.0028658333771134506,4.3381146864,0.0023307165001044024,0.13645107596292191,0.09927465828474383,0.08968086584527028,2.728323609071252,2.847033284932279,2.878183990641093
LA1777,B,shade,high,amphi,2.922889102804914,-2.2930375267174066,0.21084611719,0.012160740597100438,4.797637984,0.007712462226686242,0.23481618592442974,0.18266259534696117,0.15026474988060748,2.3816435480579354,2.5647850977499047,2.6753527651267763
LA1777,B,shade,low,pseudohypo,2.9056020571396486,-3.2144283140811942,-0.058271933694,0.012799506495345852,4.2767660309,0.010457411939221953,0.10721713747792491,0.0892566473145883,0.08274634925642782,2.798179873200155,2.8683486440831043,2.8946676954629535
LA1777,B,shade,high,pseudohypo,2.9056020571396486,-2.377972842508411,0.168116102664,0.015601030001400198,4.6623320389,0.01106962767441194,0.19103592201448433,0.15500234990089395,0.1370508470037499,2.5275740806784537,2.6488514833245227,2.713837863977037
LA1777,D,shade,low,amphi,2.833084381323442,-2.7722987414974525,0.008085338654124,0.01137940281147859,4.1120468778,0.009197373773898947,0.13974583243956226,0.08705107933829306,0.07604038753019979,2.7206645480580245,2.8967937290318226,2.928989186921552
LA1777,D,shade,high,amphi,2.833084381323442,-2.0999913859507524,0.076007251314,0.004080451392640714,4.4062410759,0.003111841509593639,0.21100443992226756,0.1621515504229251,0.14628373339499778,2.475530366289072,2.6396688741416376,2.690981576434228
LA1777,D,shade,low,pseudohypo,2.810470830641185,-2.8438654584284584,-0.39556747442,0.08624164101751829,4.560177069,0.08632802347366114,0.10938880455863871,0.07506164541283644,0.057329978447847055,2.8283800329134876,2.9110360228474184,2.9846216222604096
LA1777,D,shade,high,pseudohypo,2.810470830641185,-2.3099203487751727,-0.00559230473875,0.006931303927660501,4.6474538171,0.005997344595857323,0.16110003539819018,0.13260803351966172,0.11834119365619734,2.6314524100689836,2.7261238563925967,2.78074917679865
LA1777,E,sun,low,amphi,2.880496936060553,-4.096327681849816,0.22879087715,0.016015155947032886,4.8398334178,0.010294270022059387,0.08264635680597648,0.07475817542046989,0.06753386981533768,2.8988763122826233,2.9308764201770723,2.954239358949289
LA1777,E,sun,high,amphi,2.880496936060553,-2.529000873595888,0.2898168459,0.018169391217501378,4.9437641984,0.012058244711647024,0.21479186699097788,0.15745831864368745,0.11358324012963042,2.4581953886692176,2.659236144618667,2.8040193185379043
LA1777,E,sun,high,pseudohypo,2.900466467685261,-2.837481585766771,0.52400923381,0.013630272101771305,4.8959684353,0.006730107737417078,0.20043038822535544,0.17090181436989427,0.1523436377942035,2.498070929657703,2.6329449819901187,2.6844563518634907
LA1777,F,shade,high,amphi,2.6687722945614527,-2.130869777475222,0.151096985434,0.03343516368961277,4.9336731331,0.025394777274849522,0.15463809917307897,0.12590948356141032,0.10511488231978357,2.688312027303821,2.76509627615596,2.8322179864889234
LA1777,F,shade,high,pseudohypo,2.665537953893594,-2.4526690567870677,0.024410201147606,0.011886125114827024,5.3217828269,0.011753896859059127,0.10176976181424961,0.0810469676165237,0.06498241339919805,2.872208130549274,2.9175097651725856,2.968696008224051
LA1777,G,shade,low,amphi,2.8051062033672607,-3.0635069538429813,-0.147478376792,0.01652920056218124,4.4186074663,0.016970077815519843,0.08390835179340514,0.05793425003349502,0.04959435912978148,2.9128657714474855,2.9869169623163554,3.0179300095791954
LA1777,G,shade,high,amphi,2.8051062033672607,-2.476247641097166,0.16287751555,0.005985118634704008,4.5012453924,0.004491603238131242,0.1329591420423667,0.09579001445137889,0.07781682753099264,2.8219162687918242,2.875836563183573,2.933277330154677
LA1777,G,shade,low,pseudohypo,2.7854060953691864,-2.4437116906767655,0.29018507415,0.02626585263798967,4.7239525434,0.014327067689053584,0.14061566503699105,0.08768169106092297,0.05900741892431157,2.701580022245981,2.8734104513286503,2.9781228009131624
LA1777,G,shade,high,pseudohypo,2.7854060953691864,-2.0322923669048896,0.17269198488,0.013909110320215114,4.9276949391,0.009171739744972643,0.18776616673782628,0.13579975101210306,0.09558644255227947,2.5513613208749435,2.727164740964607,2.8726419275832593
LA1777,H,shade,low,amphi,2.89771179728808,-3.0522803674790993,0.01577477703747,0.00869479136673748,4.687318293,0.007226864561553796,0.13675787184114166,0.10079860875486073,0.0809108506430944,2.718747534282212,2.8411179234561668,2.90908521867865
LA1777,H,shade,high,amphi,2.89771179728808,-2.276065538712095,0.16350898403,0.012522531289385042,4.6495779625,0.008841867027707407,0.22930314890302292,0.16106735933641414,0.12762143496672027,2.392497256129465,2.638083419995426,2.75044235164481
LA1777,H,shade,low,pseudohypo,2.871390996798522,-3.111771547980574,-0.0114924114472243,0.007282320609359709,4.4646244612,0.005892008967777532,0.12417798718132342,0.09605140566185869,0.08417059460047681,2.758746415385303,2.844620569151527,2.891941591922102
LA1777,H,shade,high,pseudohypo,2.871390996798522,-2.344631612643147,0.15469731225,0.011160121183144028,4.5040160404,0.00743317330487647,0.19954668901615266,0.15088067791403897,0.12939540528647817,2.5119574954995016,2.681104614570475,2.748317295984139
LA1777,I,sun,low,amphi,2.864934151045815,-2.7604924477591997,0.49729927138,0.030765606858198583,5.4024964698,0.013751387877809048,0.24198410538724408,0.137480370196626,0.07103044080784174,2.3684197199216763,2.7235524145581325,2.947534351522439
LA1777,I,sun,high,amphi,2.864934151045815,-2.3038597979304827,0.31442084962,0.009870913769764745,5.557820239,0.005445845629725621,0.3124936804044584,0.20633717687585035,0.12882089081693474,2.140609779992819,2.504869528483995,2.76262939914713
LA1777,I,sun,low,pseudohypo,2.855009620174761,-2.334706198847214,0.53190723308,0.012169220121368167,5.1896228479,0.005625447764443837,0.24201474850378446,0.1693446144409326,0.11600203928567283,2.325126229346761,2.587193428972493,2.784505843942146
LA1777,I,sun,high,pseudohypo,2.855009620174761,-1.8209109476779481,0.42288587879,0.016130158418596927,5.4868554511,0.009582025091207364,0.3295279211478465,0.24942759966619651,0.18640654097637036,2.0863584256176275,2.3327660008695177,2.567130102747599
LA1777,J,sun,low,amphi,3.0621758295211614,-4.194179432926423,0.01199494051229,0.0031048226733216993,4.8165412746,0.0025497666732394834,0.1118378436784243,0.08776784453340616,0.07623609409389885,2.8114123582769226,2.884406595795986,2.9245699182029448
LA1777,J,sun,high,amphi,3.0621758295211614,-2.6072100815636916,0.40343758112,0.00896212751124868,5.6739552606,0.00477961108834216,0.3105258570555868,0.20957956911980374,0.13366124674587176,2.111795331111067,2.4654842293073576,2.725870253772677
LA1777,J,sun,low,pseudohypo,3.012622443866492,-3.881256554443083,-0.107947907458,0.014159134109810819,4.850219257,0.012918898035912094,0.11833993573726312,0.10265437919799154,0.09870977384024976,2.787068209271158,2.8294140110205057,2.8444681885273515
LA1777,J,sun,high,pseudohypo,3.012622443866492,-2.740701850693529,0.25835552751,0.013863095445426929,5.1336302369,0.00953108181231497,0.23397223103859516,0.19068291522489478,0.15653561128965454,2.3576891152927986,2.523928910514704,2.645897612080875
LA1777,K,sun,high,amphi,3.035816578562358,-3.1251387925339635,0.19418532445,0.012111890018333644,5.1173619948,0.008969838401284496,0.2476261622552545,0.20041993442673148,0.16491472498009305,2.3543487717012193,2.511133489759043,2.630335175410176
LA1777,K,sun,high,pseudohypo,3.0011234976297967,-2.7906446849580813,0.336607579,0.014911852090634087,5.2663846403,0.008126771319882922,0.2379134614626295,0.183767726091147,0.13842406266474125,2.4064902640201566,2.574137135205902,2.7313734225643733
LA1777,L,sun,low,amphi,2.9918257956065037,-4.805261495540837,0.17374043447,0.02607408908845442,5.2217879933999996,0.024422112796162937,0.07581560236987622,0.0570627718183458,0.043267726251191775,2.952504017634383,2.993917613082763,3.0389019037181506
LA1777,L,sun,high,amphi,2.9918257956065037,-3.8552778977173454,0.25615975724,0.016090866616361298,4.420873644,0.009042622862717502,0.14954326485164326,0.08972827153922362,0.06757454258580638,2.698657889485215,2.8742430615895445,2.9565178926833457
LA1777,L,sun,low,pseudohypo,2.949621139748455,-5.037947605765143,-0.41783232769,0.02535040229694093,6.3291588509,0.05584128883626053,0.050483913310767826,0.04027228521542585,0.03303678681827514,3.02202025375611,3.047104325729895,3.070103875499048
LA1777,L,sun,high,pseudohypo,2.949621139748455,-3.386288189616339,0.27931760639,0.011951404594540681,4.8195409115,0.00785932731990334,0.17821287928326746,0.12270127263831787,0.08334161300775743,2.5964183649967896,2.7808452344971974,2.911870038953996
LA1777,M,shade,low,amphi,2.8793978680830796,-3.4115568091573016,0.003904538661031,0.00432585667022634,4.5445587317,0.005111988130149349,0.0913049060764575,0.0700469926000049,0.06178094211789764,2.868739530002712,2.943961486217537,2.969930138075368
LA1777,M,shade,high,amphi,2.8793978680830796,-2.229508788005092,0.141819870043,0.015719020751297465,4.6656276668,0.011187748036600047,0.21374785099677318,0.14460748498320797,0.11274789193214112,2.4754835054002373,2.706217472364127,2.8053750266584805
LA1777,M,shade,low,pseudohypo,2.85745258845372,-3.437225309616385,-0.100943305002,0.012709643466113408,4.7583955175,0.013917371148678684,0.07596339029610269,0.061741901896563804,0.05457073589382286,2.914035683484153,2.967645553818488,2.9965826935243522
LA1777,M,shade,high,pseudohypo,2.85745258845372,-2.2104278803715802,-0.085400216168,0.018464403566207415,5.0022906184,0.015310354606025412,0.16963154975579298,0.11885597953910573,0.09029157710108014,2.6332274960326174,2.780682309027154,2.8806288827254103
LA1777,N,shade,low,amphi,2.7433248344648873,-2.5021074067787947,-0.025265972133583,0.008446526809714732,5.1503258593,0.008130672473708949,0.10844216665289641,0.07249121104706924,0.055429170910723524,2.834873050490706,2.9355133466987158,2.9954419968479997
LA1777,N,shade,high,amphi,2.7433248344648873,-2.2008486119398407,0.100551710786,0.014834633183403032,4.9723666026,0.011929980499224831,0.1377585369294208,0.11314383049090161,0.09834086434782052,2.73575704070495,2.8102419302565615,2.863009676131916
LA1777,N,shade,low,pseudohypo,2.7371437954483833,-2.9544214960854083,-0.0637665426883,0.011046903146374281,4.9260706465,0.011938775462988807,0.07685533703311909,0.05887675917288133,0.047155098997709366,2.9207540636478817,2.975351348149038,3.016662368208868
LA1777,N,shade,high,pseudohypo,2.7371437954483833,-2.3964736576884085,0.080963356538,0.007267382640536766,5.1282043927,0.007082107386465579,0.11821704171003873,0.09161161286442406,0.07276148599696874,2.82051156376344,2.8742547329125943,2.939793413279918
LA1777,O,shade,low,amphi,2.6946858992920646,-2.895568871572394,-0.054214307879,0.009807450304062005,4.5086758023,0.008077458759363245,0.08345856524203113,0.05888990488556529,0.05527747968909933,2.8954305529231643,2.9857742104359097,2.9999792222981854
LA1777,O,shade,high,amphi,2.6946858992920646,-2.0669602509369853,0.20915369013,0.022185144298746975,4.9007830424,0.01680474690008089,0.1521873420083977,0.11169859682428726,0.08831472971722845,2.7311079676769143,2.8312253540829677,2.9034426205681836
LA1777,O,shade,low,pseudohypo,2.6191101350733756,-2.535884884139285,-0.14093299849,0.01170686416326299,4.838574698,0.014594543121100067,0.08702470947498805,0.06817864241050724,0.05882918393609684,2.873619290657637,2.946562760946361,2.9799576204723293
LA1777,O,shade,high,pseudohypo,2.6191101350733756,-1.5306597850172774,0.32923522621,0.01405286338032761,4.5899104748,0.008443239391261107,0.17576972446939806,0.12901025052882797,0.10689424365740856,2.6710625093835154,2.767969788301084,2.8362302495196827
LA1777,P,sun,low,amphi,2.7526587196361816,-4.002272163097385,-0.173019963222,0.02748118416600549,4.7100757396,0.03121861111149508,0.07003434741295404,0.056849437944079734,0.04882532221204173,2.946908012476781,2.990587783163005,3.0194222645362747
LA1777,P,sun,high,amphi,2.7526587196361816,-3.010250464508335,0.21421400113,0.010868599629003906,4.8236859405,0.006688012214731222,0.15261352663543093,0.09977319929503127,0.07246795713163688,2.6800181769318483,2.849971039614511,2.9403277808912707
LA1777,P,sun,low,pseudohypo,2.7299276467054034,-3.704994767332671,-0.0536164431672,0.02024673111912592,4.7827274338,0.020009212248949283,0.08451207784912905,0.06786372767802816,0.05459596547964747,2.8952973255832624,2.9486946860817653,2.9926821920996556
LA1777,P,sun,high,pseudohypo,2.7299276467054034,-2.6385039226948543,0.29289256472,0.010807554501176481,5.0384451074,0.006020883820207939,0.1776149216932947,0.12159528594403987,0.07829263253323665,2.569261052103697,2.765746216803416,2.917731174606087
LA1777,Q,shade,low,amphi,2.713919725723582,-2.9499870632986576,-0.05982484977,0.0018377996172404495,5.1479171619,0.0020403172784238715,0.09646096020125265,0.07797984821460403,0.06650686293219478,2.8787074190685975,2.929319625551763,2.9641738726300635
LA1777,Q,shade,high,amphi,2.713919725723582,-2.0826133776538724,0.40121933969,0.011699320973705683,4.9815632805,0.005941376983812216,0.17544521171030836,0.11706883583051478,0.07858174522223607,2.660093016150807,2.8153129233719323,2.9393381878526377
LA1777,Q,shade,low,pseudohypo,2.6380739654117527,-2.6192377670582294,-0.15263707358,0.013057271790227356,5.2850137426,0.016033805374208062,0.07346023006146438,0.05924887242394184,0.04712683804900126,2.928776719404457,2.979474550603091,3.019950780318305
LA1777,Q,shade,high,pseudohypo,2.6380739654117527,-2.0580073957917793,0.0214572919116,0.005102386682491227,4.4541923188,0.004429164015798635,0.11693183006290624,0.08637221688205787,0.07541853054405803,2.8124913235016358,2.9102884713233945,2.9495684993739095
LA1777,R,sun,low,amphi,2.778487383439475,-3.465664187649211,0.093708446754,0.007890737483315799,4.8290869112,0.0058951573834317645,0.1464311003138731,0.11826767688734263,0.09591111233336563,2.6939687532383,2.779659802884745,2.8559362607734804
LA1777,R,sun,high,amphi,2.778487383439475,-2.739322931058277,0.21049187569,0.007527983657688487,5.0357119867,0.004664023255237753,0.24041981303977508,0.1818016019253886,0.13662485681437636,2.3659670350924578,2.5706443219385147,2.7246877078116927
LA1777,R,sun,low,pseudohypo,2.7622718263861703,-3.424994147345637,0.073983661711,0.0109150257915654,5.023520979,0.009580763742723902,0.14651242892701627,0.11850883865365874,0.0970975336740565,2.665652718012104,2.756233269593098,2.833900147757875
LA1777,R,sun,high,pseudohypo,2.7622718263861703,-2.806760838570005,0.19040207591,0.01113701746218553,5.4444809036,0.009334031312417399,0.22976992326338097,0.1882879676420882,0.1479326653937352,2.3807716595443793,2.535138919790756,2.6803696668644643
LA1777,S,sun,low,amphi,2.8550565081088237,-2.803516947064118,0.3157416332,0.034063294530588394,5.3728911771,0.02462981457205029,0.2548343440713564,0.17580137224288425,0.12049035509091847,2.3438156210758416,2.6036497401063508,2.783339411167113
LA1777,S,sun,high,amphi,2.8550565081088237,-2.0280684583380735,0.32866179537,0.015987613046931984,5.7045543032,0.010809424186608435,0.380219202681768,0.29524042226015146,0.2182500778480456,1.9065113094382935,2.19188829519534,2.448990419553063
LA1777,S,sun,low,pseudohypo,2.7886721697340326,-3.22050576771678,0.004390250334249999,0.02590977594781571,5.1807220065,0.02935321136175555,0.14799653731421852,0.12383762007276224,0.1084801159273722,2.6992947099110944,2.739185748103163,2.8062431610987613
LA1777,S,sun,high,pseudohypo,2.7886721697340326,-2.245787505836464,0.19191611967,0.013754420408561558,5.8858785154,0.010430597327971247,0.2887856608624755,0.22105353541659956,0.16261602976429443,2.2571408681663776,2.464263122424171,2.6549527021098545
LA1777,T,shade,low,amphi,2.5438519947945637,-2.6462422679180424,0.0057588333405899994,0.017199922628863554,4.6865721029,0.014308957742831157,0.0875357758195581,0.06123719198773357,0.049773167662341904,2.8978991397504856,2.969468859830644,3.013126578915304
LA1777,T,shade,high,amphi,2.5438519947945637,-1.7455934057478018,0.24382799152,0.018263399548051715,4.9538725246,0.0117647265841308,0.16374857615076813,0.11140786143063977,0.07339904704594082,2.6509817553524684,2.8269006813866704,2.935569423665038
LA1777,T,shade,low,pseudohypo,2.5354078657409507,-2.9835276124699717,-0.092394170906,0.024342032563143646,4.8272532425,0.024744764155514912,0.0665827875130683,0.04767543014890418,0.03816275012401804,2.9755692289620956,3.0193319843499076,3.0471977647859574
LA1777,T,shade,high,pseudohypo,2.5354078657409507,-2.6690884130161368,0.0584444622291,0.015481656541965393,4.4105787273,0.011192661495307246,0.08626585268113836,0.06336299122084149,0.055886505747298434,2.9060270497840586,2.9815922053113884,2.9940280254372826
LA1777,U,sun,low,amphi,2.9223947825707817,-3.824840386174875,0.04776721756471,0.014085167856286916,6.0744229119,0.02252088506265137,0.1622739986953199,0.1450323086939515,0.1358011053705709,2.6464973801775193,2.6980507047239213,2.729754479431131
LA1777,U,sun,high,amphi,2.9223947825707817,-2.6354559891999276,0.18503536147,0.01397586123404175,5.9800121654,0.011103089272803436,0.32453148585517433,0.2585063657002614,0.20529908384844497,2.095971569325604,2.327482500285962,2.510888074549395
LA1777,U,sun,high,pseudohypo,2.8411546893509687,-2.5952886351112165,0.33331980968,0.009005289128836056,5.6960717541,0.005086125407713242,0.2553835005663159,0.19982031013467305,0.15420078856976113,2.374266050366002,2.5378302877738044,2.6929531829048927
LA1777,V,sun,low,amphi,2.761053699086777,-3.9916869687295318,0.06455036695876,0.03180733062549291,4.8452714649,0.03207634489248706,0.17262902720609516,0.16153004784304512,0.15761222252194168,2.6145947277106174,2.6436023055569926,2.6599940290723114
LA1777,V,sun,high,amphi,2.761053699086777,-3.0636126842366234,0.173866712355,0.02188257328701405,5.2440702882,0.014176659887380476,0.28748780928663287,0.25290179339241836,0.22788954611581316,2.256818306175462,2.36651182528236,2.449651568357114
LA1777,V,sun,low,pseudohypo,2.760401777846201,-3.5006708269142823,0.04046849289678,0.03536208400326574,5.0059457868,0.024451834412786644,0.14920004926950306,0.13613065039876301,0.1260928543267176,2.6807923187162364,2.715087959361253,2.750566133352233
LA1777,V,sun,high,pseudohypo,2.760401777846201,-2.6339179795020953,0.056873992662,0.007354958691366083,5.5037761071,0.00670572574685481,0.27210385557533673,0.2359180985919523,0.20045458961694415,2.2966551251629177,2.4173644318080303,2.5369530703255583
LA1782,A,sun,low,amphi,3.00525266825218,-2.292321030952154,0.155543298595,0.037986439755333924,4.697262657,0.0222418365667193,0.14450361592281985,0.09629640839534236,0.07325457065174212,2.7234021629404865,2.860451931845773,2.937622512001471
LA1782,A,sun,high,amphi,3.00525266825218,-1.5765480364510294,0.51939945373,0.021345832394251155,5.1262936699,0.009699009259906287,0.2287524537032908,0.16473093070475794,0.11307875283066363,2.434081562643482,2.6382093291782467,2.8095038360291182
LA1782,A,sun,low,pseudohypo,2.957951517750475,-1.479883577931553,0.175335751054,0.02220138443417694,5.0701681318,0.013623453285058066,0.15615749786117014,0.11499983575853603,0.08465311135803413,2.659031373603921,2.7732792895809824,2.8844457044191194
LA1782,A,sun,high,pseudohypo,2.957951517750475,-0.9034034301373836,0.079937186947,0.0068190667271149875,5.102058643,0.004867333288445718,0.21083425822709373,0.16958945902940656,0.13365106191884002,2.443727020176304,2.5859779630935438,2.7194696052064486
LA1782,B,shade,low,amphi,2.8477178338888867,-4.075006345402056,0.0253929962543,0.006173205297814339,4.0458804303,0.007086143282650602,0.050046435728918766,0.045232056040664353,0.04370097807364267,3.0117165495098033,3.0270617734542236,3.033019106830875
LA1782,B,shade,high,amphi,2.8477178338888867,-2.007577030428835,0.139425619014,0.022339927304116467,5.2530049179,0.01919964269230555,0.20140425728328487,0.131173893415469,0.08475840315851627,2.5469043156680797,2.754846444782352,2.9034833821041772
LA1782,B,shade,low,pseudohypo,2.8200291313987256,-3.825197493355292,0.06513137904195379,0.026052006116860038,3.9246017294,0.022114156960399946,0.04455682855509757,0.03802170787256383,0.036169325816497615,3.0279320175968003,3.045968638268461,3.0582613223143595
LA1782,B,shade,high,pseudohypo,2.8200291313987256,-1.8273076292920736,0.22254406731,0.020792250521752355,5.0393618197,0.015030559891572764,0.1965392428390109,0.130400730233034,0.0859357417566849,2.555904366364612,2.7574724220574356,2.9030503613059007
LA1782,C,shade,low,amphi,2.853165816762111,-1.8454448934260792,0.48717987027,0.03585376289553808,5.1763806385,0.02249125394064436,0.12656768682847347,0.09392343480465995,0.038118816141179596,2.7593729550118216,2.868381467206448,3.0538945341554773
LA1782,C,shade,high,amphi,2.853165816762111,-1.5835682130261688,0.5285732431,0.03121884950663047,5.5310629502,0.01632729856090459,0.15445642021364198,0.0996511193288649,0.061950342689268516,2.7169081223846696,2.8633320716566453,2.984169146217397
LA1782,C,shade,low,pseudohypo,2.844333238410034,-3.1526018646278957,0.0236781489837,0.00571365061253897,4.3047195189,0.004749003172471566,0.04421518644074762,0.03542596744200499,0.031469010181864786,3.0463030467375187,3.0620162159989883,3.0742346803386864
LA1782,C,shade,high,pseudohypo,2.844333238410034,-1.8600199846796057,0.127514883031,0.021647835789655134,5.5733221064,0.022365708812514856,0.11997391514734577,0.0833861134513346,0.057822671878009456,2.866865848021165,2.913314214822589,2.9994623852112374
LA1782,D,shade,low,amphi,2.750071420554904,-1.9301837753045,0.0014541696109130005,0.015265525170529091,4.5864727381,0.013022077009894772,0.12712939576047214,0.08589297307012969,0.06689390132406386,2.7730964734226102,2.899559319007338,2.9627969305910056
LA1782,D,shade,high,amphi,2.750071420554904,-1.505241711386903,0.09567092978,0.011736403933291374,4.8213222698,0.00995411861385359,0.17060225082905706,0.12292597734435642,0.09801169635594738,2.6615124003085073,2.7897030916844026,2.8676721612382448
LA1782,D,shade,low,pseudohypo,2.7439974353353964,-1.727776321763655,0.135456022479,0.010946729387793869,5.0915394564,0.010365510746337164,0.143028369769258,0.10006666691812635,0.07004942542358941,2.7055090278661345,2.8477642933293232,2.9472982492215807
LA1782,D,shade,high,pseudohypo,2.7439974353353964,-1.2913863955919815,0.41638485071,0.025009011832423655,5.2090614517,0.015586359615160616,0.18886578510657517,0.1403809441437791,0.10334702326346198,2.560224243150614,2.7188863132329555,2.8425443735510276
LA1782,E,sun,high,amphi,2.8670931880503643,-2.1769744347484323,0.36630687288,0.020833184459032275,5.6631268269,0.012672821836326023,0.25092017217485907,0.18731809386729567,0.1320292406634052,2.3272633333966817,2.557546544063519,2.740676885305292
LA1782,E,sun,high,pseudohypo,2.8463115606985534,-2.5308893102496013,0.33593116545,0.021501743287535145,5.4907573287,0.012626742016962613,0.165207882293491,0.11550446545543942,0.07896502142634688,2.607100431586796,2.79407245694909,2.9099272602069095
LA1782,F,sun,high,amphi,2.9383289737053455,-2.343321060287164,0.29221256246,0.03436065878732536,5.488115401,0.02465563029713392,0.2482028264614403,0.1974195782191092,0.15540887780439622,2.3522717058190903,2.5133686722152238,2.654694097982332
LA1782,F,sun,high,pseudohypo,2.890403734462357,-2.5657201284533633,0.32489551705,0.03835717273301919,5.5127126374,0.025193260935622262,0.17961600079186088,0.1304454323417737,0.09417151516069684,2.6141287145304744,2.743889109623783,2.86775158292169
LA1782,G,shade,low,amphi,2.8399166977505867,-2.199227788424569,0.26754640727,0.018835778774967345,4.8281196732,0.012340447055674924,0.10708352814493297,0.07796210391702264,0.06053777547223312,2.8221649114124387,2.921818159749341,2.979006615421109
LA1782,G,shade,high,amphi,2.8399166977505867,-1.834603812293139,0.27818866901,0.03362987055633165,5.1188968619,0.027253568290568245,0.13982481309638586,0.10619825400656277,0.08151647764591767,2.7252579422985446,2.8388201957632107,2.9156676588962336
LA1782,G,shade,low,pseudohypo,2.8400720360401372,-2.2579816958285175,0.18234641076,0.018063168165286306,4.653295311,0.012921805498095424,0.10878152402375152,0.08757118120306664,0.07309253044367603,2.806946717078916,2.876693300386709,2.9313293758209404
LA1782,G,shade,high,pseudohypo,2.8400720360401372,-1.9118437264181378,0.246159963337,0.03130374309208645,4.9570240052,0.02196424144201743,0.13990796393033714,0.11244492903901919,0.08984832013560397,2.713084443615691,2.806444532623126,2.8812091324420606
LA1782,H,sun,low,amphi,2.841582651796435,-2.1853125437864924,0.22022506162,0.01397207085930846,4.9936869526,0.009333104167343892,0.18454170456326932,0.13563800458914146,0.10142018790711395,2.5693838374747417,2.7347776758595614,2.84803924864023
LA1782,H,sun,high,amphi,2.841582651796435,-1.2577556159255465,0.48438791886,0.016790111712127458,5.373115898,0.008414799364139029,0.31409614800111324,0.23473319370973156,0.17131331838043304,2.1433282518075942,2.4051502425086775,2.61479531739519
LA1782,H,sun,low,pseudohypo,2.7089614537264404,-1.7271813262703561,0.107827541385,0.008776910368044876,4.5332241447,0.005875356553981085,0.15934456685370443,0.13408135604137733,0.12287123183912121,2.6229925179416855,2.7196549773251744,2.7575242200548935
LA1782,H,sun,high,pseudohypo,2.7089614537264404,-0.7360367350190113,0.478782331,0.01865170452375147,5.1858515279,0.009757724247990996,0.2630692298708259,0.20541457655800105,0.16449950818345407,2.3023136672152775,2.501894516672479,2.6695659736781914
LA1782,I,shade,low,amphi,2.776928789482665,-1.6582394555900717,0.33015987191,0.016239821853500893,4.7882913147,0.007924572119090393,0.11252549530214317,0.07209346167151977,0.06702984321589125,2.8264979674455324,2.9461717978335957,2.962475983208215
LA1782,I,shade,high,amphi,2.776928789482665,-1.5736421554715974,0.3869085111,0.03951650698631808,5.4283239506,0.027885498065298178,0.11789012224228407,0.10249879253402039,0.09042539081265731,2.8531939861302504,2.8642052586060727,2.8968695212663547
LA1782,I,shade,low,pseudohypo,2.775558745530376,-2.202749022717228,0.098530409567,0.004238481938586928,4.9782654615,0.0033638358023263884,0.07359714036244903,0.05018313214700011,0.0407020209597115,2.9439847742625798,3.0156799687884663,3.0464662254792727
LA1782,I,shade,high,pseudohypo,2.775558745530376,-1.8689148042947994,0.170068934109,0.020835469437198457,5.5938237711,0.022121208025038367,0.09508736853606187,0.0787351451381245,0.06619228887688898,2.947472689026657,2.9366731552902414,2.974549466059206
LA1782,J,shade,low,amphi,2.6287661342128943,-2.176315659557029,0.056670876123,0.007101736636220088,4.8085332024,0.005262615722116993,0.10302564111388064,0.0689219610115583,0.052515851746333955,2.8399510767665856,2.9509628672649444,3.0042647630347266
LA1782,J,shade,high,amphi,2.6287661342128943,-2.0593333595539773,0.134787199097,0.017675039629161376,4.3975507774,0.014065631137936805,0.11282463094355823,0.08473900029616807,0.07404915398021301,2.8077370556660255,2.8995642411207303,2.9339117011627205
LA1782,J,shade,low,pseudohypo,2.617138000137261,-2.884136253025533,-0.126662560947,0.01946846658877398,4.7073922946,0.02015668289515135,0.07267734153243861,0.05768393169814623,0.05229461477607208,2.9372397624312065,2.9835819861116413,3.0026021355568875
LA1782,J,shade,high,pseudohypo,2.617138000137261,-2.4542755144598183,0.079713244419,0.009302596306745148,4.2643687563,0.00752424193558963,0.09694533961421437,0.07589421988298004,0.06933244423969209,2.864042644213989,2.9269377847514693,2.962798625188379
LA1782,K,sun,low,amphi,2.9459101283991904,-2.6383022215561676,0.43618888611,0.016709187699781497,5.0869726717,0.009365804620707303,0.14283461813417045,0.09616205934753327,0.06419439540783481,2.716822469868319,2.869211268952726,2.9712450033620286
LA1782,K,sun,high,amphi,2.9459101283991904,-1.787391313985733,0.4973079726,0.023625275701561924,5.2466434798,0.011359099783277664,0.24666391139494817,0.1601666464969853,0.09990846030429759,2.3821935329634494,2.6634862184557284,2.8542364931427593
LA1782,K,sun,low,pseudohypo,2.8969154381139326,-2.61142910452561,0.144436486205,0.013353626051844876,4.858103062,0.009486328647533002,0.15087356625608764,0.1354907060114282,0.12920891144440078,2.6653044456752117,2.714838519589653,2.7381667316292466
LA1782,K,sun,high,pseudohypo,2.8969154381139326,-1.5698390052503803,0.56505584171,0.015695860483664226,5.2853893222,0.007481664225638049,0.26001224298628883,0.20780397877869947,0.16624180773700953,2.3044723576520054,2.4839848875891972,2.631409773796553
LA1782,L,sun,low,amphi,2.936375625656775,-2.0571836778397694,0.1722559155334,0.04588197933068532,5.0421781297,0.046084867818294316,0.1759583049607365,0.13725101650258856,0.11063356606396521,2.6077992308281135,2.732612590667559,2.8198998228865197
LA1782,L,sun,high,amphi,2.936375625656775,-1.2049824178370316,0.23313238103,0.02661579881140201,5.2919530182,0.02242846097323214,0.2856707278775773,0.22297259903791347,0.17187513237397978,2.2434125135595178,2.4491509656709596,2.6173043909067104
LA1782,L,sun,low,pseudohypo,2.869960689602715,-1.6052484185829325,-0.08254596782874,0.034565405319229324,4.823686605,0.045428546801567125,0.14345403920746186,0.12185943627684992,0.10986723363383959,2.686961099284344,2.762395332895296,2.799890548065747
LA1782,L,sun,high,pseudohypo,2.869960689602715,-0.6707095775988007,0.41536233225,0.016994003208922585,5.0866415237,0.009801278569090726,0.2465366217108462,0.20031728983277344,0.16156813154999441,2.347951944925797,2.513541213749743,2.651143390678373
LA1782,M,shade,low,amphi,2.938065940500841,-2.5764043013497337,0.0836531762088,0.019560319711374972,5.1222348696,0.02074672885979131,0.13191903239205235,0.11431023842611411,0.10468055271611451,2.7569890075906294,2.80732433283181,2.841199419686033
LA1782,M,shade,high,amphi,2.938065940500841,-1.7413431966929966,0.39804927581,0.028733619167517203,5.7205882242,0.01884850822001664,0.20770590660634566,0.17219907630582665,0.14701611332641867,2.506550873223783,2.6220246902031437,2.7056158098489664
LA1782,M,shade,low,pseudohypo,2.90205212627391,-2.398788783407993,0.17607158012,0.015040685053384538,4.9630255233,0.0129739308906855,0.0858136163337498,0.06441632189668457,0.05059989226163654,2.8855616395278916,2.9643616297300155,3.0137562308347823
LA1782,M,shade,high,pseudohypo,2.90205212627391,-1.338826656103121,0.44587073919,0.017616291205646808,5.5946580725,0.010116982775856657,0.1751936810705041,0.1303602475022902,0.09509868516736131,2.5921843795815622,2.7575194312120503,2.8755606515987666
LA1782,N,shade,low,amphi,2.9104391903580473,-2.066593299368174,0.18690690724,0.023503685505370193,5.2602717279,0.02028236340071417,0.08400087459602154,0.05370911690419936,0.03428495360383726,2.91860699613439,3.0068074516497942,3.0677615427041665
LA1782,N,shade,high,amphi,2.9104391903580473,-1.9610190733668071,0.038949603215,0.008365439309604103,5.1263538494,0.008732534285930663,0.09202389478919627,0.07114220028365803,0.056664539240090746,2.90705856774581,2.9556278091370283,3.003468219447025
LA1782,N,shade,low,pseudohypo,2.901635103999546,-1.8324769009570625,-0.02332140493472,0.008570932450541177,5.4481981862,0.014859661172790575,0.07951568228455001,0.057604157563125494,0.042620611150100865,2.916481978594457,2.9886316922272247,3.0371483391311886
LA1782,N,shade,high,pseudohypo,2.901635103999546,-1.605342439744742,0.106270601269,0.011317455336284263,5.096107097,0.010453745821241598,0.09244207204011308,0.07555051661822798,0.061142440066037564,2.875812135754769,2.9318160668964346,2.980712285640331
LA1782,O,sun,low,amphi,2.7095969061906864,-2.7323295191376773,0.2894445987,0.01632764565989617,4.7559611936,0.008519764575294178,0.15491494121273727,0.1270240539093883,0.11715722317527616,2.6882289825957453,2.7775476379177446,2.803493250939623
LA1782,O,sun,high,amphi,2.7095969061906864,-2.1796112168982114,0.30614291054,0.026432973614239956,5.0059910743,0.01594086015435836,0.2264156001504666,0.19189969440452628,0.1683894318405127,2.480187117340937,2.5796456574008975,2.6546767219131016
LA1782,O,sun,low,pseudohypo,2.620404889166448,-2.320538493615456,0.111215907421,0.01462680717535337,4.4818050244,0.00952072447384398,0.1471848575582609,0.12807832881556244,0.12228417445082845,2.688371972166327,2.755396359449482,2.7769119938089797
LA1782,O,sun,high,pseudohypo,2.620404889166448,-1.7447403279904152,0.22954453737,0.016810237036949657,5.1554520259,0.01337403257512331,0.21920052984031074,0.1917279670872806,0.16922084711560761,2.4943892352109467,2.576553172670624,2.6494322045565397
LA1782,P,sun,low,amphi,2.6735241352415264,-3.168847397373571,-4.919179788421001e-4,0.005590523930884519,4.5303316712,0.004525924979682318,0.13146970240589728,0.10323631843533224,0.09063959615260152,2.744132335087122,2.8343838730675674,2.8763024082998676
LA1782,P,sun,high,amphi,2.6735241352415264,-1.9226380130458767,0.19668860436,0.008903378880808445,5.0336190032,0.006449220261899592,0.2861901989565213,0.20960675244993998,0.1451482400507566,2.1857416165862533,2.452751835348705,2.6764115551923475
LA1782,P,sun,low,pseudohypo,2.58577462886447,-2.943941338994984,0.035046469624,0.00454700126980732,4.4261153436,0.003596476185809383,0.11765100573905415,0.09195213391113766,0.08084102586805589,2.777355972974983,2.8595294010597656,2.8998190050997006
LA1782,P,sun,high,pseudohypo,2.58577462886447,-1.6422614757366727,0.19283451468,0.007425676595961508,4.9482396282,0.004858576812174993,0.2566149152847722,0.19049882036366284,0.1338271015228003,2.2880819424013623,2.5485388892094942,2.7336840099570177
LA1782,Q,sun,low,amphi,2.7339254256079353,-3.0455829940128183,0.062125797565,0.01233962962057873,4.6851105192,0.008873575158640823,0.1718516270316476,0.1438291918793879,0.12816326030854158,2.6273159729260698,2.7140944055316427,2.764248990433357
LA1782,Q,sun,high,amphi,2.7339254256079353,-2.186685528111255,0.30987058146,0.012751470994267312,5.1570192699,0.008599446298380083,0.29645034057797187,0.23811301717334216,0.1847582936968242,2.221198850131388,2.4093675449232332,2.5823899450255574
LA1782,Q,sun,low,pseudohypo,2.7088871801902292,-2.4410713698960187,0.053783879047,0.008531385437932146,4.798606968,0.0064648611269049,0.1918492119730638,0.1548501496045105,0.1372122558205165,2.5218972539811606,2.6530964777910064,2.7140253502996856
LA1782,Q,sun,high,pseudohypo,2.7088871801902292,-1.865651528578698,0.405509216,0.018113205056824427,5.3205691198,0.010928122688665538,0.2800817582893003,0.23800711830496776,0.20116837957704908,2.264345976749236,2.406546234791837,2.5303582635331656
LA1782,R,shade,low,amphi,2.7163774641160314,-3.0989056717993986,0.0624707142051,0.015073459552392959,4.7210900922,0.012327869852834572,0.12569998987743347,0.09339088371551835,0.0730342870637769,2.7704857874381816,2.8711592320121464,2.938684547009387
LA1782,R,shade,high,amphi,2.7163774641160314,-2.68019544162503,0.254402082,0.020043156033321553,5.1346452848,0.014887158081519556,0.16819438683791849,0.1379883472581073,0.11125798645731572,2.6262116657091372,2.7202822341051522,2.810481763578106
LA1782,R,shade,low,pseudohypo,2.7127970649534783,-3.419621933979308,-0.0898999954806,0.02544877682670213,5.2319970909,0.06010971253447822,0.1017108249538943,0.08507841926797448,0.07787065245828431,2.8373278434935774,2.89395274996272,2.91903638646638
LA1782,R,shade,high,pseudohypo,2.7127970649534783,-2.80373965853,0.29915152717,0.02794347526021464,5.2229353114,0.021334181650125475,0.15899981211151001,0.12853088880991811,0.10266182543789791,2.650925377221286,2.7503958546624117,2.835149011661953
LA1782,S,shade,low,amphi,2.750588666539661,-2.503960852002674,0.079462913568,0.014845331580553503,4.994420591,0.013629097062580491,0.08295224856841248,0.06290726696204928,0.04777684117291524,2.909354039285933,2.9687801828541174,3.021946665492073
LA1782,S,shade,high,amphi,2.750588666539661,-1.9905327234334238,0.30499222937,0.03611890778417645,5.1474310868,0.020826748239170297,0.12384058570339383,0.09766795241792714,0.0765191147411509,2.7891698597262766,2.865327788186235,2.9281646725378145
LA1782,S,shade,low,pseudohypo,2.7433042444258673,-2.360659113440352,0.0016358407914309,0.004835938358711782,4.9958452414,0.004980893012137937,0.08023075221868416,0.05897860761570882,0.04433056121999331,2.9099533247717813,2.9767490426309138,3.027529323119446
LA1782,S,shade,high,pseudohypo,2.7433042444258673,-2.0752936557994217,0.1231296318717,0.035195441026333325,5.1817530275,0.035977788314238805,0.10184114372338325,0.08383429515381911,0.06851274728264467,2.8621000847963147,2.8958365454694417,2.9488877210324063
LA1782,T,sun,low,amphi,2.667743043004049,-2.6118096860651736,0.29952265601,0.0267800957440887,5.1480443056,0.017414532858387108,0.15369717461813123,0.12687607724211225,0.10528185669432462,2.66814393546341,2.7522311639126613,2.8264723929591518
LA1782,T,sun,high,amphi,2.667743043004049,-1.8933297842195445,0.38939821011,0.01571629855556217,5.3702950234,0.009135527759311654,0.24659158674803247,0.19957819834457952,0.15973975752562097,2.364616275217979,2.516233496922934,2.652739254516777
LA1782,T,sun,low,pseudohypo,2.6494803246795677,-3.009036291171179,0.38356372656,0.02662512563171193,5.4484805535,0.02495976487928475,0.09879114409087368,0.08912511989628558,0.08088679689323702,2.8554876728655154,2.8731448955748586,2.901350766457121
LA1782,T,sun,high,pseudohypo,2.6494803246795677,-2.0670629839456494,0.47634637689,0.019574083809073894,5.3086727187,0.010377425212950032,0.1885461068147778,0.1457831588793096,0.11631868557274865,2.5536111230857066,2.6911002525017746,2.797194865900686
LA2133,A,shade,low,amphi,2.895777518230312,-1.8462982204687368,0.28367909044,0.009687292954966006,4.5808219161,0.008371588701847664,0.14235807195375436,0.035724945395089885,0.032589656706730405,2.7382795544453304,3.056075780652833,3.0666041365372747
LA2133,A,shade,high,amphi,2.895777518230312,-1.4522688948422766,0.37612852327,0.015323706141788839,4.8089837665,0.009603911500344764,0.18990350107758167,0.10181827997318135,0.08103045175712702,2.5805406555640675,2.858290732435997,2.9187985368661717
LA2133,A,shade,low,pseudohypo,2.7344328480047695,-1.5803554607510406,0.36877827886,0.010107056064928248,4.8614342634,0.008218170244715764,0.11688646954718411,0.03765682559094795,0.031189772319991316,2.7928210705239027,3.052841616703775,3.073551886586275
LA2133,A,shade,high,pseudohypo,2.7344328480047695,-0.5466051909090801,0.62905585501,0.020897255239418648,5.4377892387,0.009158237163342747,0.19786127542872486,0.11848533606220642,0.06645483022779258,2.505389743305379,2.7793204750627547,2.9555397400167096
LA2133,B,shade,high,amphi,2.8629097904484553,-1.4779275802744536,0.4448402929,0.01685078918502876,5.675583094,0.009769598619012998,0.2509302065118112,0.1634282238713236,0.10215415148422571,2.3144279706151027,2.6221556308215233,2.829611602275597
LA2133,B,shade,high,pseudohypo,2.8177907121110555,-1.6857046430067597,0.36452118851,0.027847582404108232,5.3324415911,0.01938938171215758,0.18188610404775837,0.11768094654429156,0.07590572341203339,2.545697562297113,2.7773408518445524,2.9230848423397875
LA2133,D,shade,low,amphi,2.950104947691269,-2.3071227647118886,0.32315174357,0.03326398820774494,5.2036638415,0.026654063220932257,0.18874487445391006,0.1324877486289194,0.03594747523644682,2.553364908687105,2.7400065720286655,3.060011253906927
LA2133,D,shade,high,amphi,2.950104947691269,-1.7471663093861383,0.42426228737,0.023015122904635022,5.284361032,0.013198003493053731,0.25472972266052407,0.16828258505455843,0.10548506776677884,2.3002412717838663,2.601559467526709,2.8165751015939704
LA2133,D,shade,low,pseudohypo,2.8374940909632076,-4.054845537650193,-0.0397385259203,0.012124335758521369,4.5133710782,0.015409584528179051,0.04624771827986506,0.03876063127470906,0.03598639049600274,3.021199672083498,3.045681622584542,3.0569120712070683
LA2133,D,shade,high,pseudohypo,2.8374940909632076,-1.7426532336960883,0.28431195579,0.02903921816938235,5.2668909183,0.020130449232064345,0.21850342127966918,0.1542858392769536,0.10925455591439164,2.437394817551776,2.657947803858936,2.8110734161240756
LA2133,E,shade,low,amphi,2.9826659915556144,-1.8917300251591715,0.41455240994,0.01265911164714891,5.0116115866,0.01094145671720612,0.1695871249441653,0.03520036952704002,0.02829456599732509,2.607153969406773,3.0609374385768335,3.085134770981405
LA2133,E,shade,high,amphi,2.9826659915556144,-1.5567266642710136,0.41302147694,0.02032329887209389,4.9018202963,0.01572092283762956,0.20360974495913,0.06545961634339156,0.056990667584643516,2.4893723122769136,2.9632614096662184,2.9875671425083494
LA2133,E,shade,low,pseudohypo,2.8806718523490886,-3.7377146050929033,-0.0259436085273692,0.012234398108139496,4.2725390929,0.011235018186348747,0.040612454445565355,0.03270302645157301,0.02962815335897869,3.040153514442589,3.066179818080997,3.0805711961165234
LA2133,E,shade,high,pseudohypo,2.8806718523490886,-1.2070703495308714,0.42694334054,0.024390346677768265,5.114966578,0.014918438289499125,0.20254501481295092,0.1409824019290602,0.07244966572871124,2.5254306245451534,2.7098777266490393,2.9416051166218002
LA2133,F,sun,high,amphi,2.9967760928873775,-1.446088976517877,0.60148580486,0.019790424671567098,5.7477097139,0.008187958626241448,0.348205519173329,0.209238710963064,0.11627104564517264,1.9491752472583848,2.4483094159760217,2.777583942692999
LA2133,F,sun,high,pseudohypo,2.870552554294924,-1.430411513724322,0.55809847945,0.04513628642123735,5.263879501,0.025986747676269326,0.2604850366941966,0.18801616915728445,0.08751220338088246,2.2633316855633914,2.520875741590948,2.8765692795946545
LA2133,G,sun,low,amphi,3.1372184190745473,-2.436413555807456,0.42892586118,0.01800368865621328,5.2020361985,0.008380420536122875,0.27871652270424524,0.14970942219571848,0.08442428669063459,2.2515061146650135,2.6802914984225765,2.8986542385477816
LA2133,G,sun,high,amphi,3.1372184190745473,-1.5144109020743752,0.4778671723,0.012735673170363601,5.7990706655,0.007110795632886125,0.3979401046256963,0.27763661990254074,0.17861126707666547,1.7905651681705441,2.2158652585099223,2.558831950243722
LA2133,G,sun,low,pseudohypo,2.8784748619306697,-2.5909812804298724,0.084005936962,0.007688016151488113,4.9234958957,0.005074732477229402,0.1948595257182394,0.12584584806494,0.093467547558321,2.532665914293114,2.759343060852407,2.8687640110898958
LA2133,G,sun,high,pseudohypo,2.8784748619306697,-1.8602583699103639,0.28372779024,0.01050352900896259,5.2013827277,0.005993789356050766,0.2552382511096741,0.16239916859328918,0.11083818236339077,2.2922391116089584,2.624358467921958,2.8029445136636344
LA2133,H,shade,low,amphi,2.8097505219740837,-1.7264374942635548,0.21365579058,0.012623508546695144,5.0738897524,0.012235796719096201,0.13231709493937885,0.03321490589408532,0.023945100259282107,2.7439075009524845,3.068992829272224,3.1001456441928505
LA2133,H,shade,high,amphi,2.8097505219740837,-1.27698668161497,0.34110200993,0.01548373830999022,5.0657544411,0.012644897035458139,0.16840432346012282,0.06246126179960383,0.04772301376590384,2.60298542148722,2.96724275838057,3.013373075825502
LA2133,H,shade,low,pseudohypo,2.6411119102874667,-3.0424463306609386,-0.0217525378227552,0.007170600512425786,4.3142284746,0.006093695890786152,0.04606883429679333,0.03804793425270246,0.03503903006368791,3.0261176834830876,3.051410879090073,3.0608480862334475
LA2133,H,shade,high,pseudohypo,2.6411119102874667,-0.30168794398300364,0.32296756167,0.02157357139708297,5.1664326078,0.012234535696687187,0.1918583387633777,0.11738086232024361,0.0732898916310726,2.509369278730946,2.7716772990517056,2.9274790245486857
LA2133,I,sun,high,amphi,3.154259714000294,-1.914925583795914,0.30964267153,0.009867195080110568,5.3057467946,0.005724274550818124,0.334057018028316,0.227925677678515,0.14421650660423135,2.0364131337112035,2.400885462444058,2.6845922303448244
LA2133,I,sun,high,pseudohypo,3.014851543196821,-2.0605984315507024,0.17062323089,0.006195602446389485,4.8551465358,0.004978633753767433,0.23945051449144744,0.07192497570949963,0.05866131686710833,2.3908368243797176,2.9497757777463858,2.995590813600797
LA2133,J,sun,high,amphi,3.188460872518694,-1.3922795137080897,0.3762522297,0.011727312431534243,5.9946035609,0.02644096607073606,0.3734255026198004,0.315873242546858,0.2641233845604416,1.858655953834248,2.0651545166566327,2.2641108431395196
LA2133,J,sun,high,pseudohypo,3.046491800255887,-1.0884091600476196,0.35095707836,0.014475965894795738,5.6056025481,0.008135894694315651,0.2784576018503465,0.1702278274474782,0.09417242847114114,2.1880443346576786,2.6090039982003286,2.8698854154578672
LA2133,K,sun,low,amphi,3.143414758204128,-5.190656438405955,8.575382091229997e-4,0.019579721012190417,4.9962333518,0.01545772972542285,0.04829766827490727,0.034025297911188836,0.026093713765871652,3.008424625071696,3.0660341012888663,3.0920065006350983
LA2133,K,sun,high,amphi,3.143414758204128,-3.2872474442309416,0.38306445379,0.006639832552289163,4.8941719815,0.0040472197639744864,0.16164628422553448,0.0480421256464459,0.03185592578749158,2.6386475765103077,3.017830236709412,3.0733733230019817
LA2133,K,sun,low,pseudohypo,2.980208332881668,-4.457994980254507,-0.04786969628497,0.01608821561211643,4.5877010106,0.01338533788672553,0.05258790982988311,0.038080576565921245,0.030931015860411783,3.0271023990482804,3.051819347810529,3.0778817803961553
LA2133,K,sun,high,pseudohypo,2.980208332881668,-2.2820651871945854,0.062881862876,0.005605993712774235,4.7152931657,0.0035270375054879434,0.20100757335292502,0.08229332074957309,0.04552927922396799,2.519414753351491,2.9115799783622722,3.0366949253082045
LA2133,L,shade,low,amphi,2.91082386961126,-2.066701331167019,0.44530730511,0.03680091214988475,5.2417861803,0.022917540850839812,0.21337165147013146,0.15203542256787234,0.05169669003479398,2.4371850711874647,2.650175538530384,3.0016227431596647
LA2133,L,shade,high,amphi,2.91082386961126,-1.644268469103341,0.3560508363,0.02797920532495194,5.459810385,0.01782227449724558,0.2757457235778027,0.20839738585896173,0.15586353154774096,2.253547734572419,2.4603689173307464,2.6433779873096297
LA2133,L,shade,low,pseudohypo,2.8554007004628223,-2.3978353810999398,0.35178041909,0.042485863577688514,5.3767834408,0.02887984139248675,0.14250245884837084,0.09188887858150782,0.026814637846585943,2.7414236931101823,2.875712020822878,3.090351649231135
LA2133,L,shade,high,pseudohypo,2.8554007004628223,-1.5772033327501562,0.29395533722,0.03740128011878167,5.891605787,0.0364347235850262,0.23595793643300594,0.16684374235211583,0.11107947871671442,2.4002856965541977,2.63516083781866,2.8191536931906716
LA2133,M,shade,low,amphi,2.9847895110291063,-2.4700010302369018,0.25647780834,0.013085935790720241,4.9100210195,0.009626720023435783,0.20938040250260131,0.07171069244024442,0.05525145953750119,2.493179290072327,2.9457885083471917,2.9985087541290025
LA2133,M,shade,high,amphi,2.9847895110291063,-1.698796359678778,0.4144031972,0.030053404068290993,5.4753505761,0.01841080747650073,0.32337949235380764,0.23268191047849623,0.15983266680857036,2.102673145160007,2.405273370050846,2.648815295755935
LA2133,M,shade,low,pseudohypo,2.96201962990483,-1.987823567687628,0.35816247717,0.025414538382349063,5.4123079485,0.014809976339114244,0.21861704237961566,0.12024164286422534,0.06513933380406979,2.4595506885934784,2.785860367000905,2.966295730555936
LA2133,M,shade,high,pseudohypo,2.96201962990483,-1.433886846157955,0.3453549039,0.026652047810888813,5.5369148515,0.01984767120568322,0.28518120865313046,0.2308177744377154,0.1846493742617843,2.218969369131061,2.404972643785318,2.5595041094631243
LA2133,N,shade,low,amphi,2.9650091417022653,-2.7294284436502663,0.36483239964999997,0.04287415459428671,4.9810427654,0.024756671729500038,0.17720748209019319,0.10005764620204063,0.043333663506200985,2.572925432505101,2.852882244429751,3.030205648323191
LA2133,N,shade,high,amphi,2.9650091417022653,-1.7618735812488935,0.16569258573,0.01470186813561045,5.4289572071,0.013895636430539223,0.3112437657188491,0.24522037335524324,0.19025445869925556,2.0994584846509885,2.3277572709043914,2.5244754673966936
LA2133,N,shade,low,pseudohypo,2.900791062802933,-2.6538709696518175,0.22267482352,0.01304855429493245,4.5803890223,0.007202457891155401,0.15392364258993582,0.08444219813263645,0.05677979112463856,2.6717522735492674,2.9083627050810197,2.988519488172665
LA2133,N,shade,high,pseudohypo,2.900791062802933,-1.7891038428605277,0.40025465637,0.020438232543624816,5.2374682077,0.012662065176279868,0.25603766332464867,0.1873692506379044,0.13452776259888813,2.3134809797000964,2.5479170546862235,2.7314230311633745
LA2133,O,sun,low,amphi,2.9500435772451192,-3.1026240900272093,0.66783074718,0.025122095193089413,5.4502998194,0.009392058650434257,0.1672760441542091,0.10862056645007223,0.06929792166246705,2.6318772618089326,2.8246662651042302,2.953311879606674
LA2133,O,sun,high,amphi,2.9500435772451192,-1.6292977127738864,0.46279827355000003,0.010729225556964303,5.5392688752,0.005539334057999306,0.3789633604404681,0.2315705488353811,0.12713901719793017,1.900627722308558,2.411129128371151,2.7571320996453474
LA2133,O,sun,low,pseudohypo,2.81579000149126,-2.484767163273293,0.88995755065,0.037924086484536254,5.6151421261,0.011255877816867812,0.18886762456829645,0.125040945876425,0.08140785128764845,2.5558938634924377,2.7668970112690343,2.9130503036300848
LA2133,O,sun,high,pseudohypo,2.81579000149126,-1.3561601848996259,0.68783217101,0.024428957230725922,5.7933169611,0.00977770487599819,0.33589263887580645,0.2438602612876603,0.17382112792276216,2.0417041619291245,2.3603608283186466,2.60153937205498
LA2133,P,sun,low,amphi,3.1677746409347676,-3.0002587526822544,0.080772208677,0.004295958800616844,4.614911335,0.0028392403711909194,0.17835189663140483,0.06518423036536256,0.04808419654878404,2.5774280965671217,2.962953715842836,3.018735827516224
LA2133,P,sun,high,amphi,3.1677746409347676,-1.6458604195830977,0.51693102298,0.010229519363389117,5.5067664105,0.0043797939259871575,0.37268783114147136,0.2182812387923294,0.1138864075359303,1.8681220399705403,2.4185155003139487,2.7874214873441723
LA2133,P,sun,low,pseudohypo,3.07008943844987,-2.6185001889345485,0.14733653751,0.008916153521878587,4.9423438955,0.005580676935073683,0.15696597379096439,0.07396663624873732,0.036463119882362026,2.6710271307943865,2.931077436166019,3.0580925871970224
LA2133,P,sun,high,pseudohypo,3.07008943844987,-1.5807089980208622,0.49238350943,0.010669376732607294,5.3725021186,0.004680582540632495,0.28144628942963457,0.15702594075101203,0.07617427119099533,2.2142327881139336,2.654285280255125,2.925023832629618
LA2133,Q,shade,low,amphi,2.9614008583472406,-2.391883452649786,0.2947533102,0.0395331824166828,5.3318926024,0.022463876716047212,0.2171531282263218,0.11053371668658771,0.05253480552291553,2.460717416855279,2.8317737879970295,3.0076706127920287
LA2133,Q,shade,high,amphi,2.9614008583472406,-1.5147501513325543,0.41625033065,0.010394723103233892,5.742852076,0.00733807759451664,0.34074358416051226,0.23544838131264806,0.14908132499296461,2.040825293083853,2.400233989627279,2.6943719984752468
LA2133,Q,shade,low,pseudohypo,2.9268908695132323,-2.297569136823713,0.3886120907,0.03744878808836566,5.2611374312,0.020182883197763943,0.17891269551612396,0.10230654559529917,0.05619210970520938,2.5825785223316142,2.8504427972248325,2.992243675787177
LA2133,Q,shade,high,pseudohypo,2.9268908695132323,-1.4630330667867748,0.5265940207099999,0.026013939599671916,5.6259159759,0.012923466613561602,0.2867474617486356,0.19727719164078922,0.12751494854229115,2.239090067301414,2.542974457687745,2.7737546208778694
LA2133,R,shade,low,amphi,2.786870358125863,-2.398051885530309,0.37402830187,0.018991867333459214,5.0191947409,0.014114641219276027,0.1394282392736945,0.05631444737686439,0.04381178749214813,2.713424453345814,3.001773594484346,3.0327439067343827
LA2133,R,shade,high,amphi,2.786870358125863,-1.6837872376043157,-0.006514806521740001,0.045511199009327215,5.7584057489,0.088243319663223,0.21789851287637835,0.1813535548641804,0.1521892913011431,2.457245960939604,2.5673978577903283,2.6666811523399128
LA2133,R,shade,low,pseudohypo,2.7431946758117736,-2.2620179991311105,0.30354978907,0.021609705946719838,5.1082881617,0.01314014844319319,0.14521745665880564,0.09293723168521921,0.06337256942426747,2.6941761324695035,2.8661549060403,2.9634423464967967
LA2133,R,shade,high,pseudohypo,2.7431946758117736,-1.4524790730737027,0.08936420154,0.020813822767388378,5.5446903649,0.026023028460540033,0.22405398789486525,0.18611368688346874,0.1541681013371689,2.405976849234118,2.5425250341754597,2.652927865023516
LA2133,S,sun,low,amphi,3.013010086111404,-2.627807062925822,0.2393422929,0.009257491060930448,4.9975516974,0.005598963707482931,0.21750025989518845,0.10806960178551059,0.055629930727199545,2.4370150125707073,2.832307113652459,2.9967600373042065
LA2133,S,sun,high,amphi,3.013010086111404,-2.012266620744702,0.34110818184,0.010527804001935901,5.320488949,0.006005368611252452,0.312544378624024,0.1922318892751596,0.11128142731846802,2.1146135920422022,2.547052221327794,2.822588866344537
LA2133,S,sun,low,pseudohypo,2.8378468172479625,-2.7865919197882634,0.19054911177,0.004123466743412585,4.8743225105,0.0029608458676688744,0.12276964325174033,0.06823700723527405,0.04533563018278024,2.791351303534982,2.9577421955186285,3.0305930950072004
LA2133,S,sun,high,pseudohypo,2.8378468172479625,-1.4552638362552743,0.43602534355,0.01294648719444245,5.5021400765,0.006717032137062328,0.28088972509635335,0.15393396427785794,0.07285646127520054,2.2373980281828505,2.701834159494952,2.9535123491449156
LA2133,T,sun,low,amphi,3.0654482085945447,-3.297952076481665,0.33230318084,0.011872291346679758,5.1226200155,0.00736414841933484,0.12146641664636669,0.07929774248541097,0.056388214599427,2.7933492596858787,2.919547541079237,2.9948420393926374
LA2133,T,sun,high,amphi,3.0654482085945447,-1.4240482126798426,0.52514023541,0.008784269069688773,5.6339576794,0.003659314073446495,0.3747268815128539,0.20750883960909414,0.09834857297605386,1.9141072775695605,2.5001155382194304,2.8646336915970427
LA2133,T,sun,low,pseudohypo,2.925737025553062,-2.9156856858897653,0.1282041715483,0.041831681160079244,4.3609776328,0.029652182172038986,0.10815497204902998,0.08753345968505041,0.0813592909736867,2.8343895285510663,2.8827284050836384,2.9071921106544556
LA2133,T,sun,high,pseudohypo,2.925737025553062,-1.395290902810553,0.56000787764,0.02177260086176929,5.5154339938,0.008802906848417936,0.2917405034834264,0.18737397250034046,0.11391934312594114,2.2316033922335943,2.5897500733198204,2.8143546395522274
LA2133,U,sun,low,amphi,3.0530943713589824,-3.661128336894571,-0.0142365734208617,0.014567642336590251,4.4274685648,0.011531900435998704,0.15434718071420156,0.14388704870514352,0.1438761718491069,2.6728228175750974,2.694954903007507,2.6958693007530505
LA2133,U,sun,high,amphi,3.0530943713589824,-2.1529208692395647,0.32924048867,0.0072692190464413746,5.0454121174,0.004113214329418893,0.32388968643342303,0.22204869135850075,0.1657225778421927,2.0898220916231893,2.4584958613671386,2.658231557171347
LA2133,U,sun,low,pseudohypo,2.9084429983537614,-3.11131003333997,0.0411320391339,0.011701115682611576,4.475386735,0.009013330894578883,0.09320885143989852,0.06776761501661109,0.0543326737674447,2.880675591683356,2.955266624774244,2.997958724762458
LA2133,U,sun,high,pseudohypo,2.9084429983537614,-2.2199082658019758,0.20367499206,0.012923127218908082,4.8637432635,0.008443349849086677,0.17840237703968845,0.11139052524069684,0.06914895158961837,2.603196812462281,2.835677186827383,2.957494940801995
LA2133,V,sun,low,amphi,3.006332009861712,-3.82938266886601,0.080067309246,0.01800891893569569,4.8602653726,0.013618321731183436,0.09128928096212505,0.07497578678204457,0.06484312424217528,2.8723141056979253,2.9275694720366543,2.9647518479435826
LA2133,V,sun,high,amphi,3.006332009861712,-2.316205241864781,0.196088059,0.010533901484205296,4.77984452,0.006782024422268336,0.2565993390354075,0.1710942663081547,0.10833784568491155,2.3021282182937686,2.599073310749477,2.815082692332603
LA2133,V,sun,low,pseudohypo,2.858427718109715,-3.408053404109261,-0.219864547951,0.05167739851973646,5.4241023409,0.05867419566252667,0.09245889853964223,0.07098179645256886,0.058127936278019335,2.8932506553084036,2.941221163053234,2.9862875742233284
LA2133,V,sun,high,pseudohypo,2.858427718109715,-1.5169668502625875,0.48514155424,0.008115963587444744,5.5881189959,0.004091574282371197,0.29521426097660486,0.20155355682196574,0.1277741142384641,2.161204147586751,2.495852218487993,2.753915297971194
LA2172,AA,sun,low,amphi,3.0535973718053824,-2.5953747771203477,0.87187401334,0.014303977932942483,5.434537731,0.005168307256248812,0.23173427224537485,0.08275845957795491,0.06531683281651168,2.403576758774393,2.9172412867579456,2.9680719237383335
LA2172,AA,sun,high,amphi,3.0535973718053824,-1.7546285456298651,0.48540371157,0.012715246407947517,5.4976300203,0.005552500888168427,0.3531807124125677,0.17402993134693742,0.08524791437718249,1.9812491015330917,2.6108949527044847,2.9003483189142303
LA2172,AA,sun,low,pseudohypo,2.9390577872985046,-2.150200443244251,0.16170373092,0.007592106711504097,4.9835590122,0.004714066263281193,0.20481390739872007,0.10709518806190549,0.055494842114007605,2.4871624748200603,2.826796754361012,2.9964931313876146
LA2172,AA,sun,high,pseudohypo,2.9390577872985046,-1.3241350732522972,0.58135218093,0.015923933204813688,5.7342131236,0.0069217981140997815,0.3193237007994119,0.19904002728230566,0.11391355008418662,2.087401750924574,2.5096726353558685,2.807439197354296
LA2172,F,shade,low,amphi,3.0652674258391284,-2.6682431691826,0.20278065086,0.016204427237356996,4.8420839227,0.010470790736741299,0.13990691015054446,0.07915456475987875,0.049550991808553185,2.7154855690443807,2.9177635540366165,3.0142140875958217
LA2172,F,shade,high,amphi,3.0652674258391284,-1.6231411520472279,0.12990643447,0.009221719339934212,5.395944723,0.014765396390725403,0.25722895217741404,0.21063021125843479,0.17238207742523926,2.310812348782658,2.461801364597771,2.5936315329628554
LA2172,F,shade,low,pseudohypo,2.9817302937993633,-3.6148272696198043,-0.0625202465177,0.027052610498352683,3.9210685523,0.02341994807687878,0.054160273105987616,0.04343079314269192,0.040575969764741024,2.9941267652229335,3.033400117432546,3.045371228391674
LA2172,F,shade,high,pseudohypo,2.9817302937993633,-1.3628801362775436,0.28372606146,0.029996115220569337,5.4362127792,0.04625880880643384,0.22560733636041044,0.15498646124111326,0.10371630618880077,2.4188960465137135,2.656859477393456,2.8361349298185656
LA2172,I,shade,low,amphi,3.0262172917057932,-2.523515227423781,0.2284950258,0.016118667131468305,4.6023581923,0.009320240191283368,0.15360973286035695,0.08689440896846377,0.0570821858179544,2.6697010143289397,2.8913808796048452,2.9892118429900676
LA2172,I,shade,high,amphi,3.0262172917057932,-1.5461699061765284,0.36429994486,0.022635607750578955,5.3006048655999995,0.015035393614813984,0.26668878003108654,0.18338744516578961,0.12246080879145586,2.2597831906639065,2.5441219097722536,2.7583197131157164
LA2172,I,shade,low,pseudohypo,2.9966530531988473,-2.756366078615583,0.16936716402,0.01469293050357512,4.5134700716,0.009781236447135303,0.11030482904460852,0.06564116541527065,0.04557162753630732,2.814274212780499,2.9604813580312768,3.0270743634945534
LA2172,I,shade,high,pseudohypo,2.9966530531988473,-1.7929401093563242,0.250080351242,0.041808153720466236,5.2721745898,0.03290978544184946,0.19765376490366118,0.140387306429464,0.09684627732881736,2.492352821758274,2.691884038087127,2.8443011141053307
LA2172,J,shade,low,amphi,3.001765207142238,-2.1790189048791437,0.31026590884,0.0058544866183395635,4.7833527743,0.003415381285044442,0.20411530252909868,0.11161060811104298,0.07094918689779449,2.486193601986695,2.8060476018193015,2.94084449180414
LA2172,J,shade,high,amphi,3.001765207142238,-1.5966881000467348,0.20867354206,0.007958828528066546,5.0685391191,0.005241175476940764,0.2771448365789822,0.20918087065462992,0.1619729287988767,2.212128000471057,2.45707128104614,2.623327347082877
LA2172,J,shade,low,pseudohypo,2.9297900212800396,-2.377829889833605,0.12625906764,0.008121097399137134,4.5615610318,0.005158224904176907,0.1389839057812652,0.08335942050903132,0.0572429388545572,2.71585363937685,2.903889190945874,2.9879251056323546
LA2172,J,shade,high,pseudohypo,2.9297900212800396,-1.5521093864323021,0.34131997754,0.022574467748782665,5.1157225129,0.01346628482955245,0.22575494606266056,0.16324213216673253,0.11367059913141946,2.406694047640235,2.6250211633849663,2.794645883067613
LA2172,K,sun,low,amphi,3.1563700586362753,-3.0309872671764784,0.89781228192,0.042870963136234945,5.2624581538,0.013401195195169146,0.22255777257515977,0.13101249537942788,0.07533979207425556,2.431340997059106,2.738047163545695,2.925328007909188
LA2172,K,sun,high,amphi,3.1563700586362753,-2.0792941784736403,0.37397443432,0.011857194972024322,5.4717205452,0.006535902971593992,0.3668482638069896,0.25488932315814744,0.16365408167669604,1.8963495687733747,2.2908498029058713,2.6145987293134025
LA2172,K,sun,low,pseudohypo,3.066854284466175,-3.4966561181581737,0.32216672017,0.0322890747403613,5.9640348266,0.01962341529338583,0.11960210489427109,0.10394552098011273,0.09050180606471493,2.779245762454659,2.8291785076967395,2.8748722461416056
LA2172,K,sun,high,pseudohypo,3.066854284466175,-2.0598201223653367,0.30980645922,0.010555332000427442,5.0736572634,0.0057953846062703315,0.2811873858516829,0.20589972551797808,0.14799448984178784,2.1881439304266213,2.4568236482219934,2.666597956964137
LA2172,L,sun,low,amphi,3.1797171733312704,-4.315372112877834,-0.039913747871,0.008652801999401428,4.4450878037,0.007410660874450561,0.08641560972122024,0.04600965572462005,0.0371306498895817,2.8882988599836477,3.0262422574672208,3.058211088921065
LA2172,L,sun,high,amphi,3.1797171733312704,-2.073062107501724,0.52882922795,0.00639208321828048,5.6286120538,0.002641022081854365,0.3591550943588449,0.17696123024925242,0.07754539879709653,1.9277067769469458,2.5660979511368014,2.914753527920762
LA2172,L,sun,low,pseudohypo,3.090255535644558,-4.257441259538687,-0.044785815816,0.012370941543331512,4.7649626611,0.010858942350869923,0.06332243564790983,0.034090459703180184,0.020548511348910465,2.9643090640779537,3.065634943184661,3.1111348751260284
LA2172,L,sun,high,pseudohypo,3.090255535644558,-2.1706914363162766,0.26094514073,0.023940761125371208,4.8963959314,0.013310061708525578,0.26565796526102,0.13170493717819537,0.06365625118367242,2.2697603114379596,2.7531656872991754,2.966795437383743
LA2172,M,sun,low,amphi,3.184764551598063,-5.032786856597878,-0.100089260489,0.008203723715743995,4.5172440496,0.007520816376490564,0.05034004045958819,0.035991961473075026,0.033450071084338145,3.013014078192914,3.057553654756438,3.067926181473196
LA2172,M,sun,high,amphi,3.184764551598063,-2.003704609607173,0.17542661933,0.004038197361542005,5.3580776629999995,0.002637811600476919,0.33625529937980475,0.1721693447044757,0.08053267463582611,1.9959574831634253,2.5778636272525177,2.900363192949248
LA2172,M,sun,low,pseudohypo,3.0897255535881354,-4.973021950766223,-0.106729890911,0.024626088703883258,4.6709158306,0.029404623285558852,0.032482068366353624,0.0240514399129612,0.02078682767294597,3.0820627834487735,3.0945900747053248,3.1084330055303298
LA2172,M,sun,high,pseudohypo,3.0897255535881354,-2.317984768367552,0.27582595646,0.014614694521023567,4.4820355386,0.013148036057153567,0.2125297982267601,0.0393616710947997,0.03121392733477837,2.4516710954263266,3.0451852844394516,3.074273323980832
LA2172,N,shade,low,amphi,2.9843864337303994,-2.3968788909207013,0.123031440023,0.00725499689322777,4.824635552,0.004906123035637894,0.20388560432807687,0.07555915962203918,0.06040636904786962,2.4773723036587167,2.923945551735663,2.983721117131637
LA2172,N,shade,high,amphi,2.9843864337303994,-1.702299618414096,0.21082783661,0.02640531243475607,5.4634741626,0.02021979548003874,0.3135666724570235,0.24246597851279295,0.18571044140140006,2.12364554866181,2.358143948798585,2.5599759029284774
LA2172,N,shade,low,pseudohypo,2.9360110004304767,-2.0557410014418416,0.51892717806,0.05535144974970553,5.1614232797,0.04510890151349815,0.19775727572633123,0.16278400320140649,0.04386510866786724,2.504941907698412,2.6239820611603095,3.0301841071245006
LA2172,N,shade,high,pseudohypo,2.9360110004304767,-1.6765680606836246,0.33937303199,0.018363935454894818,4.981030859,0.009749433599065207,0.25281640252023263,0.1610750241757003,0.0989332967675222,2.363842915021841,2.644437784195455,2.855533210802416
LA2172,O,shade,low,amphi,2.9644231822025926,-1.7407419150875834,0.54847251292,0.0346454097883214,5.5252875365,0.018410762276242408,0.24528393286728034,0.17162498123524386,0.037278386665298834,2.369337624566974,2.6200812229245676,3.058810689771833
LA2172,O,shade,high,amphi,2.9644231822025926,-1.343166956513609,0.57261246152,0.023177108930328042,5.893892876,0.010967992323610322,0.3001664961957377,0.1635347687628843,0.08094538365468903,2.1787050761312114,2.644123496722854,2.9111825931498565
LA2172,O,shade,low,pseudohypo,2.8823138712902505,-1.439215861202122,0.73088151949,0.02661499440464738,6.0091611898,0.009513926352076126,0.22966346528108755,0.1233020828165882,0.06252762931083747,2.410390064345114,2.771681259187825,2.9732899199655334
LA2172,O,shade,high,pseudohypo,2.8823138712902505,-1.056026044754685,0.48580924925,0.020969085710832048,5.7347865464,0.013311808421267635,0.2720029803254349,0.20942446360693223,0.15474911661207127,2.2675454602381713,2.482101618764574,2.663919079286851
LA2172,P,shade,low,amphi,2.746147511364798,-2.750785519380947,0.15682030961,0.008320538206031866,4.5305311789,0.006017127821293377,0.1390875427277022,0.10427700462322789,0.09004297761835262,2.7158370631654285,2.8330156689222274,2.8787513155586564
LA2172,P,shade,high,amphi,2.746147511364798,-1.548035412813681,0.2394007938,0.021681682655191013,5.3109372048,0.015883008031506066,0.2741636144390516,0.19689558330709206,0.14261280943538227,2.2347066825588824,2.5022117151927974,2.6949667140503735
LA2172,P,shade,low,pseudohypo,2.690988050950871,-2.4168687269512135,0.18145403827,0.009439777092961787,4.7492663056,0.006399533033990982,0.12516256707301193,0.08270602985252778,0.06232873634624549,2.763861130149488,2.898302760721118,2.9689165615070876
LA2172,P,shade,high,pseudohypo,2.690988050950871,-1.2582391402578408,0.13563749499,0.01579764898521963,5.7418461868,0.018526490600163436,0.25263752247764654,0.1897368031540658,0.13793174184385754,2.322710233529974,2.528521285631388,2.712647547713045
LA2172,Q,sun,low,amphi,3.1141170732742363,-2.7280243297439033,0.35264526602,0.019666084251224864,4.8455083884,0.01139070911000338,0.22048508140199966,0.07499825539155568,0.044448611105067745,2.4628546283449464,2.935030527064211,3.03560011437795
LA2172,Q,sun,high,amphi,3.1141170732742363,-1.6919049641473802,0.46289967596,0.020319038176678662,5.753524609,0.010538068938889108,0.38024314006223003,0.19571689124006844,0.08770067223901132,1.9043416697971265,2.5267798944445885,2.8892312344999715
LA2172,Q,sun,low,pseudohypo,3.033736562056666,-2.3510354883481885,0.8092006367,0.012480602569037411,5.2363863406,0.0039836661020125445,0.20714911333743435,0.10268574899475312,0.04900534715475786,2.4990861536829985,2.843620091129213,3.0200003323323674
LA2172,Q,sun,high,pseudohypo,3.033736562056666,-1.565982329502971,0.46851268388,0.018358322507140153,5.3873710444,0.008284070359566654,0.3121751348427914,0.17014217851133337,0.08057810865986455,2.1312340491770754,2.607722504904806,2.9147209124036335
LA2172,R,sun,low,amphi,3.055148234792594,-3.8281652684037595,0.38861409637,0.022554418669456767,5.852854262,0.013557391434611873,0.11761087678402359,0.09588039672396759,0.08015073141650944,2.7809313704968264,2.858501368217393,2.9110886952286834
LA2172,R,sun,high,amphi,3.055148234792594,-2.610440930506786,0.39928497162,0.015352077532459544,5.2919786111,0.008575788777586853,0.25913056917144667,0.18682422840564694,0.12963624373025143,2.2872114475835392,2.546097065547846,2.7447911347393283
LA2172,R,sun,low,pseudohypo,2.9960199798979366,-3.328379740352097,0.14789416094,0.0038449935894307907,5.2579326567999995,0.0026113266290982346,0.1424215173657374,0.12306666676272769,0.11804065826631267,2.6936649223529465,2.7626662669001893,2.782152641836996
LA2172,R,sun,high,pseudohypo,2.9960199798979366,-2.013104490670888,0.37081364566,0.01438156703179452,5.4744776858,0.008691700031714135,0.2877752252173339,0.21657088042293504,0.16326069918867345,2.193641512368005,2.4461552843445986,2.637152808433692
LA2172,S,sun,low,amphi,3.1259002801864955,-3.073689832878466,0.10332058537,0.007615986828268579,5.0983035284,0.005048412483640612,0.1806201990276727,0.10352265551798441,0.05908993900243292,2.5715165574962806,2.834961451598665,2.983434136819996
LA2172,S,sun,high,amphi,3.1259002801864955,-2.045561336670339,0.34097156812,0.029231310095488013,5.8575659013,0.019815520648600787,0.3302507038534872,0.23395739598861146,0.1592312488480575,2.0297924706209267,2.3740073141274047,2.6376647062623926
LA2172,S,sun,low,pseudohypo,3.048305149398705,-4.12807239012065,-0.002237652865264599,0.014279994083117756,4.9193136122,0.01159004909704974,0.06097336677891204,0.030124324547993103,0.018088187426773445,2.9874604193373715,3.0797129671736485,3.1187523549111815
LA2172,S,sun,high,pseudohypo,3.048305149398705,-2.456716633758161,0.64550877314,0.04074816721035511,6.1950279492,0.020751249308880615,0.2105938073859429,0.11093015644591125,0.05271629667653185,2.4685808876359294,2.812073957410857,3.0031679450437165
LA2172,T,shade,low,amphi,2.8629032426046908,-2.556452730177465,0.20359132876,0.023354621417931022,4.943345708,0.01565381357544641,0.15206037383173623,0.08781817180507545,0.0518055055910787,2.675523424031361,2.8849556181505926,3.007514343674033
LA2172,T,shade,high,amphi,2.8629032426046908,-1.672698778964389,0.17088610599,0.01596725496966772,5.4798774949,0.01319321001482271,0.25792647246544814,0.16653020475783323,0.10202985649337262,2.2926592723834456,2.6176716209226005,2.8364400886636396
LA2172,T,shade,low,pseudohypo,2.7855540506883494,-2.5350575956605965,0.31115279683,0.03219133608079583,4.9956990295,0.02012890191470292,0.11440871362775215,0.07422910435895205,0.047337321668465805,2.8057173747308233,2.929004059282121,3.01799304517737
LA2172,T,shade,high,pseudohypo,2.7855540506883494,-1.5913021216536587,0.144441940596,0.03918901354616043,5.4680238162,0.03914751672749559,0.20780508452277419,0.14054253774496353,0.09374131373686134,2.4718933252231996,2.7091369958411216,2.8658629431130263
LA2172,U,shade,low,amphi,2.7956911284368346,-3.2453742518297126,0.069644681789,0.008618125739608597,4.4362260046,0.008106785183844209,0.05640005008555477,0.04352432557723826,0.038706035002376425,2.990323566001968,3.0311796903552564,3.0502056195144305
LA2172,U,shade,high,amphi,2.7956911284368346,-1.093320753976037,0.028320476964457,0.026049851817194207,5.391798865,0.03366838930440371,0.24688827569660118,0.1956504701720333,0.15384207961180676,2.3699141860230126,2.5229564948662917,2.667350089908489
LA2172,U,shade,low,pseudohypo,2.7361867119707473,-3.4053672428630546,-0.02768026304427,0.00710798342713179,4.4709976574,0.00886723323757049,0.04514980047313208,0.03790966794542026,0.034697621472699024,3.0352757360872182,3.0498988777436384,3.059164606336692
LA2172,U,shade,high,pseudohypo,2.7361867119707473,-0.8887346634774644,0.26635507331,0.03905096132020791,5.3213879041,0.027413719391853192,0.21782915606348352,0.1435728635639605,0.08993937346858555,2.4551249147553333,2.691386922311999,2.881954053881577
LA2172,V,sun,low,amphi,3.0113597098730653,-4.258370108339521,0.007352045187153001,0.03374054536828216,5.6699534237,0.038473766373724426,0.07547457840880278,0.0717218128961295,0.06869925236397774,2.9208904310318613,2.9396089262439746,2.949981093401246
LA2172,V,sun,high,amphi,3.0113597098730653,-2.37670997548043,0.33390981726,0.019262481354362617,5.0295953515,0.011031083723444919,0.29077233798444574,0.16882774231963432,0.09028110423092375,2.1718429107927957,2.6009667955196893,2.869047257312421
LA2172,V,sun,low,pseudohypo,2.931586522006579,-3.707749510302558,0.07011420904,0.00264994958322907,4.7766567474,0.0019375087908982595,0.08432685722681425,0.06700556920935984,0.05804322834061245,2.90205780578864,2.953718163722325,2.985341511168836
LA2172,V,sun,high,pseudohypo,2.931586522006579,-2.2960306764671556,0.36245711014,0.009789332760400846,5.0161927185,0.005457994775855047,0.2300865293889258,0.14929616626357697,0.08961658183681702,2.4003655612489165,2.6747577486057166,2.8789004659878192
LA2172,W,sun,low,amphi,3.143542703222317,-3.2863544510984877,0.23717798928,0.026408948911036297,4.7162776355,0.01952467504412939,0.2131084229946468,0.12966171893525769,0.08180384686609626,2.4548439453644297,2.7559099163152596,2.911458339152008
LA2172,W,sun,high,amphi,3.143542703222317,-2.4009041753846385,0.36203121207,0.021346653697128817,5.4609582999,0.012515866739419573,0.35349284548113663,0.24010981024623562,0.15388498308195284,1.9843385535494873,2.416984618684159,2.6905722795658535
LA2172,W,sun,low,pseudohypo,3.0637611465429644,-3.3924922277637477,0.23681380221,0.01612944797490396,4.5309840846,0.009002661988403231,0.14398781636101954,0.09233238867719726,0.07193479920879879,2.7156560277409696,2.8721083374700593,2.9347147008153103
LA2172,W,sun,high,pseudohypo,3.0637611465429644,-2.3681053815045248,0.42018798648,0.022075584328510492,5.3717407506,0.01287449885314373,0.28104497071842216,0.1880418444757546,0.11657280740722505,2.275927868297454,2.578913258116489,2.8106889569825886
LA2172,X,shade,low,amphi,2.8136850797763038,-2.6992530015350193,0.0110644827092726,0.012117092166985616,4.6536321356,0.010006002096714362,0.11347078548940816,0.08459739307732334,0.07071827821755179,2.802450063231618,2.8961933685787518,2.943578647540408
LA2172,X,shade,high,amphi,2.8136850797763038,-1.6862387711135063,0.14360145227,0.010054335268967388,5.1973270755,0.008154377140676154,0.2152194208009322,0.14981246493202763,0.1042140652131541,2.4460897459388034,2.6778146166296213,2.8309709326730714
LA2172,X,shade,low,pseudohypo,2.767450509969468,-2.298522664378919,0.088027379794,0.007484799567055388,4.9476304315,0.006174985462233629,0.11781938651028293,0.07830899018337481,0.05680727189197593,2.7864472258388604,2.9116439076792187,2.986382741040789
LA2172,X,shade,high,pseudohypo,2.767450509969468,-1.450871471872265,0.24149093507,0.013412344492657923,5.3144413951,0.010096456060726062,0.2050502457684034,0.14979410989018224,0.10650663329764663,2.476642605289239,2.6763700942306716,2.824050977973362
LA2172,Y,shade,low,amphi,2.8874011552656005,-2.4097396527846433,0.22259566146,0.01368249799182166,4.9529291705,0.009778905262859421,0.1278503485086866,0.08689663586895349,0.06390110654454595,2.7524117633675793,2.890984256874984,2.96626813776217
LA2172,Y,shade,high,amphi,2.8874011552656005,-1.4241768653249438,0.116624538434,0.017309420578669316,5.6016596229,0.02041358542533338,0.22964673209435815,0.18314573849032428,0.142698962540206,2.382777434872339,2.544866156483007,2.686363477055537
LA2172,Y,shade,low,pseudohypo,2.8644790933745115,-2.6533753845279087,0.101269290805,0.006972445474426503,4.6857082866,0.0049475016270588805,0.09535067734215721,0.0667161911496012,0.05262191791989937,2.867497017260379,2.9536825870696903,3.003112243968551
LA2172,Y,shade,high,pseudohypo,2.8644790933745115,-1.433836951118443,0.100716926502,0.02276064809873592,5.6480681132,0.029156516646452826,0.20299875898614592,0.15101619097089475,0.11158711417598835,2.4808557895024945,2.6685523271727565,2.805434956261293
LA2172,Z,sun,low,amphi,2.8821141493107367,-3.5057486425708873,-0.025680524882,0.008471063806052245,4.8727797047,0.00854576286797051,0.12033172892157795,0.07899288394349882,0.0612943426602936,2.782957328453714,2.913658334959349,2.9755104018223295
LA2172,Z,sun,high,amphi,2.8821141493107367,-2.0444174743797254,0.30082519169,0.014323225320758302,5.0692894273,0.00875369144798302,0.3103119786745243,0.1806961617124858,0.10062332308508252,2.1103739687826177,2.5619251011916804,2.8373202390539642
LA2172,Z,sun,low,pseudohypo,2.7719097495255585,-3.7337569564337194,0.33902487556,0.032191994384924025,5.5756213077,0.032582227657223455,0.07609895374031976,0.056797442492852575,0.04549338779967224,2.9265963389197394,2.988975665019444,3.0249285899871095
LA2172,Z,sun,high,pseudohypo,2.7719097495255585,-2.3542656552872887,0.37488805901,0.015562296355968902,5.260295018,0.008846783948480213,0.1962636819113318,0.11307536506364682,0.0624154182782924,2.501501086671445,2.7932333107332825,2.9679398029599198
LA2744,A,sun,low,amphi,3.259874783318764,-3.418524942746855,0.15023890143,0.007476934448650493,4.9586195144,0.005661394479371991,0.17314248882252184,0.154714534214059,0.1386135921100408,2.593103201458604,2.6608300171648125,2.717552545841049
LA2744,A,sun,high,amphi,3.259874783318764,-2.2284923056190378,0.23233309846,0.012645272219454452,4.9165728044,0.007323539504419514,0.3449111905718709,0.24812450064258978,0.16914970110549996,1.9802429343961554,2.3210153455244886,2.5965419524046167
LA2744,A,sun,low,pseudohypo,3.192111323017411,-2.9987819219116143,3.1614154520053005e-4,0.011627658886185643,4.38833543,0.009156451069627926,0.17213852545826636,0.12984446255394727,0.11430234401047243,2.5924516870195298,2.7237217404838794,2.7846801619365116
LA2744,A,sun,high,pseudohypo,3.192111323017411,-1.9924595570518446,0.17761566865,0.008199978857169738,4.8049686739,0.005035849383174484,0.2993833419120695,0.2393570083570141,0.19498561650679466,2.110651025513506,2.348934472590302,2.4963381457589375
LA2744,H,sun,low,amphi,3.0057145079924594,-4.353837373633153,0.006817544979385999,0.015992494167948998,4.2857559569,0.013366243603027305,0.09278056718370667,0.07754524243475376,0.07222450333086583,2.8666669909937346,2.9207303671291367,2.939301186942201
LA2744,H,sun,high,amphi,3.0057145079924594,-3.0616442486450595,-0.0465274179747,0.010097044822932801,4.5708323401,0.008714576289494957,0.2194599709807802,0.17437260891042752,0.14535318427002925,2.4388831128803625,2.5931742393178796,2.6894572554595033
LA2744,H,sun,low,pseudohypo,2.918067705499775,-3.815028350713242,-0.0184868295288,0.006124312681874655,4.4737477364,0.004930055048932068,0.10128721355470716,0.08835640178579693,0.08059889275318702,2.841947377583662,2.87378571150375,2.9046050120005074
LA2744,H,sun,high,pseudohypo,2.918067705499775,-2.3004735748929095,0.0332494623555,0.007117303212795991,4.7493855959,0.005737969938904613,0.2543927711520246,0.18269237925140094,0.12883339774953986,2.311899498323856,2.548952710099089,2.7409567845809484
LA2744,I,shade,low,amphi,2.8706307356996263,-1.8217828265642377,0.22650476973,0.015616876947679248,5.0180242937,0.008194037945246447,0.26193398812824237,0.16337666975362908,0.12575788172004768,2.2874373190548623,2.6282455588505105,2.7574638191264564
LA2744,I,shade,high,amphi,2.8706307356996263,-1.079100222977062,0.31989905594,0.014871292813250125,5.9658617058,0.009480436877660097,0.3603684488647225,0.30703346183905966,0.25841824497100446,1.9102882482845565,2.103202111012875,2.2781361802775733
LA2744,I,shade,low,pseudohypo,2.8254099980198895,-2.11094776890757,-0.019257814674829,0.010087049164234405,5.0091276107,0.009197648426635762,0.17338603659562582,0.1267350304605659,0.0951679216208905,2.5921554009046783,2.748563544331346,2.8572906455558362
LA2744,I,shade,high,pseudohypo,2.8254099980198895,-1.3400144433582937,0.140996625202,0.025540174498503286,5.6715969904,0.02485896377106334,0.2584821338175725,0.22014420984499591,0.18944756752802863,2.2796342673939827,2.4181925707740497,2.526395845260094
LA2744,J,shade,low,amphi,3.034229059440664,-2.6346971919506057,0.060393855401,0.008728048867726225,4.5498009729,0.006450118192082028,0.13732822333122235,0.09815600776154472,0.07945815538045539,2.710430863370595,2.8468565428677093,2.913191752282308
LA2744,J,shade,high,amphi,3.034229059440664,-1.359339574017152,0.23369547224,0.018315846509280656,5.2371791484,0.012684316660436186,0.28857009181344856,0.21313365701728257,0.15369836157453415,2.17054260105713,2.4459284862379826,2.6613468407918512
LA2744,J,shade,low,pseudohypo,2.9798814309201136,-1.6314300181322203,0.108853614278,0.004815397675992856,4.8848922078,0.0033180268087438193,0.21482368473805097,0.15486441833678966,0.11857039344582411,2.438515394941593,2.641349218303737,2.7712750982392547
LA2744,J,shade,high,pseudohypo,2.9798814309201136,-1.2355010350566193,0.096903437283,0.016629794462763123,4.6874383408,0.011202900097113317,0.2643870490106514,0.2312404320541809,0.21095010045886894,2.268644536346393,2.377609324630005,2.449159371346313
LA2744,K,shade,low,amphi,2.899794003879151,-1.6392377760005705,0.50969337646,0.03151477295699389,5.2505584667,0.014350129491004233,0.21755716156580676,0.13651779751114085,0.08228037839595184,2.4541700928322676,2.7260506780997393,2.905930641616547
LA2744,K,shade,high,amphi,2.899794003879151,-1.1840467875671732,0.160245833265,0.026073829146417538,5.9197882275,0.021846288809803716,0.262943375837649,0.20641558649587277,0.16211967601078628,2.2690455995789494,2.4687079764663755,2.6240448114713524
LA2744,K,shade,low,pseudohypo,2.86325469283121,-1.6581735679443048,0.41294237089,0.02350336011620364,5.1925852598,0.011672250544881498,0.15547388778269447,0.11436306442644252,0.08360229997245121,2.6460009673302216,2.7895901871358584,2.8946982766734415
LA2744,K,shade,high,pseudohypo,2.86325469283121,-0.9027071211768455,0.31812749005,0.022246886119514205,5.9460286551,0.014837706026426067,0.22968881288157472,0.18213925775593606,0.14266224137468142,2.380953851966203,2.5526854167113724,2.692303188230902
LA2744,L,shade,low,amphi,2.947788255555544,-3.009339526564217,0.25446866391,0.022458077883714112,5.0547945567,0.01591351963282352,0.06928746993461465,0.05071230217854347,0.03765971279757575,2.954305464363027,3.0120790761015375,3.054672780113743
LA2744,L,shade,high,amphi,2.947788255555544,-2.6438848930781913,0.127595986478,0.016271805164428974,5.0157480185,0.014077716099723423,0.09269143468595925,0.07086043581173923,0.054198847825586476,2.8967363041213186,2.950135953212799,3.0034304717380844
LA2744,L,shade,low,pseudohypo,2.9167963962738384,-2.757330316212027,0.1987202872,0.01246748032002022,4.8742077709,0.008645936874592737,0.0841324901028911,0.06743521565502127,0.05764078724585363,2.90375931834805,2.9505922479682987,2.9848019831875123
LA2744,L,shade,high,pseudohypo,2.9167963962738384,-2.700203871955724,0.123191716168,0.03137895253298824,4.632775148,0.026909400770677404,0.08785305706490923,0.07821048480039348,0.07488389914178602,2.9213037379502285,2.9193770165354116,2.9296219919603645
LA2744,M,shade,low,amphi,2.7924724522647413,-2.1282767630998936,0.24480844504,0.027389128253796677,5.0366304922,0.01852389040383884,0.21182856990668633,0.14585487086847365,0.10037256385308976,2.4660836378137705,2.687324127578283,2.838897823666466
LA2744,M,shade,high,amphi,2.7924724522647413,-1.5395995646919114,0.15797706851,0.009459372465021465,5.008766839,0.0072125738799247215,0.29144934168864006,0.25761268507504337,0.23355757250491657,2.1598994303384593,2.2849640789692782,2.3748381342620264
LA2744,M,shade,low,pseudohypo,2.758072626559081,-2.275613966760613,0.24448231,0.019043455676627744,4.9360162236,0.012870878556850275,0.16900475948849566,0.12265644537648027,0.08780907415628639,2.601800636322349,2.7659807854337615,2.8838458988338322
LA2744,M,shade,high,pseudohypo,2.758072626559081,-1.523862358576601,0.11063227112,0.02152321671903792,5.1530088715,0.019330750634902572,0.25433242902391034,0.21957115135072136,0.18996906973083527,2.297605406161101,2.41997416645649,2.5255273903093642
LA2744,N,shade,low,amphi,3.1058140833615018,-2.5823462980576255,0.0432042986994,0.012224417216373287,5.1957972775,0.011116966141340504,0.1669828893773051,0.13309608128466183,0.10781370570360925,2.6065781007981634,2.7159631680775274,2.811945686433368
LA2744,N,shade,high,amphi,3.1058140833615018,-1.6991456614714813,-0.027091735452816,0.015565709143546835,5.4833198507,0.017655942002460085,0.2856021941234217,0.24077663953619624,0.20367587392032363,2.1739508467677693,2.3365711357144905,2.4723763850444103
LA2744,N,shade,low,pseudohypo,3.0537778266259146,-2.7333056627722847,0.0315206995873,0.010298414908999822,5.197283737,0.0080725503045004,0.13722937384174907,0.11144825013926918,0.10243753275291151,2.7052926402204767,2.798807365359079,2.8293603620741363
LA2744,N,shade,high,pseudohypo,3.0537778266259146,-1.7333068883517462,0.104103525971,0.010845575615504609,5.281584251,0.009190370050540122,0.24676046972726887,0.20386885020896472,0.16888722417871002,2.3519456955659277,2.483755957193648,2.6050171256006442
LA2744,O,sun,low,amphi,3.144734350449604,-2.5098273137451756,0.18401634424,0.00841806588665177,4.7916983638,0.005165811302707897,0.2666260405522947,0.12989027627900995,0.07239264313373915,2.274262711770899,2.743592468134959,2.9368676903318693
LA2744,O,sun,high,amphi,3.144734350449604,-1.7471071523567567,0.35188247891,0.0135707973147992,5.7154017284,0.008468075654651791,0.3829460754179119,0.25679267396190864,0.15641543783213901,1.8362936627207271,2.289745592072702,2.6464889888806304
LA2744,O,sun,low,pseudohypo,3.0518959304163746,-2.267068228171219,0.29136585114,0.01157080984435986,5.167234609,0.006615366024733651,0.23278904357673708,0.09796749931000785,0.04164711531780869,2.394849950944878,2.8519014701163505,3.0378985902126496
LA2744,O,sun,high,pseudohypo,3.0518959304163746,-1.507851571514157,0.38036315144,0.009985063443176522,5.6694779056,0.005246178820525054,0.3231338308970391,0.17544387196596734,0.08651484086888739,2.0316636407740702,2.5653151920859525,2.8801656978272527
LA2744,P,shade,low,amphi,3.0935582159371724,-1.9284120248851568,0.31876971496,0.010058347410762097,5.8460236655,0.006860465109382645,0.22267530793399756,0.14114092114448745,0.08703484940802503,2.427776347722779,2.7131908895443173,2.8939162488271633
LA2744,P,shade,high,amphi,3.0935582159371724,-1.3579359754610867,0.28687787127,0.014463420710937992,5.6024824362,0.008828432301366361,0.30349633856034886,0.22269564613423232,0.16082749975116406,2.163202689852664,2.435061000582838,2.6476178894368725
LA2744,P,shade,low,pseudohypo,3.0471513078281536,-1.4189357404185294,0.0398125797142532,0.02576983513317924,6.0011871264,0.03521797371733638,0.22031958593892764,0.14534806836769443,0.09165164533537373,2.427515153765774,2.6887730210940424,2.871551716551137
LA2744,P,shade,high,pseudohypo,3.0471513078281536,-0.9800523591669196,0.112934516263,0.017371365066647236,5.8558497201,0.016997999385236703,0.3033252425825572,0.24742262835423295,0.20515340841454294,2.1547858096542347,2.3506343821424176,2.5027322208545297
LA2744,Q,shade,low,amphi,2.9954667012808014,-2.8628768861680354,0.125310797061,0.012629633394017096,4.6305187441,0.009165362779602724,0.13261948158569514,0.08147457570687541,0.048262383511234276,2.7338062873175693,2.9012299746992962,3.0136807354384
LA2744,Q,shade,high,amphi,2.9954667012808014,-1.8101928968227718,0.142755160077,0.022643507404524126,5.5052704753,0.021308133335204003,0.261502133892243,0.19791623105081105,0.14929670722773836,2.2783250595115505,2.4999267728236028,2.6758563481515227
LA2744,Q,shade,low,pseudohypo,2.9575810621596763,-2.3663678058471613,0.18009117917,0.009769034478240507,4.9759991994,0.006203155886144358,0.1645938250031454,0.0948388663300583,0.05448245176177173,2.6254961994368866,2.8557516547532886,2.9928756238384095
LA2744,Q,shade,high,pseudohypo,2.9575810621596763,-1.8035578657648617,0.26914509734000003,0.017579174977565306,5.5894257126,0.01241840883921202,0.23882682134194294,0.18944805034716755,0.14947923529360926,2.383603760885592,2.544531928788956,2.6806736687554302
LA2744,R,sun,low,amphi,3.1485798200200463,-2.6754502960891067,0.2744486002,0.02489938669869228,5.1958921754,0.013195420269237219,0.2872402842339379,0.136071677804465,0.05734172653343691,2.21867292693856,2.7317161472665257,2.988897389109616
LA2744,R,sun,high,amphi,3.1485798200200463,-1.8805721315394746,0.47993589139,0.014305236336147187,5.6948626173,0.00661648108374098,0.41794127993858543,0.21292122611884143,0.08480621531914341,1.7590369471874199,2.4706844820048772,2.8978870487114627
LA2744,R,sun,low,pseudohypo,3.0708813448251573,-2.442209962979961,0.3323890366,0.016450686391476278,5.1659187399,0.008039529325061663,0.2453771475458821,0.13269664025700484,0.06552131738428443,2.378970978555603,2.732173532492331,2.9603844075695323
LA2744,R,sun,high,pseudohypo,3.0708813448251573,-1.8324636959295943,0.33203048171,0.028422987307751762,6.0333567764,0.018288062801157013,0.3352440770013288,0.22630825395274995,0.14118265089641588,2.0347269269002406,2.416368626734172,2.720893092330477
LA2744,S,sun,low,amphi,3.2659498499301334,-4.027511330894112,0.13051844525,0.007743867322547098,4.5303599446,0.005686536072423508,0.10884935255287671,0.04924463097591014,0.029219256825942175,2.81995257291598,3.0167651140561973,3.0844731979661217
LA2744,S,sun,high,amphi,3.2659498499301334,-2.240583492000964,0.20840873048,0.015924173704535177,5.157277868,0.008616546898022538,0.3593500904337426,0.16764891407676355,0.06524837897472878,1.9792698746235302,2.6256363466293644,2.962302525226482
LA2744,S,sun,low,pseudohypo,3.1602328957328676,-2.467754351388684,0.93499278324,0.03273674518090302,5.5867415864,0.009221306107928045,0.22952066746264715,0.10932272972474226,0.043393590306691085,2.4144310885653195,2.815559873785623,3.0366618466086335
LA2744,S,sun,high,pseudohypo,3.1602328957328676,-1.6479956792933317,0.40662430279,0.017534103661990867,5.6719329909,0.009004026061681896,0.3442349791816828,0.18223857764015639,0.08025085235794255,2.023038453643335,2.5801560482664816,2.9167450416805005
LA2744,T,sun,low,amphi,3.136494369206226,-2.3051468760676226,0.03765100704082,0.011746325042082858,5.5990507132,0.02371233430450183,0.3103395482962077,0.22887603789941888,0.1643999648483809,2.1087720417588676,2.402464023651695,2.6266290117667648
LA2744,T,sun,high,amphi,3.136494369206226,-1.4992332348817115,0.31629246081,0.010524742223567207,5.8407587123,0.006518964112929643,0.4299361929356384,0.32052698606975866,0.22724792389106288,1.6569956815879918,2.0548894658361103,2.3904565117542553
LA2744,T,sun,low,pseudohypo,3.119494613830087,-2.7061393565499117,-0.052322998511,0.003811188665975195,4.8052043442,0.0036837218041862216,0.18372830071058002,0.14060233446682394,0.114060195667154,2.5584386104674013,2.7019515000761354,2.7928521878484847
LA2744,T,sun,high,pseudohypo,3.119494613830087,-1.8861218150682204,0.0168601841572,0.0056907533650882745,5.3185073398,0.004993523126377769,0.28420081858506513,0.2191872889336962,0.16502605696350073,2.1683660767663624,2.4072253513172757,2.600782990560926
LA2744,U,shade,low,amphi,3.0209699372611625,-2.0599721668991204,0.34635382297,0.024377228010796653,5.1805126801,0.014625406388026594,0.2514180960902149,0.18658222396228946,0.14551818892089247,2.3042682067517317,2.5377571403331745,2.6791714605835715
LA2744,U,shade,low,pseudohypo,3.0001163209970594,-2.4878826816686,0.010314949354804,0.010711780539099337,5.1648109298,0.013209690405672861,0.13155019330520762,0.09933945651333287,0.07600438775120878,2.7687113375778902,2.8421463302100625,2.919443839852817
LA2744,V,shade,low,amphi,2.9065945371926505,-1.9841670688591244,0.35376713573,0.04057922215808642,5.5865557228,0.031137198093176482,0.22422066825400708,0.13896650214007353,0.08018394137600418,2.4359767831673893,2.723713865551621,2.9167626124579615
LA2744,V,shade,high,amphi,2.9065945371926505,-1.3558850463618293,-0.074206101095,0.01061047691438689,6.1734348713,0.023770125912865942,0.3104178796590392,0.2582676269522096,0.2110486496268481,2.1325028734842832,2.319641500207421,2.480830048974134
LA2744,V,shade,low,pseudohypo,2.8402925071432055,-2.1220648572622878,0.28073538727,0.022210974554983127,5.1350866702,0.01518807628868919,0.16014896456654568,0.11601485609645795,0.0870727210030998,2.642960816873051,2.7912937352286864,2.8872577986969166
LA2744,V,shade,high,pseudohypo,2.8402925071432055,-1.3057176059235671,0.117162002543,0.011195477500000611,5.5687369563,0.010113900924117429,0.2602914151977999,0.21861486933927485,0.18156251787293473,2.3135469892750207,2.45708554575444,2.5853357536902353
LA2744,W,sun,low,amphi,3.252133429831166,-3.4080774013395247,0.12280242438,0.005162369187951719,4.5569984384,0.003740459996702596,0.14652422495506764,0.10627633075642456,0.08484929394134345,2.6826926861799993,2.821266765353319,2.8940002415824453
LA2744,W,sun,high,amphi,3.252133429831166,-1.5138284889179383,0.3809534441,0.006292122079791316,6.0320224881,0.0038345150706517632,0.41544020540082993,0.273490727899011,0.156069414968525,1.6904907440210664,2.2091176962659027,2.631650783870744
LA2744,W,sun,low,pseudohypo,3.138400914599429,-2.972823389433805,0.23371648103,0.016182612643210102,5.1644705873,0.01089647423289371,0.1412707455944229,0.08742875680525383,0.056385057256971065,2.696758921315343,2.8823916359416986,2.989307821496494
LA2744,W,sun,high,pseudohypo,3.138400914599429,-1.5974930785018662,0.44256174989,0.008858252267918752,5.2567939332,0.004209426714661264,0.3041893891253563,0.16365999858128663,0.078748959937086,2.1017064322615524,2.6365818494540827,2.91775999831634
LA2744,X,sun,low,amphi,3.0985425699134255,-3.0496297473279688,0.27803943895,0.011813044287335085,4.5542334621,0.006808069118142891,0.19458729858650972,0.10966484916018282,0.0682449118677331,2.534311537124982,2.827135513823137,2.949013503916018
LA2744,X,sun,high,amphi,3.0985425699134255,-1.9757907362120424,0.44477414822,0.014584643843980923,5.3533812192,0.007181905307808053,0.36664997542234834,0.22707225237059364,0.1207881050304003,1.937151909360309,2.440725929390562,2.7905601969331917
LA2744,X,sun,low,pseudohypo,3.0319092396851106,-2.6722880127987447,0.16728243079,0.005057517504581196,4.5072354067,0.003831190645737849,0.19163169516487447,0.10812555583605381,0.07143628165533017,2.5567943808376374,2.814135352359929,2.932431880503932
LA2744,X,sun,high,pseudohypo,3.0319092396851106,-1.737250104700395,0.38185857649,0.01551545457765661,5.5111644598,0.009716057441768025,0.3311486486282094,0.2512581777796421,0.17660978932937701,2.0987639104175266,2.379039687288434,2.6166947782802286
LA2744,Y,sun,low,amphi,3.0716370915869713,-2.263837868246455,0.18288362282,0.006822138638315538,5.4172961172,0.008097047188371499,0.2596226302409149,0.20374252625638384,0.1593188237539043,2.276820755869469,2.4774707113822716,2.6318581542399504
LA2744,Y,sun,low,pseudohypo,2.9234030147851526,-2.423479043629798,0.012078156859862,0.010861342240222775,5.4693402571,0.01803888308215954,0.171758027925622,0.1399500683479786,0.1154004068514617,2.589851716723741,2.692665986590764,2.780117046469239
LA2933,F,shade,low,amphi,2.8502421521473704,-3.365845136556135,-0.1244220767,0.010745552335028549,4.3666153021,0.010621792028633633,0.06424200626121988,0.05162361205554372,0.044548885767033274,2.9776524458615508,3.005666315147262,3.032491962465897
LA2933,F,shade,high,amphi,2.8502421521473704,-1.4527770636159232,0.25189316012,0.01510195310556086,4.919561539,0.009313115339380453,0.1820851162972419,0.11340159726724869,0.06916055565861155,2.5710315641738326,2.8001053212480986,2.9498677010848655
LA2933,F,shade,low,pseudohypo,2.8168690853332117,-1.8976971201269002,0.37772617582,0.021196583205238807,4.7345302706,0.011447783652739756,0.1220144463095837,0.06329612659451783,0.04122258006817751,2.7761786610475503,2.9718975227179407,3.0426097442859614
LA2933,F,shade,high,pseudohypo,2.8168690853332117,-1.8464448412335237,0.044720097861,0.005907445998009428,4.4449981008,0.004435504744145224,0.11409949163380737,0.07235498511470882,0.050516134857235474,2.8080522636366076,2.951337995669939,3.011252345182976
LA2933,G,shade,low,amphi,2.919548840456349,-4.50440050035161,0.0010822951717429441,0.003122885561170883,4.2065133677,0.0025339737457303582,0.04577405867392579,0.031004704011615987,0.025902072106742474,3.029508372702067,3.0721046289161498,3.092882243384735
LA2933,G,shade,high,amphi,2.919548840456349,-1.9063000424875394,0.33728989231,0.02841295989846916,4.9015231808,0.014556471513008944,0.2897499990207921,0.15260767033631767,0.049065193754812456,2.1736987905174088,2.6552260670627534,3.00846234862343
LA2933,G,shade,low,pseudohypo,2.8311061987109243,-3.5863586593776153,0.027179975988426,0.013260699151842597,4.2146760773,0.009435112739413354,0.06866027084695078,0.04118541788382344,0.03615484723355381,2.955585837451309,3.0391209894907605,3.0539907735125023
LA2933,G,shade,high,pseudohypo,2.8311061987109243,-1.888473015522237,0.2105605275,0.013982912632629168,4.6866942125,0.008974195254446987,0.21926836480531262,0.14592873447244034,0.09615262613039202,2.4281442919189633,2.6905486319793295,2.8521541860338098
LA2933,H,shade,high,amphi,2.8016256863042477,-2.1708518832865935,0.23170899404,0.012769504885226327,4.3399845178,0.008621135107844591,0.15583200243015582,0.06394139623411937,0.051823051623734726,2.680368697808695,2.9783490569010547,3.0081948593418564
LA2933,H,shade,high,pseudohypo,2.7454770886660795,-2.3416347261524217,0.113018233929,0.008240729269383254,4.2360556931,0.005568794360098738,0.1674490900725081,0.11923790218548187,0.11297792761856025,2.639332207418885,2.790478674032181,2.809761656847049
LA2933,I,sun,low,amphi,3.0099393020280503,-3.486690315372515,0.065302383906,0.00522252943669441,4.6543045761,0.0038836987570297072,0.1259648783217491,0.07468413926957945,0.04495351407922977,2.7664439646227494,2.9291311101061015,3.0295055674830187
LA2933,I,sun,high,amphi,3.0099393020280503,-2.315599002478739,0.022250802992,0.003874372372890865,4.7692032961,0.0027673010927061347,0.2728885614059039,0.13778204333084682,0.07078199940533003,2.233937515070515,2.71904783813869,2.945234361621355
LA2933,I,sun,low,pseudohypo,2.810670235519973,-2.8442853104974266,0.261172025898,0.051304812445815286,5.1500951341,0.030300178180968584,0.08356111017113181,0.05350612136302412,0.03175029456090857,2.90729692902265,2.998774294206617,3.0748569304774507
LA2933,I,sun,high,pseudohypo,2.810670235519973,-2.015447459673918,0.072286777695,0.003709212000261779,4.9408913438,0.002846915566673053,0.1495947481903513,0.09032628682626268,0.053904008190168065,2.6849269874493027,2.8871946802618798,3.0031674351424273
LA2933,J,shade,low,amphi,2.9415868010766735,-2.164327270127689,0.03954613431449,0.017389524007841106,4.7881035117,0.011130136912982463,0.18121191745199458,0.07004502403850876,0.023685719318813685,2.582370718696911,2.9580183262411857,3.098014872985581
LA2933,J,shade,high,amphi,2.9415868010766735,-2.089936368455277,0.122222452059,0.00936540293487356,4.9145982378,0.006388353856304822,0.18741916755208018,0.09088434620369976,0.04838461503516035,2.5392472157126424,2.8732171192477134,3.012840660315176
LA2933,J,shade,low,pseudohypo,2.8896545280921004,-2.2042009648994476,0.21130243044,0.014226920115929761,4.5844438504,0.013230024452344351,0.13809777087135383,0.02282494284555153,0.01825960975483456,2.7202705244247003,3.0997828226059267,3.1185798310952966
LA2933,J,shade,high,pseudohypo,2.8896545280921004,-1.596558217830927,0.36862429251,0.026335117554402935,4.9857709171,0.013372285907640979,0.20519477461579907,0.1016007465839078,0.03309251280565367,2.497304044192826,2.849277866046209,3.072616813890509
LA2933,K,shade,low,amphi,2.7202257996109362,-3.112908251695444,-0.101125804013,0.01643244158837174,4.3067902857,0.014140209064251707,0.1171319542370684,0.09360127674922396,0.0905300584171173,2.7913269086185992,2.8682487734692304,2.8797397921627512
LA2933,K,shade,high,amphi,2.7202257996109362,-1.8425400061391364,0.15608254717,0.008445600636650277,4.3460508693,0.00548032232662745,0.21985499965527064,0.14703782760142267,0.11940130940875512,2.451015994538031,2.7047613123596177,2.781423800859316
LA2933,K,shade,low,pseudohypo,2.704058630731482,-2.4978357321342184,0.62221590212,0.045074001579043926,5.3033351804,0.017971056975397658,0.1107243891505451,0.0719313945304236,0.044431514338051384,2.8079317240820627,2.9440602018171167,3.031492044046492
LA2933,L,sun,low,amphi,3.1034567672048174,-3.585643091467155,0.0156339360407688,0.01764259313952254,4.3631934856,0.012899346317560156,0.15351778831408164,0.11401985849127916,0.10762250516289278,2.6649281407981125,2.8010013609854063,2.8202601929376807
LA2933,L,sun,high,amphi,3.1034567672048174,-2.2899429845167574,0.34713663998,0.012078775734604837,5.0804663688,0.006230665950019083,0.31910330067993437,0.2021573247375278,0.12772067626920194,2.0574139841137873,2.480897614464176,2.7402887099814044
LA2933,L,sun,low,pseudohypo,2.979420235922356,-3.2087276601361925,-0.089109488769,0.007538111364075816,4.6974272243,0.006556689803646424,0.12171536588970126,0.08467396358814383,0.06555914568829423,2.7987639167846106,2.892753960015829,2.9550418730108308
LA2933,L,sun,high,pseudohypo,2.979420235922356,-2.1724763806216196,0.22291549291,0.00702134075977217,4.7167335409,0.004182638670273018,0.23617387872881862,0.12399830230226015,0.06860675186017548,2.37711618004063,2.776349401861599,2.9493785174735807
LA2933,M,sun,low,amphi,3.1557593277858835,-4.040445705704728,0.112563555693,0.01595156221824595,3.9082677422,0.010211373214074405,0.1409090012479808,0.10806096159582969,0.10446945421108908,2.7079717953859737,2.822024011795123,2.825837787079548
LA2933,M,sun,high,amphi,3.1557593277858835,-2.4503774783636185,0.15795545062,0.010770045057511926,4.5682808197,0.007861676472594236,0.32910857417149764,0.2245439265369126,0.16589013709519443,2.0234607368756468,2.4052103163722007,2.6207279007794004
LA2933,M,sun,low,pseudohypo,3.067632797868293,-3.4515983441831435,0.28623793613,0.01213007758900749,4.3877837844,0.00688714207055704,0.12331292390691977,0.08447693990670459,0.07275062023697006,2.7673285682113127,2.8956728097570132,2.9337216009225746
LA2933,M,sun,high,pseudohypo,3.067632797868293,-2.293292755668427,0.24537071113,0.01704547424930333,4.5958604947,0.0102957055630434,0.2526137964431888,0.16144856952246153,0.10834636878075528,2.307476088893748,2.6288701429808636,2.821994008429562
LA2933,N,sun,low,amphi,2.967513834258845,-3.18335643319615,0.13854023194,0.008865420099721204,4.9107767711,0.006259205728934945,0.1371318241706765,0.09940072849169324,0.07482984372040453,2.7215594904721643,2.8462800713440375,2.928082646839068
LA2933,N,sun,high,amphi,2.967513834258845,-2.4813196803665063,0.027552925844,0.003141340434165403,5.186698259,0.002692954972750986,0.21784956103344508,0.14822806691888657,0.09816743407804775,2.4284458886462823,2.6725174615200187,2.8439225681543507
LA2933,N,sun,low,pseudohypo,2.8346369457060576,-2.5510341774958487,0.18394429555,0.014987587550747415,5.2016424842,0.009553612360087543,0.13296062550108412,0.1049385947627717,0.08515903161782411,2.726968138001037,2.817957850897725,2.887325201148673
LA2933,N,sun,high,pseudohypo,2.8346369457060576,-1.9100803386953107,0.096739226726,0.004622974368573381,5.3060527005,0.003631162943693583,0.19433262484124036,0.14665764651078572,0.11095360007657251,2.5024911507417342,2.675313061838551,2.8012628578923984
LA2933,O,shade,low,amphi,3.08772502404321,-4.274650639393728,0.09176261793,0.005657299759896428,4.2256620891,0.004190176734496717,0.05254488464816491,0.03162856547628746,0.02595115598467887,2.9958369736624557,3.0640663801265173,3.093296103062608
LA2933,O,shade,high,amphi,3.08772502404321,-2.6117157009752794,-0.0022830318560420003,0.00858160242117182,4.4869765194,0.007053612194824616,0.18136422758909632,0.09545631844917642,0.059564539115622865,2.5754370878190707,2.862309333923569,2.979879225283991
LA2933,O,shade,low,pseudohypo,3.0403950223009115,-1.8688325171745117,0.31620699592,0.009754480906393798,4.9560673309,0.005229104132220049,0.2433132016078121,0.11726047188186724,0.07734295753979464,2.345711265543974,2.7917282884840304,2.922939908444023
LA2933,O,shade,high,pseudohypo,3.0403950223009115,-1.6383489980937298,0.33885368994,0.014160628553010627,4.719728405,0.007554211859171561,0.2761525977822217,0.156486962837959,0.10926620751272985,2.2374150375248267,2.6584795590171,2.8179021099631423
LA2933,P,shade,low,amphi,2.99292535624029,-1.8918185113707837,0.26045148567,0.013992865984784858,4.8151926828,0.009795095449244192,0.23142303068238693,0.0527751546721879,0.04280361776985494,2.429734911887732,3.010155102755535,3.039971000755243
LA2933,P,shade,high,amphi,2.99292535624029,-1.5230487403835113,0.41456922413,0.019958971070813073,5.0424439525,0.009995031461578877,0.28129718901945183,0.15338140440335984,0.056384213741081615,2.2492279263892905,2.6708779038070727,2.995228593111499
LA2933,P,shade,low,pseudohypo,2.9500663335085044,-2.548294254570068,0.10962038138499999,0.017790246521181385,4.667498487,0.013044335287927665,0.11642437265530592,0.053063951377345694,0.02949043718424063,2.8011372155122003,3.0051743383268215,3.08316034442297
LA2933,P,shade,high,pseudohypo,2.9500663335085044,-1.89089762077625,0.04091373010624,0.01418945345112989,4.9842968832,0.011389433151242623,0.17988289089487186,0.0869888587682738,0.04527365079378455,2.6131541397323113,2.895841384013833,3.030193929088722
LA2933,Q,shade,low,amphi,2.8169478704335056,-2.6156839292024117,0.048138716497,0.006390257731090436,4.6900446261,0.005005112279867751,0.09696688140832545,0.06565077164189033,0.0462208350348249,2.8627085674751576,2.9633332511157384,3.025625693707742
LA2933,Q,shade,high,amphi,2.8169478704335056,-1.884229622000368,0.28971574848,0.011318840344907207,4.9862742178,0.006797470202491281,0.1595031382098404,0.09678397089380267,0.05698458000412538,2.6529117853208466,2.8628239335460317,2.991929785041557
LA2933,Q,shade,low,pseudohypo,2.7949124444697615,-2.760102675280997,0.045524203764,0.005470328426687678,4.5632371399,0.004224388512656455,0.08701817923026885,0.054206369071622164,0.041228645366854895,2.894827204073992,2.996536965636535,3.0426341775296466
LA2933,Q,shade,high,pseudohypo,2.7949124444697615,-2.124517008451205,0.072454729184,0.005902212178225171,4.868499932,0.004650459661766955,0.12989712335402648,0.07532458955258708,0.04833578001931763,2.750846733575508,2.9240629893888723,3.0172941846616905
LA2933,R,sun,low,amphi,2.9945609266423086,-2.1583170475357423,0.51774383244,0.02808727950377255,4.9084055266,0.016146921494280434,0.33015136812170337,0.15507633461760778,0.05598511843644904,2.099924899906269,2.6640265221648103,2.9953247571045973
LA2933,R,sun,high,amphi,2.9945609266423086,-1.6229550647219582,0.57964441274,0.01606193260853177,5.0763451022,0.006820014581150273,0.41037824037283216,0.24929419780316212,0.07811254639951207,1.7982476762307178,2.3500554914628706,2.9138530611643074
LA2933,R,sun,low,pseudohypo,2.811598352347828,-2.344621027475283,0.45364778256,0.021902730544738135,5.1760295348,0.010187277589628998,0.1792209777107141,0.08643554251469278,0.04101367516093405,2.592822245060538,2.8989457970872956,3.046554625881859
LA2933,R,sun,high,pseudohypo,2.811598352347828,-1.5141178451649249,0.56096196328,0.015660902980216173,5.0948190743,0.006602702855131566,0.2824891253781606,0.12917786241295962,0.058549819958604823,2.237119554217818,2.7569742987755195,2.98659757573685
LA2933,S,sun,low,amphi,2.9870910705099605,-2.453512431530101,0.21498615829,0.00908778943059559,5.1999962228,0.005293618758596198,0.27732753016275363,0.1265067271645623,0.05511410239544077,2.2234857565773787,2.753890440627855,2.9970330018350766
LA2933,S,sun,high,amphi,2.9870910705099605,-1.7022335889488969,0.49438154723,0.006791372505082217,5.6229922355,0.0029692823170840957,0.39029275513046285,0.2150589085161866,0.1014604037068454,1.7955463174697304,2.437825171671914,2.835223010604271
LA2933,S,sun,low,pseudohypo,2.7831488533617494,-3.2398914107267816,0.24250759697,0.011302618361185545,5.2235305314,0.007004703914620907,0.09452680309191223,0.060926314421612254,0.037484026703564,2.872988013306759,2.976443931442736,3.0537682852046375
LA2933,S,sun,high,pseudohypo,2.7831488533617494,-2.3789386703335373,0.18624088546,0.0036071885936185453,5.6194690483,0.0026023665634163614,0.17176803366072885,0.10029524782459504,0.054195101033164904,2.5993134954794996,2.8455390601546866,3.0007377249858043
LA2933,T,sun,low,amphi,3.01493978230635,-2.221288113788248,0.47754890637,0.01440717426406223,5.3829430905,0.006017206127251877,0.401337192712201,0.22663321969416866,0.05718381970407262,1.8628037355322273,2.439468773024411,2.991985222276435
LA2933,T,sun,high,amphi,3.01493978230635,-1.785627625806824,0.63613200851,0.008906097623026316,5.6529160033,0.0032271911869141013,0.46841270665339674,0.2191602780337264,0.07785802778655873,1.6134892513057466,2.452767334668874,2.9211776564187506
LA2933,T,sun,low,pseudohypo,2.921349718337679,-2.273999182558303,0.41190669638,0.009326999650000334,5.1242705675,0.004644669910140878,0.2854813158080701,0.12050492839671711,0.049364331571001875,2.2342713280426736,2.7939909397474425,3.0187955800309108
LA2933,T,sun,high,pseudohypo,2.921349718337679,-1.7743580118960147,0.43847661552,0.01963026656490939,5.1224123739,0.008914799185274037,0.3566041041450111,0.16967335918924759,0.07494347338242055,1.9727073037242298,2.6216710509024805,2.926242319126276
LA2933,U,shade,low,amphi,2.8198569299732994,-2.944991973740377,0.12269962649,0.005533010394894823,4.844628006,0.0037486603332387894,0.16322544916944182,0.11699722619934172,0.09326771747313892,2.6364784728625033,2.790242684863345,2.8690485684283455
LA2933,U,shade,high,amphi,2.8198569299732994,-2.302996759182579,0.29816767328,0.01020436844708819,5.2078191437,0.005683445428843568,0.23000156842733124,0.15616594198522282,0.11498200095710531,2.399900789490955,2.655074614745593,2.793922307272351
LA2933,U,shade,low,pseudohypo,2.768765739257409,-2.7940769002423136,0.19511558783,0.0062917061811552,4.9908513486,0.003965800253165311,0.11373427232828742,0.04693185161035564,0.0210354439248661,2.797195627109074,3.0245484355027683,3.108494984670081
LA2933,U,shade,high,pseudohypo,2.768765739257409,-1.9627954236451886,0.36300628197,0.007678354688492377,5.3717497483,0.00378698109311582,0.19954401477662195,0.08449290577691931,0.03365655657704238,2.488928181872038,2.8958105305333053,3.0657074908187583
LA2933,V,shade,low,amphi,2.793630057801821,-1.6605229036800666,0.39064859008,0.009713429293220928,5.8419934899,0.005163672914955069,0.24951164885396165,0.09516917853893465,0.03198714018010799,2.342741098807286,2.8705847679113363,3.075111532661472
LA2933,V,shade,high,amphi,2.793630057801821,-1.422290447133754,0.31348078223,0.006122423714811068,5.8231544734,0.003762794121983943,0.2841445387193583,0.13841311996083305,0.06101360768995961,2.234925995825881,2.723248742215393,2.9792464323701373
LA2933,V,shade,low,pseudohypo,2.691570238508538,-1.8767266881333124,0.31296780049,0.018995027390402666,5.6071906665,0.01055101644001874,0.19915537926709415,0.11112947943197247,0.08257439359486972,2.515767616123396,2.8160101420420967,2.913322670222989
LA2933,V,shade,high,pseudohypo,2.691570238508538,-1.432658551145703,0.29766936555,0.010005888293677805,5.6460890931,0.0056694028542718985,0.25475935080326795,0.14498283008973417,0.0969987584520437,2.3647901290648528,2.7278304707700762,2.8764289693627143
LA2933,W,sun,low,amphi,3.0144470193715556,-2.2773667518267917,0.31719740195,0.014042533752094827,4.7726092411,0.00761062782238573,0.2551367903650316,0.10687182556391497,0.053687913606822325,2.318208383375224,2.851902656674807,3.005620571033463
LA2933,W,sun,high,amphi,3.0144470193715556,-1.5337843091509604,0.27319096672,0.008385057728705996,5.1276923264,0.00445995803191797,0.38219075108069284,0.1765332057356139,0.0729405328689686,1.9252295381381095,2.6146094774357422,2.9512269068271473
LA2933,W,sun,low,pseudohypo,2.7847942932567147,-2.9183467912497667,0.163259590564,0.02979225192869139,5.1970598108,0.018958478545926596,0.08006990784943144,0.059614968015212114,0.04455135718049584,2.925651435633271,2.977776003122618,3.033490949915972
LA2933,W,sun,high,pseudohypo,2.7847942932567147,-1.5458314681391208,0.32900299441,0.008160578618373781,5.1576120991,0.004609339862811163,0.22037143804946657,0.1271681050629079,0.0681720311292485,2.515264054626879,2.796610992014597,2.9781652241364838
LA2933,X,sun,low,amphi,2.8767803107426535,-4.438686372690124,0.0025669854827569997,0.0062483551886100925,4.2461469055,0.006374429738751074,0.06087043302299779,0.05093490945739964,0.048265044367685805,2.9736993291898344,3.0073424609207438,3.0150011401976964
LA2933,X,sun,high,amphi,2.8767803107426535,-1.699669248318401,0.19313136696,0.017807186480129206,4.7972617104,0.02685645285259013,0.35677130750538005,0.24087823779209763,0.1458821764171774,1.9255599469882207,2.3442348358258664,2.6750385822587566
LA2933,X,sun,low,pseudohypo,2.7080665540611317,-2.655191405723553,0.17058638257,0.016296584497828833,4.5547492188,0.010283276674919321,0.1180395852522568,0.07395713397278703,0.048592798837469656,2.788655706776055,2.9277909919752947,3.0150795276835516
LA2933,X,sun,high,pseudohypo,2.7080665540611317,-1.109818866878824,0.35507169372,0.009414707993955895,5.0182979928,0.004950644445839063,0.2845673620702712,0.1645261462838656,0.08613023385406356,2.181404244329586,2.6408258793529544,2.8900674250806664
LA2933,Y,sun,low,amphi,2.9251546925727747,-3.0995015504441334,0.131652722135,0.02561874765237604,4.5760884943,0.016380883452620176,0.13881397025597036,0.11122173917625966,0.09184385659031091,2.7263558772897976,2.814202575360283,2.878445272769471
LA2933,Y,sun,high,amphi,2.9251546925727747,-1.0689935696953938,0.52496379532,0.01815996697197684,5.1569577624,0.008766695237108815,0.43198499947253133,0.26047282074779804,0.1332719908064584,1.7278075315174706,2.315289590501038,2.738703819981729
LA2933,Y,sun,low,pseudohypo,2.7063593847094656,-1.9018849122471575,-0.0327319651336,0.008483710404489617,4.8117224473,0.007538686573364357,0.13358741733233695,0.09844116426290356,0.07911689861610337,2.734517372285772,2.8519583229448022,2.9126173493393304
LA2933,Y,sun,high,pseudohypo,2.7063593847094656,-0.373042238889696,0.20030431206,0.014105588370620993,4.8749518365,0.008628116549738626,0.30089218206054785,0.20373901179749102,0.13242091286226396,2.2289339826780386,2.536121659153327,2.765114483622506
LA2951,AA,sun,low,amphi,3.088960124565825,-2.1033108973762777,0.5365698845,0.021665891240888305,5.20728441,0.012394285367445343,0.23794117890693367,0.220832705875639,0.20732932500745171,2.4101577710924675,2.4698374994737264,2.5120317197112705
LA2951,AA,sun,high,amphi,3.088960124565825,-1.211459800660134,0.32513829995,0.02690113520233885,5.5197506345,0.01967734702306503,0.36149758880940885,0.31309246312967387,0.27192814714000313,2.0299894858911953,2.185298905526597,2.315432268825121
LA2951,AA,sun,low,pseudohypo,3.0579139998410794,-1.5314968365539035,0.59196564619,0.01924751492677516,5.2172560267,0.008498480528178242,0.19926487650495991,0.16843836582366237,0.1483718469915436,2.520730138776104,2.5908286017347684,2.6787113781746816
LA2951,AA,sun,high,pseudohypo,3.0579139998410794,-0.5247156811741546,0.53612322105,0.015799027700334582,5.491407434,0.007688653012461285,0.308638939895886,0.25766884088110403,0.20882056525264225,2.1437412997379925,2.3256862845994375,2.500147073720617
LA2951,E,shade,low,amphi,3.0297576327083964,-2.722342268100222,0.29923981382,0.013706990018515414,5.396947427,0.00843409139868025,0.14738539858856606,0.11309742352139282,0.08753456628873499,2.688488654184752,2.8048022835719313,2.8888162502724937
LA2951,E,shade,high,amphi,3.0297576327083964,-2.0861705079724526,0.31757256412,0.026807551343827403,5.7423879943,0.02054976697151824,0.21594092874405774,0.19337529180718283,0.17289183608206812,2.4528810799755956,2.5320539507845248,2.601687445346368
LA2951,E,shade,low,pseudohypo,3.02296806105,-2.0428164895958583,0.056488912273,0.005752629326855292,5.1146216878,0.004312168679863397,0.18052110293776388,0.15287580506886697,0.13371114669315906,2.551944105655352,2.6456506733148637,2.716921725811418
LA2951,E,shade,high,pseudohypo,3.02296806105,-1.7366758866684007,0.21251675999,0.015582189148306223,5.312075383,0.012911408294839371,0.21216159813157232,0.19156509665167248,0.17486879663106494,2.4453319847200508,2.5171913206738967,2.577822748609049
LA2951,I,shade,high,amphi,3.1051684613315773,-2.059413633862539,0.146679888173,0.024983096655807085,5.2864312509,0.026892350184281273,0.14668684345805721,0.12120637535310476,0.10108857479658724,2.696898580568355,2.7779284019981887,2.845200509252942
LA2951,I,shade,high,pseudohypo,3.0951637577868882,-1.9526708721915733,-0.12671389883177,0.1325441382115773,4.5550872593,0.47153068804713083,0.10120668635087607,0.09992051457310458,0.09934188917724236,2.8387193669174833,2.8414111219382288,2.8436268198299617
LA2951,J,shade,low,amphi,3.067500789561595,-2.493629500623803,-0.016565994716312,0.03129226553875544,5.4876999279,0.03527126483630157,0.16517086502520295,0.1178976123038078,0.08175782876580644,2.6445564118818656,2.795907704307016,2.914807585127278
LA2951,J,shade,high,amphi,3.067500789561595,-1.7542282648213188,0.143793452796,0.024800327354180945,5.6262295037,0.02488652955414648,0.2609084020042835,0.2211837713061691,0.18811205536079936,2.3388353684504892,2.457560833314388,2.565829836620173
LA2951,J,shade,low,pseudohypo,3.0485262929214048,-1.8081840360062733,0.109799216189,0.016266790086846523,5.3578839472,0.013396379928997023,0.182707896468398,0.11944528298729239,0.07891530089951672,2.580273308112591,2.7867516511989203,2.918990583267548
LA2951,J,shade,high,pseudohypo,3.0485262929214048,-1.415030621424259,0.143522193455,0.028665793141671864,5.8017119842,0.033327120407867415,0.22376649467601178,0.18524947983040874,0.150672880045967,2.4285449760067146,2.56005195761169,2.6766368771397526
LA2951,K,sun,low,amphi,3.2496093571898657,-2.2384544720512087,0.70893023278,0.004923924544729381,5.2839292568,0.0017924833335333315,0.2377290556126897,0.12274357070191733,0.06059796628530891,2.4027898616994436,2.783054206745389,2.9824931164490582
LA2951,K,sun,high,amphi,3.2496093571898657,-1.6692947756253675,0.38040416724,0.013270074494209815,5.1726758892,0.006720017023453053,0.32200547663850654,0.21914797733603686,0.14328771434099827,2.120775898029385,2.4596022461059626,2.7112555379147505
LA2951,K,sun,low,pseudohypo,3.270180077867083,-1.965885044431493,0.36358998388,0.014750069627042858,4.8542917856,0.0071804391395017585,0.1762108800077316,0.09205069650124333,0.048094818488175047,2.606048378946741,2.877812898435856,3.023812195979803
LA2951,K,sun,high,pseudohypo,3.270180077867083,-1.0398079937864908,0.45291341697,0.0119257989654344,5.2655667178,0.005345408761379188,0.2756315973968866,0.1698258902707211,0.09829662479760144,2.2543732814749697,2.6147959135921344,2.8529074141524764
LA2951,L,sun,high,amphi,3.2885835039094875,-1.3636094877692764,0.43952746618,0.011431752892338037,5.9288971714,0.0066521515837159595,0.31038083785493215,0.24468202876462447,0.18876146744580782,2.090938585426569,2.330661482335425,2.53396692282157
LA2951,L,sun,high,pseudohypo,3.281585898611986,-1.2806964668073055,0.43941116625,0.027241886872449758,5.5710127682,0.015567703743003309,0.25468033036888327,0.17786109791702726,0.1189598716705359,2.310040405533072,2.566764940113212,2.7733196685729142
LA2951,M,sun,low,amphi,3.2072151824068498,-2.4907395675416453,0.13290855136,0.006780806801069298,5.1563450174,0.004581661511843297,0.13228086727431507,0.09794637771642828,0.07718448553342538,2.7571931446229403,2.8624262586609923,2.9294590499168125
LA2951,M,sun,high,amphi,3.2072151824068498,-1.4953927070560649,0.42819384931,0.010898598997199757,5.5312523845,0.00573283531129548,0.2417670771405847,0.1794080192696496,0.1340566020542448,2.389113791155502,2.5915931710672124,2.740957891350383
LA2951,M,sun,low,pseudohypo,3.1656553191030983,-2.2890760971010415,-0.073200137486,0.00537858941176421,4.9730752274,0.004946919238629505,0.1144940917665411,0.08377420047618096,0.06385359340461864,2.8108619987814065,2.90386456826372,2.9701102770654417
LA2951,M,sun,high,pseudohypo,3.1656553191030983,-1.3144395321045725,0.23864469852,0.01809316341981322,5.5546702683,0.013958030803611228,0.20751197285345635,0.16610782760834134,0.13256031009770575,2.486819497853433,2.6232931330899425,2.7360006593612716
LA2951,N,shade,low,amphi,2.8784620785498833,-2.2682358960086764,-0.0776194197533,0.018202225136874844,5.4747161229,0.028218891253928218,0.18992861974164815,0.1420999564097685,0.10732295692054103,2.5480232404866014,2.707566941570189,2.8250834682972075
LA2951,N,shade,low,pseudohypo,2.8540727739041647,-2.2548507010557515,-0.096912771225,0.018823015617930882,5.145363951,0.024718230021537873,0.12850984290490253,0.09653507378115406,0.07415870348745521,2.745506207019435,2.8527981260975563,2.930243366905638
LA2951,O,sun,low,amphi,3.1523887202876404,-2.7937278669643084,0.3305274284,0.014874188436176982,5.2707487882,0.009270035194125273,0.176475979251157,0.12155350052766897,0.07986619073967147,2.582844196528881,2.775598740807518,2.9120877925520596
LA2951,O,sun,high,amphi,3.1523887202876404,-1.6507793422051185,0.25083709204,0.025146037950158955,5.8433311737,0.020519858503455123,0.33157955647819143,0.2580392089030399,0.19133427462119848,2.0002011581821666,2.2778153423321097,2.5208421997206902
LA2951,O,sun,low,pseudohypo,3.017602293989828,-1.9429529723315453,0.057631521409,0.0027053115438746256,5.1862041015,0.0025652545328692373,0.1683791623373076,0.12473428830721452,0.0932026896543491,2.608216189200547,2.7570224757420894,2.8635358222639926
LA2951,O,sun,high,pseudohypo,3.017602293989828,-0.5933246942087685,0.29428163547,0.02973988137596256,6.1615415747,0.025095004341009516,0.31158239542977284,0.2499911882866357,0.1937698024316269,2.0712310571185357,2.2930868468599157,2.495553775692641
LA2951,P,sun,low,amphi,2.9103996500918075,-1.1588019462359553,0.07764853012,0.008771271827398243,5.1355571605,0.00725383501208377,0.24892908149503315,0.2082393215473093,0.1838550537193239,2.375754023056362,2.5071747911346822,2.5853494094894445
LA2951,P,sun,high,amphi,2.9103996500918075,-0.28759383840205566,0.33448166091,0.01481771752493845,5.4855632382,0.008914858573798649,0.33720295357111724,0.2861384879800237,0.2503439692318082,2.1049695913385476,2.2714600322216296,2.384126451297944
LA2951,P,sun,low,pseudohypo,2.8961797995071272,-1.2255203915598805,0.065680225345,0.01006108928594388,4.8217841619,0.00731171882217395,0.13771852245200009,0.11304217810354475,0.10375231622453215,2.72162808663048,2.7961888664667542,2.8300665038696384
LA2951,P,sun,high,pseudohypo,2.8961797995071272,-0.39576981548846024,0.28058517168,0.01819636257365906,5.4385634905,0.01411928078403707,0.20653160788484878,0.1736387984065253,0.14631692868518575,2.4971397661396866,2.603401915909097,2.6950443175460923
LA2951,Q,sun,low,amphi,3.148670307979149,-2.0376250113769596,0.25116664558,0.017866079894681898,5.2893460365,0.012487951657976962,0.2076778946470478,0.1516142705375046,0.10919031852544969,2.503939022251812,2.6848008731009143,2.8240445513900254
LA2951,Q,sun,high,amphi,3.148670307979149,-1.4124416450312298,0.24169605865,0.012752967475616297,5.5175003731,0.009698983670423702,0.2959512921087874,0.24491535831809275,0.20161969284615064,2.221710337403306,2.386572176602037,2.527852253242253
LA2951,Q,sun,low,pseudohypo,3.1204191855091907,-1.4745642619681585,0.27706240976,0.014472298126605778,5.2812863342,0.009815155388708566,0.19833582214981496,0.15375398599491627,0.11924825572502118,2.5011064211680614,2.652362955802997,2.7756186710305673
LA2951,Q,sun,high,pseudohypo,3.1204191855091907,-0.9454108411556816,0.115101268337,0.02135796249328544,5.623196737,0.022456671934587932,0.26127604794667236,0.23073249998258227,0.20654074405086942,2.332475148204402,2.3921413192265613,2.4826566306879414
LA2951,R,shade,low,amphi,3.1224069790313966,-2.2526653369012952,-0.061024655835,0.010486683691058287,5.4827750521,0.01984829808883269,0.16059852691277104,0.12267746623621859,0.09595282469611385,2.6574373014960146,2.774717121576856,2.863539238661902
LA2951,R,shade,low,pseudohypo,3.1108427869574653,-2.019000193844988,-0.075112482116,0.003734740118541997,5.3671846724,0.006259006947529884,0.13291850897793822,0.10429297746928051,0.08352379704023076,2.739782523283325,2.825300109785848,2.898045576272972
LA2951,R,shade,high,pseudohypo,3.1108427869574653,-1.2789638260773213,0.0871435751359,0.016839541906957883,5.7151677727,0.022078205975589245,0.20736270429711576,0.16992548199680457,0.13868082284481573,2.487460452349401,2.612277977337611,2.7186135518215044
LA2951,S,shade,low,amphi,2.991424728470836,-2.640502413369654,-0.005227909619201,0.025303902383668826,5.7048395188,0.0557844867760742,0.13644276616854137,0.10347634921163179,0.08233769956708244,2.747035372759831,2.8409011793964796,2.9099209979351204
LA2951,S,shade,high,amphi,2.991424728470836,-2.409035474762021,0.127529415281,0.019344980003732644,5.0050415157,0.017408966938170053,0.162141366941066,0.1467514913453524,0.13702719279734746,2.6641929169872487,2.7076936750930876,2.741643162724757
LA2951,S,shade,low,pseudohypo,2.963208065811793,-2.0721108133401924,0.054208703005,0.006958233497716991,5.4459167803,0.0099752846572935365,0.12126038471400927,0.09428869118710984,0.07427012863082548,2.769978176935688,2.8654210489816254,2.9302557189206575
LA2951,S,shade,high,pseudohypo,2.963208065811793,-1.7572918942695293,0.152898909471,0.0196805560909704,4.9158343578,0.016416921123914432,0.1494771361243981,0.14139419870618095,0.13677498962977017,2.6828157031147932,2.708512519825565,2.7252067652929934
LA2951,T,shade,low,amphi,2.7552124699524025,-2.844244157127127,0.272134101,0.029751403052073237,6.1994424602,0.061367619192286324,0.10710597582901087,0.07903176574544138,0.057654583466049784,2.833173204223307,2.924217797740553,2.991895973960951
LA2951,T,shade,high,amphi,2.7552124699524025,-2.208939582825214,-0.0268228507150957,0.020210896639134193,5.424602902,0.033614346502844145,0.17164926666928854,0.14300678833745195,0.11813697487931961,2.653501162342232,2.7246251641518877,2.799591551167024
LA2951,T,shade,low,pseudohypo,2.69272089446214,-2.2042905709159952,-0.089865101632,0.01786165221497916,6.5801716386,0.04338312537594143,0.11419180787797516,0.09154262082976754,0.07472671103535795,2.791533465852895,2.8687330806922695,2.9288863845579507
LA2951,T,shade,high,pseudohypo,2.69272089446214,-1.7091768864614496,-0.19107319739,0.02363613868673033,5.245228728,0.04525227948370875,0.1570831963584199,0.13861995293189688,0.12457903690331935,2.66858915792296,2.711362055025342,2.7617718695872653
LA2951,U,sun,low,amphi,3.3582296727793555,-2.5744498896435997,0.075217624486,0.009998831263612716,4.8881563034,0.008892235988506157,0.1281334082554692,0.10351363985807223,0.08443575757487469,2.761967589282464,2.841779546909776,2.9003722211395337
LA2951,U,sun,high,amphi,3.3582296727793555,-1.7780559971645233,0.40700464158,0.029197309631916715,5.5605701413,0.01866770075612326,0.22188954763604296,0.16765317690317674,0.12666800162963773,2.460385826875943,2.6351949897376366,2.76874027018074
LA2951,U,sun,low,pseudohypo,3.3632606281766426,-1.9051519579188945,0.157629984762,0.017299989158133286,4.6479203832,0.011923926787385467,0.1346597822994914,0.0976334311634554,0.07992276540294256,2.7327658337042893,2.853537540784683,2.91228426998248
LA2951,U,sun,high,pseudohypo,3.3632606281766426,-1.2992821350470534,0.33805628587,0.025755838241948378,5.1759635646,0.019271660111265757,0.19469639414979015,0.1521139201965495,0.11801757992253391,2.5322921855871794,2.678498161617406,2.788412599338297
LA2951,V,shade,low,amphi,2.973914901242848,-2.030126638342047,-0.0544985425925,0.022120288855575574,6.2289823554,0.09371015810160302,0.07634342049750564,0.061711919635076315,0.05506932152300267,2.932913895252498,2.9793052253583436,3.001783788935043
LA2951,V,shade,high,amphi,2.973914901242848,-1.8148917896935324,-0.056656688754,0.01204013102564784,6.0305818769,0.02781539733967176,0.09186368097974236,0.08259423271912605,0.07557165399981047,2.89576759731521,2.919405196723581,2.9450945141934954
LA2951,V,shade,low,pseudohypo,2.976537248804977,-1.8894579698558334,-0.007252802593611,0.012336351421716138,5.7946018644,0.02900059787938023,0.060919273155410666,0.04908425784896779,0.039465654120793066,2.984957114292734,3.0146733975052444,3.0500225821482103
LA2951,W,sun,low,amphi,3.26259715550928,-2.3321689790238347,0.73430743046,0.026032908908507128,5.5940431188,0.01027589625208186,0.2157440936058444,0.17871183724022588,0.14832571187190483,2.4712708170481514,2.6011161587137632,2.6992104238319765
LA2951,W,sun,high,amphi,3.26259715550928,-1.5583047663085348,0.38342597285,0.01657849670180206,5.4428004856,0.009327478832946849,0.32724936148956213,0.27331523362625815,0.22807804745911645,2.122639097420076,2.3005597313943644,2.445568838109835
LA2951,W,sun,low,pseudohypo,3.211525799273418,-1.807612161307997,0.9936026673,0.023556355856192764,5.7788192025,0.007647751391701553,0.16609695228589869,0.13924701699527758,0.1164199868454891,2.6000776708934152,2.6962664958481763,2.778069440826263
LA2951,W,sun,high,pseudohypo,3.211525799273418,-0.8284564513328204,0.31292496724,0.007935520927418538,5.6190175926,0.0048836053914935755,0.27642387324448525,0.2282256410319167,0.18501377126529128,2.259198287190498,2.4044956406109925,2.5578879996279507
LA2951,X,shade,low,amphi,2.88488854228714,-2.3194691622049275,0.047992655128896,0.02796559091008598,6.3401476353,0.11299212448548357,0.13049638591327484,0.10254748493277561,0.08004345036948585,2.748405711359022,2.838576620205534,2.914692982475267
LA2951,X,shade,low,pseudohypo,2.915464225884558,-2.066983021894247,-0.159058337565,0.03984455387976903,6.2655839709,0.20035637630182856,0.10225948738349486,0.08478947828749317,0.07095964301220091,2.8389677033486596,2.894463574991425,2.942389136499072
LA2951,Y,shade,low,amphi,2.9040536849186993,-1.6582085286356048,0.008613031862963,0.007673244560995959,5.21958642,0.010322646189427041,0.16504085132826316,0.1313021912732888,0.1043128545471806,2.6399978928712544,2.746026486218593,2.836773963523262
LA2951,Y,shade,low,pseudohypo,2.9435504401990182,-1.2063739595151164,0.1039878376,0.010624217642992385,5.2076823117,0.010874597241853405,0.15356740460098572,0.12010364363593529,0.09285633518040941,2.6564268088283565,2.7686526831001954,2.8655040248505044
LA2951,Z,sun,low,amphi,3.3943164191292516,-2.0401831552868384,0.71966950641,0.022503623173249988,5.7017989884,0.01588208130342791,0.15328694593637754,0.13429078255899857,0.11997229770275082,2.6864772487810518,2.7458046637163442,2.7967437421085775
LA2951,Z,sun,high,amphi,3.3943164191292516,-1.2504225005134433,0.56066640395,0.04299804451671825,5.59889016,0.022770512134448907,0.23589109138848263,0.20398519543974097,0.17788507508345036,2.4569807460406006,2.5462199607184735,2.6257376343690297
LA2951,Z,sun,low,pseudohypo,3.368489691385991,-1.9440804483053138,0.74917159546,0.01704076164252431,5.7144378225,0.008214306018754924,0.10520416420820757,0.08334586697902843,0.0655220642562423,2.8345211147677776,2.9080485009003523,2.9655407161393073
LA2951,Z,sun,high,pseudohypo,3.368489691385991,-1.0911666501407329,0.59011430826,0.026472537135847293,5.6264644032,0.013255289211507655,0.18156208759953224,0.13799656710697702,0.10437496034401945,2.6072059242877517,2.742702067191453,2.848980825385203
LA2964,D,shade,low,amphi,2.979954855827251,-1.958693641610843,0.48712203711,0.03805000173003737,5.1621905045,0.018525908792322455,0.15385419214691282,0.08295527599920846,0.041679651372903616,2.654643409617702,2.908657888601228,3.0379008737790176
LA2964,D,shade,high,amphi,2.979954855827251,-1.3746442931164122,0.31437964054,0.01216827607938219,5.7994983679,0.008035398945834504,0.2206889722574818,0.16012386666303147,0.11323080108146207,2.4392348350209647,2.650798360329895,2.809988328681765
LA2964,D,shade,low,pseudohypo,2.909876369455607,-1.9159854277560107,0.21978160939,0.011950195708593188,4.7278044519,0.008028248529713762,0.12148899907475391,0.08077901180331251,0.05494025821596493,2.774336059573827,2.9041764017224527,2.9933568809028617
LA2964,D,shade,high,pseudohypo,2.909876369455607,-1.0665660770117977,0.165137885508,0.023542902006544422,5.6233710942,0.020356579376075934,0.2004328426448868,0.1627447534225719,0.1302877964654564,2.514050065472616,2.6342393270680007,2.745176845933511
LA2964,E,shade,low,amphi,2.9363529044967667,-2.9290599001044653,0.17334152342,0.008530175114916265,4.3700517546,0.005696703781302921,0.07416185756196123,0.02739923695952433,0.023628316939458143,2.940523662611668,3.0845658585282347,3.1021058451131722
LA2964,E,shade,high,amphi,2.9363529044967667,-1.8233644627950396,-0.07361476766416,0.03258912315797199,5.739620267,0.05845563122534205,0.16044205325929867,0.11103765399059062,0.07628135658209255,2.633344050660756,2.805969023905095,2.921543198062495
LA2964,E,shade,low,pseudohypo,2.914383089974957,-2.3973923347283255,0.2758524001,0.013057909139703802,4.4088103485,0.009702374248022314,0.09947317432700024,0.03739749980030359,0.032871177635257445,2.846475645429419,3.0492678972042655,3.065851062665145
LA2964,E,shade,high,pseudohypo,2.914383089974957,-1.3864736328833946,0.126568651318,0.024522514208580093,5.8154203475,0.027765002919381557,0.18898231865464396,0.1260549875563834,0.0825614949318395,2.5470151000665164,2.7635391028042724,2.912050516326993
LA2964,G,shade,low,amphi,3.025082228343234,-2.530370672695077,0.25969690747,0.011602706917467705,4.5780746011,0.008911975993850282,0.16034493413282208,0.06368410092940167,0.046431078037302134,2.6241618094237853,2.968240534092715,3.0187150360871717
LA2964,G,shade,high,amphi,3.025082228343234,-1.8286982134021124,0.0643966255916,0.0257389790658605,5.8039583402,0.034927633961174195,0.2509720874117973,0.17877720999604318,0.12424120943901702,2.3243417744039214,2.585256836333716,2.7691472449853025
LA2964,G,shade,low,pseudohypo,2.9975714934619164,-2.38743615360568,0.3822845004,0.008810542704334443,4.7088319595,0.004659536916716934,0.15452470478546132,0.06646017359214902,0.044343914836401745,2.664723415481241,2.9731045217288052,3.031231097717366
LA2964,G,shade,high,pseudohypo,2.9975714934619164,-1.8834711575700873,-0.020031876715431,0.015260486484366438,5.4654855465,0.01891781210788278,0.21190377517518727,0.17075415964937113,0.1335057216106425,2.46147830267485,2.6056504902798525,2.73178354728438
LA2964,H,shade,low,amphi,3.00392642079302,-2.4209132459063873,0.16991009543,0.011536985181325624,4.9186743032,0.00787997732131344,0.13396417701091357,0.08291344685168434,0.05075363167025119,2.734985589969318,2.907864492567411,3.0130924229452525
LA2964,H,shade,high,amphi,3.00392642079302,-1.5709024501528723,0.4646570554,0.028602918774382473,5.5718766105,0.015680710529706744,0.22715242842334993,0.13874311617388466,0.08190373842371372,2.4066225393393856,2.7092375876334653,2.8996276049871272
LA2964,H,shade,low,pseudohypo,2.917903379242994,-2.5046881286321407,0.089296619156,0.00930282924387245,4.7137573805,0.007605618691232568,0.09814947613935424,0.06587400302936969,0.04444069036507878,2.847779930225874,2.955970280894753,3.029138780955353
LA2964,H,shade,high,pseudohypo,2.917903379242994,-1.6441043302876848,0.31965202905,0.028526816019598816,5.3715376706,0.018292641876673375,0.16942523430415635,0.11798519741440343,0.081867960398447,2.5924967494875344,2.7767081194811345,2.903045752668148
LA2964,I,sun,low,amphi,3.0044494417342364,-3.4223348177497748,0.56331692532,0.019129017251939322,5.460309307,0.008093485747940932,0.1206115129429768,0.10069359140770093,0.09075352020548574,2.772791510212067,2.8424761915072962,2.876560103192186
LA2964,I,sun,high,amphi,3.0044494417342364,-1.8621152500299387,0.60112767968,0.01499549611596678,5.8261259099,0.00604426393160548,0.28681880006546967,0.21034762889002345,0.15592548971126072,2.1685482494949344,2.4646032650097824,2.658552505266584
LA2964,I,sun,low,pseudohypo,2.967746477029111,-3.347920033083212,0.60647673797,0.019075986175858668,5.4762054012,0.008659670980588724,0.09510208067429762,0.06427033913419243,0.04468011793068679,2.8733350162840736,2.9656672656338645,3.029700484179087
LA2964,I,sun,high,pseudohypo,2.967746477029111,-1.638032920592373,0.4546625343,0.008739080361510497,5.7898829877,0.004425450487335097,0.26465416964897737,0.18157659681895677,0.11668444142297671,2.2604287838623667,2.5626232524281765,2.7840830436145287
LA2964,J,sun,low,amphi,3.0511855654909894,-3.405193186653156,0.22714026223,0.012805229239598788,5.1885672376,0.009334421422480293,0.11334694373465379,0.10341040657509405,0.10142304466470531,2.817879206850816,2.8349495343601507,2.8425445209157405
LA2964,J,sun,low,pseudohypo,2.999726335962897,-3.0262743230146114,0.172221906911,0.02636421578936758,5.4040738282,0.023339393441692755,0.07520549841070297,0.06093754522398205,0.049774182363448057,2.93358377283072,2.9762717974666915,3.0144649739590985
LA2964,K,sun,low,amphi,3.2528160042232503,-1.9922284292100776,0.31835633563,0.008378784549280302,5.1604904812,0.004287005421885277,0.23443942774722243,0.12374784250228035,0.06254429809184904,2.3839074790709307,2.766435138142701,2.9723551226429286
LA2964,K,sun,high,amphi,3.2528160042232503,-1.2923207995878614,0.62221730611,0.01085648660687363,5.5797112959,0.004424289715631321,0.32740202340400104,0.22381639722720909,0.14326390051325907,2.0381834345233196,2.4104490475563702,2.6902637641287224
LA2964,K,sun,low,pseudohypo,3.1833239218718963,-2.087345978945648,0.049523014904,0.009348905838786836,4.754074953,0.010644453456668526,0.16806695687646794,0.11219971203433525,0.07903461404681181,2.6027384699445597,2.7920630316832886,2.90727899416585
LA2964,K,sun,high,pseudohypo,3.1833239218718963,-1.2427735557309378,0.24007458458,0.007507262837275431,5.1305751694,0.005196237433810369,0.2602145357801916,0.1946939402868642,0.1412598519861618,2.246750755497831,2.491297067515218,2.687736803338892
LA2964,L,shade,low,amphi,2.9081564299920637,-2.111632082338221,0.31702753654,0.023064063921882743,5.7733435344,0.01623763712737531,0.1872145918983497,0.12089336999799039,0.08438567740134105,2.552118343077666,2.7763406745966055,2.8994734166472473
LA2964,L,shade,high,amphi,2.9081564299920637,-1.5354599818742218,0.40222238174,0.01869964521946608,5.9932588415,0.012519132977553096,0.24708578682589014,0.19333824353037177,0.15241945175133034,2.3259072940595553,2.510276287397168,2.6523604765832487
LA2964,L,shade,low,pseudohypo,2.8663089623308444,-2.1057651841449676,0.31192632862,0.02085325114494337,5.2992787639,0.013072972825713684,0.14886732189303348,0.08548010251020649,0.04803901702374329,2.67973713725172,2.898147372040196,3.0182601886890033
LA2964,L,shade,high,pseudohypo,2.8663089623308444,-1.5736557174829164,0.24766136811,0.02919288733509008,5.6954664492,0.02663422599835463,0.20211412597373593,0.15906330318888398,0.12284687395873836,2.498621278017009,2.63494333343184,2.7591903900366934
LA2964,M,shade,low,amphi,2.8797626922205573,-2.5087922118881747,0.17889031494,0.01182244420250153,4.4767550108,0.007495319281160066,0.16249472443705953,0.08622645081681651,0.07106312076526998,2.639650740169392,2.896091199432141,2.937166692352437
LA2964,M,shade,high,amphi,2.8797626922205573,-1.4980216203749024,0.19059821482,0.019214505499316806,5.3882932123,0.01347722225054142,0.27446663307292507,0.21659805110320432,0.1719909826610402,2.232156657370102,2.4513894809629524,2.610707513601933
LA2964,M,shade,low,pseudohypo,2.8133387475017013,-2.5002332029159784,0.17429978838,0.009285087043035292,4.534253952,0.0060295316888181565,0.10918290679005692,0.05447786154429253,0.03506634014538685,2.8184130682020188,3.0058968686640304,3.060613208268019
LA2964,M,shade,high,pseudohypo,2.8133387475017013,-1.32089226847625,0.128684787331,0.023131451868359305,5.4735843966,0.017913105277621064,0.21928400328115724,0.16721741010013147,0.12366214698516596,2.422968377183879,2.6070358368875057,2.759420188311903
LA2964,N,shade,low,amphi,2.916347924882781,-2.5706758489713675,0.23394757558,0.015383756485627115,5.2409273621,0.009860886083551835,0.10411024018665209,0.06212369881226036,0.0430697545039519,2.840654966869372,2.9745224595257245,3.0377046801224417
LA2964,N,shade,high,amphi,2.916347924882781,-1.5017700666138998,0.27755711532,0.04318569630597412,6.1385703955,0.03683235329172977,0.19528849275735685,0.13897594065850055,0.10295388593672306,2.5482514631788247,2.7169227573607535,2.8366795910129974
LA2964,N,shade,low,pseudohypo,2.8613884111626438,-2.1304757915317336,0.25027445624,0.023879784632518504,5.3024067093,0.016952444228954706,0.09820235286784691,0.058446258577799046,0.036161937697953464,2.844088195219544,2.9846676990956404,3.0583339334348287
LA2964,N,shade,high,pseudohypo,2.8613884111626438,-1.3245881494047353,0.41816120813,0.029497431863311992,5.9116301876,0.0212357666554964,0.16245039292235042,0.12829905167256855,0.10014929530280774,2.618903879410725,2.741946771193419,2.8400431413632177
LA2964,P,sun,low,amphi,2.957966069867294,-2.5436622928805503,0.61449752233,0.018628959981455785,5.1447923173,0.008419792913501903,0.2203025257271721,0.09158810994657672,0.034733937560864986,2.4560338597694766,2.880931046721197,3.065591381819478
LA2964,P,sun,high,amphi,2.957966069867294,-1.7151710326280492,0.67846726761,0.0111113304072036,5.5068059921,0.00449256614950021,0.34477046193439886,0.17580184832753246,0.07701080019355977,2.025675787335821,2.5951235271422126,2.9244806361854305
LA2964,P,sun,low,pseudohypo,2.857947099915194,-2.7161320821081265,0.24030661325,0.005493771897776803,5.065492773,0.003133857948381151,0.1513207838478804,0.08850068980724926,0.05091485231880063,2.681177782821626,2.88798886268904,3.0127717263062985
LA2964,P,sun,high,pseudohypo,2.857947099915194,-1.4995060128260833,0.53579955754,0.013546431819989671,5.4643094046,0.006012769077325022,0.30206907811984446,0.17669722235217628,0.09116041169715595,2.1602648672098392,2.58831550419858,2.8742226067344077
LA2964,Q,sun,low,amphi,3.1022649223338186,-3.765751355949017,0.21162145304,0.01625710088089813,5.3068050643,0.01081774414011148,0.10084017362981351,0.08059426947451243,0.06374202630368975,2.8556229300344524,2.916245748083672,2.974410467499279
LA2964,Q,sun,high,amphi,3.1022649223338186,-2.9223241153819184,0.39077023352,0.007944800299222699,5.1828019849,0.004785776956844377,0.17838350668862782,0.1317657689712844,0.09881218670175569,2.5920982424717502,2.7457080733903796,2.8541420327982494
LA2964,Q,sun,low,pseudohypo,3.069890172769691,-2.5045483135496522,0.63577305455,0.008467870060827444,5.7435295213,0.003667610108643688,0.1969812852884113,0.13177518440020433,0.08379080361115498,2.510789118089643,2.7394190936416547,2.9046311586851856
LA2964,Q,sun,high,pseudohypo,3.069890172769691,-2.02080995955369,0.29485799458,0.022140308555229266,5.3150307904,0.014484400648036527,0.26057092358482264,0.19847549741686454,0.14319078063900945,2.3014543000515415,2.5162647732137904,2.7030616383900425
LA2964,R,shade,low,amphi,2.740191285057024,-2.1089796964417657,0.13730259233,0.0034621259115231668,5.2378700998,0.0026211433714303975,0.11595777233253178,0.07723997926199332,0.05475561359379351,2.849457343272918,2.9268546944104123,3.0000203350844195
LA2964,R,shade,high,amphi,2.740191285057024,-1.5849228138596345,0.17497315022,0.008969697457714546,5.3560972914,0.007181744801426652,0.16774204039827048,0.12602549084732026,0.09272356010992669,2.67758264268522,2.773227137208707,2.8833623915572244
LA2964,R,shade,low,pseudohypo,2.670814286866424,-2.2261935668211046,0.00958539107645,0.004724038049256803,5.244351801,0.005019825304251561,0.09876009470021388,0.07344808717460811,0.05744809761894096,2.8533987582104676,2.9287770674309885,2.9885653576426687
LA2964,R,shade,high,pseudohypo,2.670814286866424,-1.53751719274917,0.19532261037,0.00632620797837615,5.4382452921,0.0051304775084891185,0.1598251281055844,0.12293551255814388,0.09792286359533149,2.733304664624096,2.7861092078054766,2.872259901872682
LA2964,S,sun,low,amphi,3.200057700927545,-3.8200405886224438,0.2394917307,0.004252165300993493,5.2757575938,0.002850374661772379,0.1052191152547694,0.07729114495002086,0.05676497682322566,2.857935000780916,2.9284597292095564,2.993011967687509
LA2964,S,sun,high,amphi,3.200057700927545,-2.789364620419578,0.36536305422,0.007819556387283082,5.5695248857,0.0041649208018197615,0.21011650375425198,0.13869891084222588,0.08851515517909796,2.5152407334179845,2.734295043666665,2.8936373671684277
LA2964,S,sun,low,pseudohypo,3.1420647556614116,-3.669636550803572,0.25479695154,0.00741895642288827,5.2342878952,0.0044193680138543395,0.09689170614124885,0.06922115751421273,0.048660279066623215,2.8753544457533113,2.9514652150695158,3.0189703999728024
LA2964,S,sun,high,pseudohypo,3.1420647556614116,-2.7285837748965274,0.18546255079,0.006950357181054461,5.5564872192,0.004845330517698162,0.1854747151324373,0.13252697528829854,0.09311245395839797,2.6293964735490016,2.771255555602296,2.8970037098543338
LA2964,T,shade,low,amphi,2.914744453738675,-1.625065163962739,0.2848951436,0.033169932363856194,5.2180349642,0.019800552032644338,0.16141248341981604,0.08258784626652482,0.04704576234864978,2.655141065565102,2.9173666285472386,3.0253140960865244
LA2964,T,shade,high,amphi,2.914744453738675,-1.3958335496972099,0.18563553326999999,0.014265071215975051,5.0541170311,0.009776727653614764,0.18720997086011507,0.12983653860122646,0.08982374733351177,2.6006645565567608,2.7689951276282767,2.8892129943632736
LA2964,T,shade,low,pseudohypo,2.8667213041603152,-1.4505622750477172,0.24696178307,0.015258724918660939,4.6597703775,0.009539990467387365,0.1302936878630327,0.05517129259496351,0.031689412154065705,2.7479330183873465,2.999424873014893,3.0751671529217828
LA2964,T,shade,high,pseudohypo,2.8667213041603152,-0.7734533909893004,0.32894962051,0.019721093331215193,5.1385554569,0.011609266794276605,0.1983774059438624,0.1286081263051372,0.07674756213561602,2.5535159611723985,2.7725720210217992,2.9420643810700495
LA2964,U,sun,high,amphi,3.0722300995578307,-2.2302545231014936,0.36870111099,0.013770041700628765,5.9180513973,0.009011187483853161,0.25985325241537444,0.20648523846491124,0.1612980509943206,2.2754278597987443,2.4627776482823327,2.6182803943749824
LA2964,U,sun,high,pseudohypo,2.9733048609003703,-1.6217670739078038,0.25806043638,0.019896597056663672,5.7720910246,0.0571859074436019,0.20295035747463785,0.16397597074941125,0.12489402473903179,2.471617682083435,2.6229553282242133,2.7761967737980204
LA2964,V,shade,low,amphi,2.8896415831867204,-1.8423289810476189,0.28692337137,0.028951548943346814,5.2390357766,0.019487736348825987,0.16122472584728811,0.10310366672337465,0.06642871757973058,2.6397283320780964,2.8369292977008644,2.958682438210348
LA2964,V,shade,high,amphi,2.8896415831867204,-1.2521717447142098,0.25283716356,0.017489855000282967,5.38848183,0.0120869773016081,0.22300059885807638,0.16698046114409895,0.12506530254507064,2.4217002858476033,2.6179779776105274,2.758124620517677
LA2964,V,shade,low,pseudohypo,2.8409663633329343,-1.836935458596545,0.23273788478,0.01764232083771185,4.9428519258,0.010981222224176648,0.11998365066463237,0.0650553775622145,0.037217858165500335,2.7717522082656485,2.9619162268171917,3.0549498143129936
LA2964,V,shade,high,pseudohypo,2.8409663633329343,-1.2895138941386188,0.21454304855,0.02013436230272256,4.9981103479,0.014055436678977722,0.16716952140527977,0.12074161356817956,0.08328073870690535,2.6097106978331173,2.76902892773919,2.899009241072505
LA2964,W,sun,low,amphi,3.0555203592636926,-3.3442855039715065,0.15334530414,0.007199676387082044,4.9377447372,0.004597924664841708,0.12881516448814057,0.0897913927358232,0.07621356913227408,2.748300140323971,2.885038871155921,2.9265276406624814
LA2964,W,sun,high,amphi,3.0555203592636926,-1.9927724013353467,0.391379371,0.01870283969670722,5.8379202647,0.011824374900745373,0.27902424822098754,0.1979817018044536,0.1384805106922067,2.2062078076287923,2.5095197281307837,2.709564047413626
LA2964,W,sun,low,pseudohypo,2.9468180634189407,-3.1248236305603063,0.053797268317,0.009255210992861808,5.3170652647,0.010568623577907181,0.09888097210375713,0.0683606256316405,0.04571035845983542,2.865148014286091,2.9496430134883793,3.025567107232226
LA2964,W,sun,high,pseudohypo,2.9468180634189407,-2.091257073391963,0.134822713904,0.009703066946052254,5.7555628737,0.007801187044977779,0.20425192715300908,0.15791421550033422,0.1152613661201265,2.472399258099523,2.651594465433187,2.7916570275531196
LA2964,X,sun,low,amphi,3.10234631591245,-1.8996052553236933,0.57264250314,0.018023982585664275,5.5515558965,0.007648730383570743,0.22949626532753856,0.11178128084279831,0.05419970643584179,2.3996539599318227,2.809252441118903,3.0038070493409674
LA2964,X,sun,high,amphi,3.10234631591245,-1.2736371528525026,0.52010627439,0.02544211601162666,5.7776936331,0.013047256794168934,0.3248354193845079,0.20916871598628992,0.12646656002945383,2.1091364063864684,2.494423744574341,2.766867669432876
LA2964,X,sun,low,pseudohypo,2.998992186177019,-1.4725491382520193,0.50498079198,0.01695916856193263,5.5375228497,0.00783423736731325,0.22072839426854624,0.11776593607799915,0.059431427481910576,2.4211492682214244,2.7814107083079738,2.9821913306833916
LA2964,X,sun,high,pseudohypo,2.998992186177019,-0.8283535617869435,0.65393749431,0.028129291281567433,5.9292828582,0.012401390438435507,0.30231684988151264,0.21867257291673026,0.1473606999765021,2.150273393920218,2.456941922410544,2.6935344749569454
LA2964,Y,sun,low,amphi,3.1074763213556436,-3.210570726924605,0.19165120495,0.014818628647922357,4.787133958,0.010366495996296783,0.12530482770812118,0.08152545026880346,0.05414944944506295,2.7652825516036006,2.9075915212534835,3.0000400692562144
LA2964,Y,sun,high,amphi,3.1074763213556436,-1.686301801984647,0.66144438925,0.019022053097838148,5.5731675494,0.007662635289301989,0.33326872013110787,0.21132084681474606,0.11962620345519338,2.0560914536711072,2.473413041486726,2.7827929352800425
LA2964,Y,sun,low,pseudohypo,3.033088264564798,-3.2609775102896488,0.165043358832,0.01828071145960497,4.7039872073,0.011438703348659566,0.09393561386628155,0.06584721083643806,0.049868187821277145,2.877048228404167,2.9574513726348393,3.00893500219192
LA2964,Y,sun,high,pseudohypo,3.033088264564798,-1.5275583660138572,0.58194146324,0.014608970335317007,5.4859626648,0.005928396814391714,0.26298145673678924,0.1504633038550705,0.08186855153792505,2.2339724635714426,2.6610256571325497,2.915272574682312
LA2964,Z,sun,low,amphi,3.0350197827598864,-3.039569487084247,0.23790091376,0.012750635140199992,4.8264585242,0.008077140393032872,0.1030968417125587,0.06852187060957729,0.04438072391004617,2.8555197062517017,2.958889505810797,3.0375865655127554
LA2964,Z,sun,high,amphi,3.0350197827598864,-1.9763595401236393,0.44571725288,0.013787555334226768,5.3140922473,0.0069716829941287055,0.2171264736366874,0.13947209737494834,0.0838148563207418,2.472705709868432,2.7401697622756864,2.909848656138482
LA2964,Z,sun,low,pseudohypo,2.9378832394548233,-2.82294972375348,0.14112329932,0.007251375011161226,4.7945639392,0.004869261044614877,0.10734173089952558,0.07206303842947512,0.05471581228739797,2.8318170183803844,2.9432707340757123,2.9997236952820256
LA2964,Z,sun,high,pseudohypo,2.9378832394548233,-1.6508493668762707,0.44272076175,0.025096916975599532,5.2110075285,0.012076904192350328,0.23655676266236958,0.16393114157351496,0.1080042747924617,2.4246143316661346,2.6669902003280797,2.8390717439585043
LA3124,E,shade,low,amphi,2.898713802242365,-2.373589110350021,-0.081868047905,0.011360163761619626,4.8350682662,0.02103368312797845,0.11370779282040708,0.06536298418039248,0.043546831314205614,2.818288110031202,2.9618815768214297,3.032073503432279
LA3124,E,shade,high,amphi,2.898713802242365,-1.746367376512096,0.074783213581,0.00955820050004599,4.9175813555,0.007860853781488592,0.17954998370875386,0.12467530421059175,0.08497792920927177,2.603429122791955,2.7759190313648205,2.8997954614523676
LA3124,E,shade,low,pseudohypo,2.85495735132044,-1.7673550268436404,0.18459309758,0.007964659253224617,4.7341428187,0.005250449692972861,0.14590307083676,0.08497690498772727,0.060844350633069824,2.691512412317885,2.8958708451847412,2.9753057469946858
LA3124,E,shade,high,pseudohypo,2.85495735132044,-1.3877043676467091,0.17605904464,0.012561621152730648,4.9149611796,0.00872397361700814,0.17998973612827682,0.12187687011150306,0.08460749802056543,2.5870073628597483,2.7817954668302027,2.9044234289398965
LA3124,F,shade,low,amphi,2.9943241317320837,-4.19580121289748,0.108659437275,0.017506262674580685,4.3183753286,0.013455065309267695,0.05272893545036661,0.04097583348352453,0.03779953855630927,3.0046664289020337,3.043227365226339,3.0539560728125217
LA3124,F,shade,high,amphi,2.9943241317320837,-2.226548961034369,0.0362240867826,0.01025012481474234,5.034788499,0.009609951081702334,0.2099083834642097,0.13814840676043869,0.09200885210942238,2.4699070180863596,2.7101580567661676,2.866778439319964
LA3124,F,shade,low,pseudohypo,2.9373862184732986,-4.357269409918425,0.02260769915942,0.006504012757576791,4.3797902312,0.005194406727802544,0.03999833478598727,0.0308137742165514,0.027513884220891065,3.0437458044124375,3.0760964104887676,3.0874369941753375
LA3124,F,shade,high,pseudohypo,2.9373862184732986,-2.1635930384175013,0.26891472613,0.01725997175290169,5.1972665283,0.012749190428162983,0.1844456909592936,0.06330155309041707,0.04094618208558535,2.5708163835116995,2.9712823124030834,3.0480314534282167
LA3124,G,shade,low,amphi,2.8157946359232664,-3.1988906107658828,0.022701182839,0.0029305958860238335,4.0390639953,0.0023152412349221538,0.05687031089800264,0.03829716549992968,0.033679827044031524,3.004792994313652,3.048180415376015,3.069771738698779
LA3124,G,shade,high,amphi,2.8157946359232664,-1.382586456902747,0.163314723265,0.025071374509407114,5.0801506327,0.02061875214413381,0.210142127730992,0.11857610864183969,0.060529598440435914,2.481119997653749,2.7970417524334517,2.9780798200346448
LA3124,G,shade,low,pseudohypo,2.773930294875892,-1.9701359234547704,0.14783542236,0.01037143710089113,4.5869952039,0.006685146402507407,0.1285739664924569,0.07315399047148982,0.051255619843553535,2.7550890020501386,2.940170121193798,3.002450245369701
LA3124,G,shade,high,pseudohypo,2.773930294875892,-1.901526249626446,0.105168790131,0.014762114317046578,4.6255792064,0.011186153461480981,0.14027830885581405,0.10096631045375509,0.07462852846914862,2.7265559927960528,2.8579099940610506,2.93736630898258
LA3124,H,shade,low,amphi,2.9405105216387506,-4.614595043741996,0.050569095836,0.01081858195920379,4.1619867473,0.008623671565812781,0.05004447523579778,0.04238933274491589,0.04013109458258522,3.0113902576916605,3.034984847701171,3.045599835025733
LA3124,H,shade,high,amphi,2.9405105216387506,-2.5127304755298554,0.27981544381,0.017099723176675654,5.1023415282,0.00999789351734698,0.21727867111843324,0.1284612287603939,0.07633514122880056,2.4418429973732003,2.749349853078302,2.923822660436726
LA3124,H,shade,low,pseudohypo,2.904199079967025,-4.597349624745912,0.064906076197,0.015100091995877607,4.149939476,0.012179362749946266,0.044553246106104914,0.03740332859715746,0.03547741117719982,3.0314115758171885,3.0536783230352693,3.0588932808850484
LA3124,H,shade,high,pseudohypo,2.904199079967025,-2.298540901679689,0.110727961102,0.01461398600895537,5.3724729188,0.01281169155593636,0.2161153881885641,0.12651567642079092,0.07149840100254286,2.44666539216123,2.7478462152902656,2.9368025227512433
LA3124,J,sun,low,amphi,3.0537477873178873,-2.560079059936104,0.26333915296,0.02628142558966689,4.5102141861,0.01651095504218824,0.15499534688515304,0.10259943964428422,0.0729224570360192,2.660040644608194,2.836244182199341,2.9357561593407366
LA3124,J,sun,high,amphi,3.0537477873178873,-1.5310236994209403,0.35709735397,0.010214144329214206,4.9867422077,0.00577871923139081,0.2824343671370107,0.18195951981391542,0.10972206693003106,2.199203355109216,2.555210535603841,2.8074028700803564
LA3124,J,sun,low,pseudohypo,2.886289598289531,-2.189572645081092,0.105497567052,0.025127050184579076,4.7571044365,0.01654985946982538,0.11721394910170554,0.09625951218279322,0.07976084658111796,2.7706854974355712,2.8418988879124822,2.9014494107163715
LA3124,J,sun,high,pseudohypo,2.886289598289531,-1.4529216084489454,0.17099362689,0.004453396161980895,4.7662409915,0.0028647274457609933,0.1888270313307432,0.13129249589532233,0.10205171252646696,2.5373794324228798,2.732716314738097,2.8350743631160977
LA3124,L,shade,low,amphi,2.8740153791789655,-2.257484029266503,0.0305883800678,0.008628098764598049,4.5612246675,0.006558803749336921,0.12883770564104666,0.06967666995816624,0.047385206959295864,2.7543817718612456,2.944444006984366,3.01590285889575
LA3124,L,shade,high,amphi,2.8740153791789655,-1.8545948425378747,0.075820387432,0.007946330018986566,4.6368006852,0.0059959854079035665,0.1751689912332199,0.1109968724083321,0.07139461718063465,2.613269102496676,2.8251567626252094,2.9387304585944736
LA3124,L,shade,low,pseudohypo,2.834042895293244,-2.279564998957485,0.053350589084,0.009199484850471335,4.5569890563,0.007263861056429112,0.07796644360725043,0.04243712716172336,0.02658659568602865,2.9164371888024783,3.0375706193931977,3.089929380044383
LA3124,L,shade,high,pseudohypo,2.834042895293244,-1.5820580557084618,0.17255334215,0.01561310770283327,4.899680208,0.011863312375252068,0.128112360317727,0.08245167910739232,0.05277785985376276,2.757859955539977,2.915188730083397,3.0002140739939502
LA3124,N,sun,low,amphi,3.0208925526615213,-2.9003150624585046,0.167146517612,0.03343020920510463,4.9323988199,0.02590207599376505,0.0900174249254898,0.07548392618065267,0.06528210007227492,2.893242270638766,2.9301574476420074,2.96363702637161
LA3124,N,sun,high,amphi,3.0208925526615213,-2.1005118123188375,0.27444035851,0.01655043091306617,5.0417254776,0.010934612696136645,0.15668629555723554,0.12283769429823826,0.09579991082054791,2.6602915176356454,2.7680611752296445,2.856790499048244
LA3124,N,sun,low,pseudohypo,2.974712167170408,-2.5765879441161075,0.128716381661,0.012446715496229535,4.6197475674,0.008822792908650075,0.08326335124134854,0.07436432861185455,0.06882016687253086,2.8935968750814314,2.9231219028314204,2.942649996964388
LA3124,N,sun,high,pseudohypo,2.974712167170408,-1.691033830258321,0.15278785025,0.009402825525266067,5.0155114011,0.006706183498759022,0.15038469372944246,0.11695951452260839,0.09041122200118842,2.6641175146902514,2.7821311681940264,2.8745787661449462
LA3124,O,shade,low,amphi,2.907183285277186,-2.443959798345613,0.0558290800214,0.018479502881098786,5.0175525134,0.015799159054337826,0.1383290931618094,0.08461754033599661,0.050505081026046575,2.7182611361667997,2.9022588269969916,3.0140836144140057
LA3124,O,shade,high,amphi,2.907183285277186,-1.793608597028753,0.23125311133,0.0038885663049283547,4.9842105766,0.002701182043844219,0.22255426760503855,0.12084121773806357,0.07364559856677597,2.519633817895678,2.8133545912449347,2.947813297281491
LA3124,O,shade,low,pseudohypo,2.8724075796349284,-1.8362599316320183,-0.11301725501900001,0.01948946676724396,5.4614319023,0.026273169310545814,0.15766731398452108,0.09168720678922815,0.05023937441244896,2.6539430983998575,2.8776561881088445,3.0143513952458987
LA3124,O,shade,high,pseudohypo,2.8724075796349284,-1.7505145596948548,0.20368921021,0.011257430197607594,5.049730261,0.00787351212644423,0.1839047479078818,0.13591346927508166,0.10238472699730294,2.6813884692707965,2.75785498694165,2.8618224504643104
LA3124,P,sun,low,amphi,3.1161295201183816,-3.1051913549496732,0.089809094298,0.014003762430014425,4.6033884118,0.007811437556687165,0.14073555295178858,0.12100854271397711,0.11397289502903321,2.701020366512043,2.771152113868233,2.7951223928691387
LA3124,P,sun,high,amphi,3.1161295201183816,-1.9365512594632939,0.38388897124,0.024020626245137806,5.2758315516,0.01322104095975944,0.290994965603101,0.2100993637733948,0.14967338060471044,2.18591336137909,2.461172191883129,2.671148410462511
LA3124,P,sun,low,pseudohypo,3.038033723368401,-2.8231574813265174,0.25374197221,0.013974684856174638,4.908909777,0.008934900440210159,0.14204877570117844,0.11533530841091644,0.09358061352491284,2.6925063772053806,2.7682564442923563,2.848743612308981
LA3124,P,sun,high,pseudohypo,3.038033723368401,-1.9327794200545734,0.21888520304,0.010390029572469558,5.0466433796,0.006933417919849876,0.24909456545786435,0.1785375872382912,0.12247231605978036,2.3173900984656326,2.5726249627105466,2.7670400066277248
LA3124,Q,shade,low,amphi,2.75185273444042,-2.9490003357182104,0.04065230419551,0.036149203432028154,4.8633949528,0.04580917755503715,0.07859113457988968,0.05217053099922996,0.04061497242510949,2.9155301079182316,3.0046250259505607,3.044408075861398
LA3124,Q,shade,high,amphi,2.75185273444042,-1.7884967376943242,0.046465290944,0.010050862071718469,5.1805607726,0.009204803048572636,0.1820196793487858,0.12027966080455167,0.0741141201399272,2.584036751210654,2.7854039901648795,2.9406749624316313
LA3124,Q,shade,low,pseudohypo,2.6823336382751277,-2.135426539679304,0.20269787287,0.009230524581796917,4.8763417619,0.005766126346850743,0.11302351075124091,0.07241761506446259,0.055617981671357876,2.794190988805531,2.9372196121168246,2.9916415602290756
LA3124,Q,shade,high,pseudohypo,2.6823336382751277,-1.5643085445779419,0.30895411657,0.013547331061192823,5.0165246458,0.007755346145954143,0.1699102028031952,0.10958893104084236,0.07013368172298798,2.620957040105087,2.824738155895494,2.9533257014977594
LA3124,R,shade,low,amphi,2.7573114735242426,-1.5333762775387212,0.054017769036,0.00896685215239743,4.9844929142,0.006344265547200235,0.1817767468919496,0.08011098930466001,0.038736904033016516,2.5660524138415006,2.91472580389058,3.054076829305335
LA3124,R,shade,high,amphi,2.7573114735242426,-1.5236368611276776,0.1687804776,0.00872152042953729,5.1306894408,0.0067066232353857995,0.1969043080054063,0.1105957903659086,0.06063760380673521,2.5874063499672424,2.839011208756372,2.988853606562245
LA3124,R,shade,low,pseudohypo,2.7051173328183356,-1.1888780818315372,0.18004481587,0.010164528885162255,5.1826363695,0.006420618959904729,0.17977971609942567,0.09111206665365298,0.04866114190205968,2.5637960424691313,2.8810930947227207,3.021264240545076
LA3124,R,shade,high,pseudohypo,2.7051173328183356,-1.0889483273722518,0.32500587193,0.01863589481624798,5.0515677737,0.010107375766470887,0.20771121806343665,0.11811092837084856,0.06708191366488207,2.5574914381558496,2.8255742943232844,2.9739494892608636
LA3124,S,sun,low,amphi,2.9474269869756955,-3.028711642259243,0.64191139,0.027184009617037062,5.2374664175,0.011915943473261439,0.1413710780244132,0.10958003230433229,0.08513174933248001,2.701634742355721,2.8096791764891944,2.8908655248877584
LA3124,S,sun,high,amphi,2.9474269869756955,-2.3186463711256318,0.13257691367,0.009023914144423164,4.8075142261,0.006532966305323745,0.21921930881520055,0.1566807171846039,0.12335338594457926,2.4329900318949527,2.653062598796008,2.7630286290829718
LA3124,S,sun,low,pseudohypo,2.857070710630268,-2.7129752635269235,0.58315831319,0.0340680332896586,5.2239417757,0.014505343731440724,0.1500676911805182,0.1290076242210977,0.120399399815617,2.645868336804501,2.7294317882442534,2.756835232396399
LA3124,S,sun,high,pseudohypo,2.857070710630268,-2.0106634700525623,0.26777075945,0.014883867316816886,5.0717980304,0.010045329363566866,0.2303220034521978,0.18498975917340582,0.15078091234972224,2.3773593145682055,2.54712649140854,2.6748342441247166
LA3124,T,sun,low,amphi,2.9503329096412654,-2.577660716476895,0.42951928294,0.022325296043634323,5.1387259575,0.013284768743492366,0.17204921366609358,0.13930745397210073,0.11371005946688843,2.604546027751242,2.713684181401304,2.7992744966110323
LA3124,T,sun,high,amphi,2.9503329096412654,-1.7231142486524536,0.29883132248,0.01808026278083606,5.1589583914,0.010986361630394278,0.29218692666192037,0.2095410957622858,0.14478359876502675,2.2376092296176933,2.499496170966303,2.7135768310488597
LA3124,T,sun,low,pseudohypo,2.855081656318575,-2.0597577802905955,0.30423814535,0.01412534018326974,4.8872740227,0.007700850812154835,0.21928785387861616,0.13377231510982698,0.07765394665298815,2.433252842971934,2.7455032632038314,2.919126449928566
LA3124,T,sun,high,pseudohypo,2.855081656318575,-1.92164592427016,0.16046543254,0.014824988846473555,4.9306223108,0.010397722294916586,0.2501087379496798,0.18474513805467108,0.14379618736552746,2.35928201242663,2.5779809682416293,2.7148002170394614
LA3124,U,sun,low,amphi,2.963229050195771,-3.1028687322302058,0.36134633265,0.0200330445559046,4.9204148937,0.01132696949386309,0.11306124633975181,0.08899526946723002,0.06968498096456492,2.8047779136308986,2.88609110417759,2.949170834790233
LA3124,U,sun,high,amphi,2.963229050195771,-2.163999216491472,0.25693195,0.010637779222878882,5.0509363202,0.006714381788164052,0.2110146957567144,0.13669791582279361,0.08407702129575784,2.467057582317314,2.7250085073657635,2.894309505366193
LA3124,U,sun,low,pseudohypo,2.886313797864783,-2.65819155042255,0.58300050377,0.024411275845894642,5.4050381381,0.010434026598012208,0.15381284602258027,0.1467597017639088,0.14395476870062407,2.631674793617634,2.6554643866080108,2.667651685322699
LA3124,U,sun,high,pseudohypo,2.886313797864783,-1.8704507137296478,0.41572413511,0.021452140936889897,5.2603629577,0.012543808218968222,0.23521868577584443,0.19356260405904346,0.1621306950232456,2.3554805737451905,2.5152689736326463,2.6352561324449546
LA3124,V,sun,low,amphi,2.86511732295316,-2.883159234134775,0.61537935113,0.04015412336662759,5.2209434748,0.01733865129178634,0.19125765804612654,0.1540779398225798,0.12616849250264608,2.518419576004886,2.6530230568638307,2.748094200957573
LA3124,V,sun,high,amphi,2.86511732295316,-1.8672868869942916,0.33547794686,0.021485117305888354,5.0396174172,0.0136816109876601,0.34381576298618166,0.24886586823433746,0.16943120964222996,2.019879402121907,2.355181809205477,2.6321235606069067
LA3124,V,sun,low,pseudohypo,2.7737732835607924,-2.8052826806834044,0.1101641803252,0.038243022671007675,5.8960965199,0.08665151770956017,0.15036661349987085,0.13286415382361716,0.11754925961250483,2.6842637768131183,2.7264329188140346,2.7816301816201805
LA3124,V,sun,high,pseudohypo,2.7737732835607924,-1.7324329342783982,0.36869009069,0.019439447034316146,5.2240075516,0.011875647546790586,0.2885767753047043,0.22326425387733506,0.1609161952279382,2.2213571221010704,2.443071481450846,2.647166917584126
LA3124,W,shade,low,amphi,2.7417673128727196,-2.9835881038018637,0.04044431632165,0.0365488153196332,4.9074485697,0.02624471169665335,0.1208678629707873,0.06360863562201644,0.043887176617104166,2.7720211319010244,2.9675689956077123,3.0290721429349072
LA3124,W,shade,high,amphi,2.7417673128727196,-1.9999669317977962,0.108643787269,0.010652005540391637,5.0051745136,0.008049059149253617,0.24186882811434166,0.14439535119874908,0.08240260235854883,2.374160044057024,2.7035163949801957,2.909108719587869
LA3124,W,shade,low,pseudohypo,2.713926741021769,-2.565060017499263,-0.0011648822925071003,0.005736380659596964,4.8813280696,0.005976061130503223,0.1363445396090864,0.08324180326145572,0.06019219825836915,2.71127122978968,2.8965427838408386,2.976100501666043
LA3124,W,shade,high,pseudohypo,2.713926741021769,-2.076122160347321,0.0086970747655467,0.007623373671506616,4.9569107253,0.0071520688401247685,0.1858432659244594,0.13126049013864477,0.09489134871074563,2.5493075056267913,2.7382719807227343,2.8642804527744383
LA3124,X,shade,low,amphi,2.8999992656195324,-2.719306597511584,-0.061078408263365996,0.01860027142711938,5.0567982561000004,0.017611613220128875,0.2018803727609783,0.11979998829290071,0.06844922142587913,2.5034526707894167,2.7843813624415237,2.9567066739871817
LA3124,X,shade,high,amphi,2.8999992656195324,-2.8594835606895237,0.20467101393,0.01160662971915188,4.7731849397,0.007982927732523739,0.19886642758681933,0.151049755800935,0.12046146500770577,2.547293723593934,2.700469513958072,2.7948189995814126
LA3124,X,shade,low,pseudohypo,2.9019862758659714,-2.6799427372979845,0.041042202024,0.008051273033150013,5.3131932558,0.006623463726415486,0.19338935381463804,0.10226559584958583,0.04975550731072403,2.531003440272702,2.8460566912264453,3.0129995612944453
LA3124,X,shade,high,pseudohypo,2.9019862758659714,-2.5301433784855725,0.13554710041,0.008911164975170418,5.1813963257,0.007068169013648094,0.231151334430996,0.14964886199636768,0.09421510704703066,2.513023759200795,2.712345949376695,2.888096652652621
LA3124,Y,sun,low,amphi,2.808145846898113,-3.4071834250518718,0.29511028015,0.01891448710309439,4.6583595073,0.01037823392907689,0.14592471895400547,0.09701433160251205,0.07238849655665927,2.695669553175389,2.8562097647932587,2.936793622812151
LA3124,Y,sun,high,amphi,2.808145846898113,-2.489741813328809,0.14225300417,0.011390544849753015,4.6217987497,0.008283436052279991,0.26318680847601567,0.18534967731136182,0.12973147643275326,2.276850072979662,2.5424189277308273,2.7328613654280094
LA3124,Y,sun,low,pseudohypo,2.6966195709855287,-3.1992754016443614,-0.183713179657,0.03654181138589338,5.7562765752,0.09980909703354002,0.13117886745724724,0.12045887831245498,0.11379701647737897,2.7208319319116416,2.7559243682400085,2.7809457649944207
LA3124,Y,sun,high,pseudohypo,2.6966195709855287,-2.2777186473690483,0.26091843386,0.0220105701900758,5.1038876988,0.014743583221433182,0.22284400641147462,0.18994781227594398,0.160914120942843,2.3837358967592115,2.5051245773696755,2.613685681050709
LA3778,B,shade,low,amphi,3.0270297775222286,-3.3261246022704896,0.0425666049639,0.010864185616511061,4.6051475674,0.010015285947368884,0.07877686291658467,0.05676855571002434,0.0450985780257355,2.9174838655109694,2.9869939256361437,3.0304780130723485
LA3778,B,shade,high,amphi,3.0270297775222286,-1.9289639709756268,0.122563951542,0.01763227830979638,5.4335006814,0.015634987012045163,0.21763717781673916,0.1507595485032246,0.10221955098619252,2.4895987045682535,2.6884853644482556,2.8440385641972368
LA3778,B,shade,low,pseudohypo,2.9169592763345706,-2.9101357828907233,0.0066559925186681,0.00622413210624989,4.7079255592000004,0.005372137139060785,0.07269305728792091,0.052649049368459044,0.04190368672082107,2.9330589958389077,3.0011353307146793,3.038133593168792
LA3778,B,shade,high,pseudohypo,2.9169592763345706,-1.6184175440149866,0.26767127905,0.024884876103892502,5.2499459997,0.016663499266651016,0.17198986252423118,0.12003403199344623,0.08127382682176647,2.6032519402591356,2.77063956702722,2.9038223701790886
LA3778,E,sun,low,amphi,3.290634573756861,-3.1505327842982727,0.353064935876,0.10389167618822873,3.3960837924,0.09071416465185761,0.1775631353189441,0.17449796189921277,0.17310709328908022,2.574646441350893,2.585846132281417,2.5896810909052284
LA3778,E,sun,high,amphi,3.290634573756861,-1.6082610503788364,0.55135803455,0.022502197776385093,5.891883468,0.011121189792570693,0.3969475204830928,0.2959836716289216,0.19728861345946608,1.7801693659778985,2.1531966317581293,2.497925946133172
LA3778,E,sun,low,pseudohypo,3.228174347551201,-2.4650985338968048,0.39436745124,0.015665746555768457,5.9567944597,0.01080110272514548,0.16728873692733004,0.1604140539810662,0.15326513076824214,2.6121234756267846,2.633138555122532,2.6581492847824597
LA3778,E,sun,high,pseudohypo,3.228174347551201,-1.7497835839858338,-0.00595955593330996,0.01298532321611341,5.9759372953,0.013159689876581263,0.25147516735818914,0.2291625068687169,0.20693425631981835,2.3008441754612305,2.37632172140653,2.453144514825355
LA3778,F,shade,low,amphi,2.9611522351233095,-2.250487092115979,0.084918552545,0.014249270785770624,5.0325693887,0.010895253837287192,0.14576318253949247,0.10978150989157895,0.08278227830663747,2.685105942678444,2.8122238791475045,2.902096123077869
LA3778,F,shade,high,amphi,2.9611522351233095,-1.6478241111023868,0.28602844146,0.014622743820281685,5.36937652,0.009744537244776426,0.21219672730114267,0.1793792262877757,0.15201910956942918,2.4535036540175117,2.5675685860561606,2.664143425047409
LA3778,F,shade,low,pseudohypo,2.8990674938422916,-2.2040077975383996,0.057605172796,0.007756810569114916,4.8837288796,0.006568343616510063,0.09938427855164092,0.061918275964307934,0.03727601990273693,2.8475536034955717,2.9729597256336087,3.0541540619048257
LA3778,F,shade,high,pseudohypo,2.8990674938422916,-1.5420034677217391,0.42404144603,0.013361389568475483,5.4745871161,0.0075291158357524935,0.1549514351948487,0.11368601831510775,0.08338427413402216,2.654157278258984,2.7947237786355754,2.899531341238259
LA3778,G,sun,low,amphi,3.0900792283356355,-4.074848106408973,0.16629363731,0.017161168637664898,4.6738344183,0.011558155556484042,0.08206306161881174,0.07246113858875945,0.06330162271547547,2.900160001036333,2.93350884826115,2.9684204704319495
LA3778,G,sun,high,amphi,3.0900792283356355,-2.699517201190564,0.30058578359,0.0235974997421012,4.6909907321,0.01623626498885097,0.2002128981690068,0.15454385416476102,0.12550905509755705,2.4803412327714636,2.6490545912716748,2.755860979407749
LA3778,G,sun,low,pseudohypo,3.033525091337138,-3.594190473166792,-0.124895233,0.016114868405421204,4.2292425472,0.01428077375881022,0.07277283097835863,0.055226802017329074,0.048249215740299105,2.9416843474497227,2.9928876456721243,3.01812629786422
LA3778,G,sun,high,pseudohypo,3.033525091337138,-2.41504241319901,0.28976549275,0.011587730392275114,4.8422855909,0.007506418135253889,0.16089708514950593,0.1250019487583521,0.0998000821771761,2.641352395700413,2.767755968451422,2.8428054428113225
LA3778,H,sun,high,amphi,3.2840117638004798,-1.8414621319261963,0.3726066447,0.017721716651302167,5.5932964713,0.011199117442951788,0.34272783130627676,0.2568785781828058,0.18203858496225273,1.9954966678671704,2.288314760850166,2.55213160375732
LA3778,H,sun,high,pseudohypo,3.2713343769958,-2.1381220258888907,0.35783592565,0.010501687894816735,5.1061474253,0.005883304364505992,0.2222482390605078,0.14101255417905054,0.08456654690046418,2.4420782359584963,2.7152303804308486,2.89996525159618
LA3778,I,shade,low,amphi,2.97155747811661,-2.5297637498328602,0.1922569886,0.017799994916603078,5.2468759769,0.013284567130830803,0.13045581183502472,0.09481002100963679,0.06814842161401125,2.7505713249105863,2.866974865066008,2.9561029713533142
LA3778,I,shade,high,amphi,2.97155747811661,-2.192879571721184,0.17648922859,0.01987974722196312,5.3460013455,0.016799805628470638,0.1683838524335303,0.12307806392908896,0.0894621795674093,2.6453007853450026,2.781100834364183,2.8865205519416786
LA3778,I,shade,low,pseudohypo,2.91238857130536,-2.380182256645725,0.65973170739,0.014092570689456371,5.8490904355,0.006234877572250377,0.12991440796796325,0.08308038359681202,0.06566219849651954,2.756087325984297,2.909734274045339,2.962714780026956
LA3778,I,shade,high,pseudohypo,2.91238857130536,-2.018979891681011,0.31009195633,0.023234069181005193,5.692739308,0.014382868114706506,0.1537101501212213,0.11313191543685736,0.09125094083104708,2.679772771694564,2.8098440155986744,2.875280946221855
LA3778,K,shade,low,amphi,3.0629138188320204,-2.5383895946070876,0.12234476395,0.003976130042440301,5.1419019731,0.0028951620591385,0.17103695655052048,0.118105623372454,0.08501854677544993,2.627865560700328,2.787907626257756,2.89942501653265
LA3778,K,shade,low,pseudohypo,3.040381090622701,-2.5616911261643005,-6.582445037799981e-5,0.014937097167837676,5.0944024792,0.013525485011453092,0.10752317026236888,0.07897059679558857,0.058469161270044395,2.8443328616915435,2.9185337199260992,2.9884703049757357
LA3778,L,sun,low,amphi,3.050802327840498,-2.3572772059108784,0.17138587257000001,0.005674901862730872,5.2926804386,0.004772001795601854,0.1750582812652858,0.13084237447365726,0.09582492183611795,2.5870127150967974,2.7352801237711923,2.8547965880998025
LA3778,L,sun,high,amphi,3.050802327840498,-1.3746906599939228,0.21624669101,0.009386199146887134,5.9672478628,0.006591762758130445,0.3081213349304806,0.24695957060504087,0.19165283072977063,2.1177442025197015,2.3298087607159563,2.5205919863804747
LA3778,L,sun,low,pseudohypo,2.9667723935088905,-2.165812568533151,-0.01812579137451,0.01177658126777367,5.5099341238,0.026782495610638814,0.12112444177978163,0.09778363723522299,0.07966441370970044,2.7837937447963244,2.8467252693233496,2.9085844443471167
LA3778,L,sun,high,pseudohypo,2.9667723935088905,-1.4705755334746917,0.151131060594,0.016197408078556023,5.6297420981,0.01177218978368211,0.19201471571869005,0.15991918054781007,0.13063853359211836,2.5369197907931222,2.641738123524182,2.7421729162816573
LA3778,M,shade,low,amphi,2.737990961554093,-2.637646361902321,0.20964381494,0.022024984073440577,4.8595958383,0.015519487566610353,0.12429230004731105,0.08685300893307746,0.059894685509032417,2.761527419067298,2.885628267365516,2.9745200373074043
LA3778,M,shade,high,amphi,2.737990961554093,-2.0928932241239018,0.120966098964,0.016054727569491535,5.0872449403,0.01268988191737665,0.1838233121546533,0.14274336596511059,0.10958478642533365,2.594584517475299,2.706861025713442,2.815178354692958
LA3778,M,shade,low,pseudohypo,2.645580730434667,-2.2520997106906293,0.00739531926217245,0.00878998278158656,5.1047448261,0.010031862132239899,0.09200696508737578,0.06710472020925447,0.05127268265002225,2.876781721644228,2.9530263609656986,3.0073229526723892
LA3778,M,shade,high,pseudohypo,2.645580730434667,-1.676653773564389,0.109084992902,0.020259372116040248,5.3513555377,0.019410396939159302,0.1369558081381159,0.10649958858911981,0.08248323268805365,2.757785833670332,2.824267534156808,2.9056943803618993
LA3778,N,sun,low,amphi,2.862482024285103,-2.9853341691484845,0.17119713996,0.013690027675381048,4.9338899845,0.009838539053852662,0.14734779632717293,0.09107433333057104,0.05595125389109825,2.6951862222617264,2.8745589954141617,2.9902637518856134
LA3778,N,sun,high,amphi,2.862482024285103,-1.768889439258275,0.20913195413,0.008375020152096983,5.2787094012,0.005462720306038072,0.3001609459956594,0.21863006995167775,0.15613443620699002,2.1381580658379935,2.4236773571460746,2.6467848149832935
LA3778,N,sun,low,pseudohypo,2.7878892240082136,-2.4514784905472236,0.087002989061,0.0065420194131327256,5.0594124629,0.005639120025230233,0.1278415592583153,0.09227527353998426,0.06925280499371468,2.7464612710214213,2.8664919933471844,2.9449259334731925
LA3778,N,sun,high,pseudohypo,2.7878892240082136,-1.4992869936666595,0.25056828821,0.015454573242914629,5.1771344149,0.010596033992498246,0.22698467371518485,0.17936405923628645,0.1406491032064532,2.3912025086618973,2.5576916278041706,2.6920840946186564
LA3778,O,shade,low,amphi,2.7659064486303757,-2.645856436891973,0.025177176714459,0.03228743911378791,5.3685046368,0.045239193771763046,0.14943918993791308,0.10258858830776797,0.07063711966292298,2.678466993982976,2.8340847518898213,2.941736253259863
LA3778,O,shade,high,amphi,2.7659064486303757,-1.9953654387050643,0.018469976823057,0.01780580279692099,5.4735126252,0.01951682771974194,0.22325889846563537,0.16925204738785368,0.12556866212149684,2.4094367402819516,2.5984765314995473,2.7491563991825427
LA3778,O,shade,low,pseudohypo,2.724341888512433,-2.2186428752855076,0.12845978944,0.02756148221135423,5.838593403,0.05645314005228424,0.1423865847900614,0.11218374639836087,0.08944746046338752,2.696234449991102,2.790755007832935,2.869690605612259
LA3778,O,shade,high,pseudohypo,2.724341888512433,-1.9093638699900222,-0.06140724042464,0.024274006255069223,5.7326118242,0.0380594984466399,0.18051814039215383,0.15974217411915437,0.14365802698623242,2.585996929930504,2.6465147819455934,2.7040036910676992
LA3778,P,shade,low,amphi,2.6874797902869108,-2.416347195363962,0.07593117895531,0.03121256351973486,5.210792337,0.031038297876033925,0.11863451221865258,0.07305242577175225,0.04056455283413491,2.783897841567647,2.935948841743306,3.043037708198047
LA3778,P,shade,high,amphi,2.6874797902869108,-1.8773615991938595,0.086264431072,0.008082358803839961,5.3300754152,0.00799721333713617,0.17117657535163733,0.125643829351243,0.09070974484856466,2.5985859989913838,2.752921495205982,2.8750777942387242
LA3778,P,shade,low,pseudohypo,2.6274304837366267,-1.781766638597487,-0.122613837752,0.020088372566921142,6.4026209266,0.05862717706492947,0.11426863926480722,0.08350096711357487,0.061136622909222664,2.793874298999576,2.896978441288365,2.9714009339938356
LA3778,P,shade,high,pseudohypo,2.6274304837366267,-1.675538239364274,0.087482505223,0.01977865332291774,4.6493282209,0.01645669588289689,0.12272116032002094,0.11594617129086916,0.11206696891093003,2.7670685851978067,2.7877134372981462,2.801976154317025
LA3778,Q,shade,low,amphi,2.688016947686979,-2.7633805184663647,0.20446903808,0.013243478469391267,5.0288874699,0.009283056278974187,0.11156867977456636,0.07516872728620942,0.05296207428476515,2.8290108032684134,2.93465666450898,3.0077863259676842
LA3778,Q,shade,high,amphi,2.688016947686979,-2.6628265090173597,0.35049425759,0.011427613022676636,5.0978729323,0.006865873962527724,0.12603002958771575,0.09744701770222167,0.0769320458816354,2.837961266891873,2.873990648870854,2.9382914797776585
LA3778,Q,shade,low,pseudohypo,2.6896801206020373,-2.10994933671182,0.1103062736155,0.028317287140862433,5.6478316514,0.034977808665857604,0.1091634538553792,0.0737061007285458,0.051268463488481374,2.8341689935646754,2.936770359361668,3.0101341213408053
LA3778,Q,shade,high,pseudohypo,2.6896801206020373,-1.998460649298061,0.0978432396959,0.025017084877225468,5.5495378633,0.03406919637515758,0.1255084158178398,0.10697869441087862,0.0917868799711059,2.8095161363862386,2.8422031349028303,2.897957678283508
LA3778,S,sun,low,amphi,2.949883360615142,-2.567147324559844,0.31569260754,0.022347640399862794,5.1198999554,0.014820214883981874,0.19126390458190545,0.11457246032867877,0.07425775908694802,2.5538612168950685,2.8077978192527437,2.9349386949319776
LA3778,S,sun,high,amphi,2.949883360615142,-1.8401440385898626,0.39016148329,0.019300751934392905,5.427569044,0.011127171356606479,0.28538294068888664,0.18629609705890351,0.11925557509937733,2.2277999269443294,2.5565810871111916,2.780428747903377
LA3778,S,sun,low,pseudohypo,2.8313188466036747,-2.1414174084358395,0.049162200394,0.008386443872939043,5.2210737043,0.008213744206087408,0.14123441841927803,0.09131871226323521,0.05947543431979675,2.722207074277826,2.8800039519195817,2.983234978982979
LA3778,S,sun,high,pseudohypo,2.8313188466036747,-1.5348376363860585,0.2643231138,0.014980212294861439,5.0739022146,0.009785256350604931,0.21226985410800986,0.1549061043650108,0.10966080156574623,2.4909766497278456,2.6856630282421143,2.8306306513428754
LA3778,T,sun,low,amphi,3.1102314735525822,-2.9153601794600355,0.60622951114,0.04629552702153837,5.3973024185,0.030723664157573313,0.1707654811212276,0.14634311771547537,0.12482032910142467,2.6193867779181508,2.697284969853169,2.7717574651110133
LA3778,T,sun,high,amphi,3.1102314735525822,-1.7846318928872695,0.121834594532,0.019282959881797596,5.5201203871,0.012543438965681978,0.32986082995811356,0.2721714398657377,0.22421828452842008,2.085375992995065,2.2729908695632797,2.4323866739332405
LA3778,T,sun,low,pseudohypo,3.064739083166513,-2.1569373182771585,0.2360484894,0.01259418811430138,5.1678416048,0.009160977251389573,0.19298874685408487,0.15894838366126263,0.13248811115576062,2.530517424977801,2.643936154176168,2.7348952381944946
LA3778,T,sun,high,pseudohypo,3.064739083166513,-1.5765920894738905,0.177353790891,0.021949898794733146,5.3154833084,0.013420850518241486,0.26152670765173996,0.22779603188398218,0.20435922166153933,2.308760423953702,2.4160517520479585,2.4990434204681966
LA3778,U,shade,low,amphi,2.7072467822323145,-2.7657524698658618,0.128171256888,0.012299551522603489,4.6055154433,0.008852291660846017,0.11586023237777358,0.05995051547370616,0.035513796978355355,2.8025929025831338,2.977044913647377,3.0603740334323177
LA3778,U,shade,high,amphi,2.7072467822323145,-2.2221045308703697,0.25464759076,0.018668693539280065,4.8719024664,0.01191888009111333,0.16919923245793306,0.10511688967035332,0.06454618957122712,2.6091730422456862,2.8260891808041024,2.9576003502640527
LA3778,U,shade,low,pseudohypo,2.6434135004229633,-2.0695569753151815,0.25047470125,0.012156748493201548,5.0258233139,0.008160115311155116,0.11073701370396093,0.07947375373668251,0.05924700551798045,2.81540719048373,2.911843164408256,2.9772131173071013
LA3778,U,shade,high,pseudohypo,2.6434135004229633,-1.8597259535159996,0.31133613575,0.028086519602053675,4.9874005556,0.01931728203592898,0.13004911826547882,0.10779014292065968,0.08893026227001692,2.7596931421371944,2.828566691168152,2.889424181644647
LA3778,V,sun,low,amphi,2.967698075590061,-2.362867137470542,0.18860399571,0.00843873509756371,5.013285311,0.005235407244891154,0.19365247660077536,0.1183855127866811,0.06639984420386275,2.5226714355738977,2.7870014469601316,2.9611183294831065
LA3778,V,sun,high,amphi,2.967698075590061,-1.7292426105531453,0.39205715857,0.01910145753543965,5.7631837416,0.011691871940015903,0.29200596197601814,0.2142031480190433,0.1515136942365815,2.215736212357273,2.485353004809572,2.6954698344020716
LA3778,V,sun,low,pseudohypo,2.9780919175863776,-1.856710034568602,0.20219126448,0.017357898202780775,5.5454209131,0.01441371964993301,0.1666536930269616,0.11068685780078148,0.07017675729269861,2.626156749893306,2.813681115035438,2.9492947732577837
LA3778,V,sun,high,pseudohypo,2.9780919175863776,-1.3275599435470722,0.46534507427,0.01020141760829798,5.5448961453,0.005329460891464702,0.23128142099585194,0.1739708061997404,0.12756867961416696,2.4242203784995047,2.6153585167795814,2.7688873584759905
LA3778,W,shade,low,amphi,2.864622581211369,-2.154650287411728,0.24230308572,0.01594685486583752,5.3783170599,0.010996605984164068,0.1422773789980396,0.07620920411423578,0.03981079242271508,2.704716833565102,2.932965173711444,3.0482035198051336
LA3778,W,shade,high,amphi,2.864622581211369,-1.782124292480683,0.29099827523,0.014484937971012241,5.5349338318,0.009503027208986808,0.18769980813516224,0.11086473354146635,0.06258752530100097,2.600952616265106,2.8228880830145706,2.978260736306569
LA3778,W,shade,low,pseudohypo,2.826049235201022,-1.7408770214793887,0.35377183312,0.007403801315033686,5.8343485929,0.006567719006133196,0.12493750480085056,0.07907977170975156,0.048532658508009176,2.7532000389401414,2.9178651154006277,3.0183603144754594
LA3778,W,shade,high,pseudohypo,2.826049235201022,-1.6030325412510076,0.36265861863,0.012932700110119776,5.7818657632,0.008283428281186181,0.1466351474207374,0.10886362676293751,0.07929732372972592,2.719379329683129,2.8367512137690305,2.929454530460212
LA3778,X,sun,low,amphi,2.911788923139957,-1.7378033323877315,0.40387661318,0.01548666281505368,5.517702257,0.015282500428418614,0.27875581885837614,0.19305453499831607,0.13252696705900802,2.2401227789939355,2.5441784102029867,2.742743199845706
LA3778,X,sun,high,amphi,2.911788923139957,-1.2415391174741233,0.45641306374,0.013813182185331481,5.7316562497,0.007816540313634593,0.35288698720312195,0.28326506811290164,0.22025809728394852,1.9931577433578895,2.2381745704042197,2.453323278141225
LA3778,X,sun,low,pseudohypo,2.8434716615867446,-1.8402062817885945,0.24274768237,0.02660827228416895,5.6655363275,0.02439028572826896,0.16893472758339012,0.1159895670848311,0.0790743963289231,2.6329022021892134,2.800479031359808,2.9215342200161243
LA3778,X,sun,high,pseudohypo,2.8434716615867446,-1.36755623547672,0.3269039318,0.008656304271197589,5.5466058643,0.005190472350350708,0.23287814548757166,0.1826970864933103,0.1411977902607564,2.4612838638691894,2.612233917985824,2.7433482624996235
LA4116,B,shade,high,amphi,3.209739161283946,-1.885889920565725,0.30608514436,0.03359971864368719,5.4914124261,0.027999202425960268,0.12019294493785491,0.10217159693084914,0.08604473307708149,2.792363956379137,2.851530974469966,2.9036119163175598
LA4116,B,shade,high,pseudohypo,3.143948615296417,-1.3195793259539772,0.25287003777,0.010802425677138447,5.2864184413,0.008367279874922896,0.12474553820392273,0.09819012871125032,0.07682944421172175,2.7634378739343077,2.850304093123243,2.9229099984807223
LA4116,C,shade,low,amphi,2.9936713950149523,-2.860562673251985,-0.080824293475,0.016928164267303616,4.3328133428,0.015703634598517376,0.08507598818554145,0.06759617460652062,0.06390093317684513,2.901240087745346,2.956302655687293,2.9685281739240374
LA4116,C,shade,low,pseudohypo,2.9789818367206293,-2.693882429287188,-0.0195344967095,0.004662532443220085,4.1912424308,0.004263040931977912,0.07255091630971401,0.06178424849052518,0.05826428648006118,2.9367899792104066,2.973253792515321,2.9857774789477958
LA4116,F,sun,low,amphi,3.194814304628076,-3.022825366386567,0.103270177939,0.006765575994093703,4.7524626264,0.004637157442687413,0.1250763179235538,0.08765689728431664,0.06893626002826368,2.7667946040692533,2.8896558956177167,2.9527107178007217
LA4116,F,sun,high,amphi,3.194814304628076,-2.4600567084963183,0.31808789269,0.011554646811986842,5.1638902563,0.006307407592191442,0.1849883723137777,0.14308741203703745,0.11247304869830226,2.582005113999953,2.7111885780203138,2.810249196515503
LA4116,F,sun,low,pseudohypo,3.1274244038378964,-2.102241214963492,0.19520068497,0.0130710056686164,5.6881543548,0.010014543576000472,0.13709169278092972,0.11560830091931944,0.09775796498431587,2.7098995782506736,2.7899664702633977,2.848965906109624
LA4116,F,sun,high,pseudohypo,3.1274244038378964,-1.86035224768666,0.02462022331732,0.00843865822255872,5.476051407,0.00696061433847185,0.15458536387582433,0.1339333655526621,0.1167904462354224,2.6751107829478245,2.7238886052782245,2.7840124621925875
LA4116,G,sun,high,amphi,3.124098520219324,-1.0679740712142718,0.20117356852,0.005018557672693856,5.3121118571,0.00360874052863774,0.2376784470788467,0.1740639405577709,0.12580324697771078,2.3911574114486394,2.6035275788921126,2.763347119954
LA4116,G,sun,high,pseudohypo,3.0604525241118905,-1.2462516244588704,0.092699947161,0.002764474950866525,5.2947166,0.001998682591794591,0.17027937016028252,0.13216026898424527,0.10090722995471013,2.605405270598917,2.737590959967916,2.8395490464032167
LA4116,H,shade,low,amphi,3.1482718018519065,-2.3434660295057363,0.15924909705,0.010404371769712695,4.8430663304,0.007228815908797158,0.07760856137622875,0.061635157269191526,0.049258758094464124,2.934316103652119,2.9769433288230527,3.0173725527396513
LA4116,H,shade,high,amphi,3.1482718018519065,-1.4469553944454512,0.58004239318,0.03104665008073463,6.2056653005,0.013302517582673099,0.1362502042405392,0.11253471486110771,0.09332478163616689,2.7234496871650555,2.80501044053152,2.8678099736584617
LA4116,H,shade,low,pseudohypo,3.116455872839062,-2.0025592443386735,0.17711067803,0.014124790591956253,4.5935691286,0.009114111989384215,0.07043826730512766,0.05691084822956935,0.05113620097442187,2.9543544444229117,2.9888635757752544,3.0062965712208363
LA4116,J,sun,low,amphi,3.3317818216505213,-1.9175762559929552,0.38220984531,0.015057012475588298,5.3332023212,0.009829291653723801,0.0795815935826918,0.05327748433727619,0.03626160452544952,2.9227630510329266,3.005571867580582,3.0601301081905654
LA4116,J,sun,high,amphi,3.3317818216505213,-0.9314165967665061,0.55042215565,0.02421921214022931,5.8709083173,0.01214861174354527,0.14600551620342997,0.10321927415830431,0.07079270352103637,2.699205106144124,2.839223285817253,2.9440772204510584
LA4116,J,sun,low,pseudohypo,3.3094662957387855,-1.993035775227008,0.29285795282,0.02663511380428029,5.4556255009,0.021886032926544514,0.05624654226614914,0.03683388652854365,0.02425909680842911,2.9992277159856853,3.056528439936613,3.098092231422285
LA4116,J,sun,high,pseudohypo,3.3094662957387855,-1.017461777001048,0.39144022327,0.018831629257303795,5.6714359971,0.010514885440464274,0.10187016059656676,0.06329855012043671,0.038805960075628476,2.8391387684251184,2.9759237616733936,3.053390795062628
LA4116,K,shade,low,amphi,3.20356735481094,-2.283843013476078,0.13030072775,0.005518215321714808,4.9104908932999995,0.003795895258430886,0.10706783331656086,0.06060951105715517,0.04204433032354862,2.8422817899645594,2.9844928670825883,3.045577215535992
LA4116,K,shade,high,amphi,3.20356735481094,-1.873566934524158,0.21804584942,0.010494809861942877,5.1797540314,0.00733278984504845,0.14062261034161527,0.09807204903186184,0.06933893437294601,2.75005278876513,2.87504726067354,2.9645223443522775
LA4116,K,shade,low,pseudohypo,3.1642660718128655,-1.282644544852701,0.35994223877,0.011254446908119227,5.0956735031000004,0.00582549098463234,0.09028820233846165,0.05226139024577117,0.03032398537380646,2.8913829422724175,3.0056430947983914,3.0787175922721874
LA4116,K,shade,high,pseudohypo,3.1642660718128655,-0.8531217666375785,0.31748402353,0.005825623807163716,5.4786607956,0.0041623296613664115,0.11853740655721202,0.08547115417441715,0.06156468871952391,2.843185146598413,2.9102835555649897,2.9862465642569336
LA4116,L,sun,low,amphi,3.054682219019219,-2.39603851074983,0.24575622176,0.008019691550727055,5.3943171286,0.006423893280252878,0.10085860403136075,0.08433459056041236,0.07063403626203442,2.850855495773689,2.9031674870903736,2.948662476081091
LA4116,L,sun,high,amphi,3.054682219019219,-2.031186930953284,0.21724095579,0.013974695227504283,5.0852923876,0.00924608899927905,0.12856446530819757,0.10250953004311754,0.08164688299491595,2.7637089518411253,2.8427451472141603,2.9127545367092944
LA4116,L,sun,low,pseudohypo,3.0502082099936114,-1.9258491912926032,0.074739587799,0.013368472114316812,6.0729218389,0.020223241514593898,0.11420018106129202,0.10203652712952066,0.09139709140960445,2.7989518807055074,2.827621115843092,2.8643228940059946
LA4116,M,sun,low,amphi,3.1508652069849226,-2.569721581522441,0.111164059766,0.0050056329565057595,5.0187675234,0.0045280788641843105,0.12912898910536932,0.10109032465481507,0.08221433950364733,2.7378920905780464,2.8335720944551896,2.8995995641037955
LA4116,M,sun,high,amphi,3.1508652069849226,-1.9114242512466493,0.16207883714,0.009184810183103551,5.5296886388,0.010144491696408117,0.2001676293586693,0.17150725513959636,0.14621500710343233,2.484237408940534,2.5875868985586434,2.6780791709641645
LA4116,M,sun,low,pseudohypo,3.1513511053167638,-2.6604317455615867,0.2907460757,0.03856989913359729,5.104893899,0.026220121436872555,0.11506387180589957,0.0950182582479976,0.08100897405423452,2.786868965376078,2.8442641382428233,2.8979286201670535
LA4116,M,sun,high,pseudohypo,3.1513511053167638,-1.9966241010683519,0.4383083998,0.008417130635491389,5.2844618133,0.00412669157972185,0.16663095429721977,0.12937856471558748,0.10107793026900659,2.5808797772885796,2.728972764858626,2.8287051835056456
LA4116,N,shade,low,amphi,3.071867578320032,-2.0000056544039726,0.26972837793,0.011630893612376186,4.6545711407,0.0062707725053127925,0.09499781922916525,0.05024848270377058,0.02855587619502037,2.8732061482830225,3.0168931745026857,3.085880803700862
LA4116,N,shade,high,amphi,3.071867578320032,-1.2669077743904218,0.72748557114,0.019092204178534914,5.22307798,0.007270119892500482,0.15701735374707856,0.10841320348630121,0.0724119972852831,2.6726532739594835,2.8324204643051853,2.948641407002585
LA4116,N,shade,low,pseudohypo,3.0543766418766674,-1.4243027428062975,0.36300183094,0.018369958559941554,4.679450237,0.011195469618202855,0.105358086477984,0.0355480566372391,0.026984631305574845,2.854072372782969,3.0625883679253048,3.093861821234668
LA4116,N,shade,high,pseudohypo,3.0543766418766674,-0.9370581306895667,0.51305572439,0.023842120913796314,5.0026924408,0.01068259375750961,0.1443234075168853,0.09592777362410634,0.06197648641903815,2.743569505428508,2.8823628044813296,2.9875872032697557
LA4116,P,shade,low,amphi,2.9815225479174643,-2.2230787353447563,0.40277565877,0.011033290069942334,5.7089500624,0.007504599827980468,0.13275465717434415,0.11224594116856204,0.09767078264978825,2.77124524500013,2.8178804352563755,2.8642676794953275
LA4116,P,shade,high,amphi,2.9815225479174643,-1.9796662622501413,-0.062029435864952,0.03632625959716645,6.2655851215,0.09365641443753911,0.16576767682468527,0.15239373513162396,0.14138469746771992,2.7253572505069714,2.7250398441400674,2.7600131069236897
LA4116,P,shade,low,pseudohypo,2.9749727348892505,-1.6659260235666529,0.43190510025,0.017456026405870018,5.1687374321,0.008821333363708309,0.0879515657119975,0.06572366935200634,0.058531079957320806,2.9280435394380224,2.9619314430808132,2.9828778116753476
LA4116,P,shade,high,pseudohypo,2.9749727348892505,-1.4714585813047096,0.05286828896604,0.021752164602587172,5.8379130257,0.03108026542619565,0.10423614656275645,0.09048711701351285,0.07907663466307609,2.8437202916607225,2.881115545938612,2.9229474373187925
LA4116,Q,sun,low,amphi,3.2331735379583257,-3.4478013746151674,-0.01214914025367006,0.01228593899405395,4.1881859758,0.011555351115461429,0.06603892467113674,0.05667144309797891,0.0560515687714007,2.966389721292567,2.995033880115061,2.996593144821716
LA4116,Q,sun,high,amphi,3.2331735379583257,-1.6693454545965176,0.118273470751,0.007049266515258513,4.4742608978,0.0051018064679063625,0.14887789090051004,0.06793297408966731,0.06195347124163404,2.7211129401685685,2.968066804407525,2.986150145320086
LA4116,Q,sun,low,pseudohypo,3.1758991551371496,-3.2542758576852826,0.30876882969,0.01661103272261225,5.5200134908,0.01586025991699792,0.04229249285718066,0.02981578485793026,0.02199865947495023,3.047761447857232,3.0820035609175176,3.105355677858586
LA4116,Q,sun,high,pseudohypo,3.1758991551371496,-1.8621845705013418,0.28642937917,0.010190655926800638,4.9253973995,0.0062473173044974,0.10678460917647181,0.06691465967036103,0.042451293740819386,2.8549358631384285,2.9883732015795172,3.0440000288276403
LA4116,R,sun,low,amphi,3.0213279541535916,-3.101010814251666,-0.020021010478382,0.01748296971744458,4.6978567376000004,0.013380394643904666,0.10534574799185524,0.07558421669213758,0.0589023701185201,2.851095376471543,2.934486865721421,2.9876538261061905
LA4116,R,sun,high,amphi,3.0213279541535916,-1.6577052708868774,0.05520690512894,0.036749829148752966,4.8671722208,0.028188732579790137,0.27433942408509143,0.18515451495603538,0.12462521004418446,2.3105128216961974,2.591254523564431,2.787608108670446
LA4116,R,sun,low,pseudohypo,2.9637951719969036,-1.7102174831058776,0.03614530242765,0.01415790456706764,4.6006090987,0.010738510915585666,0.15605876868434607,0.10197617585165869,0.07685426834376193,2.6487914665202634,2.839974477871956,2.92221077799908
LA4116,R,sun,high,pseudohypo,2.9637951719969036,-0.6829153380324737,0.28000138747,0.008578580672493098,4.9251347651,0.005557979346187298,0.261512113303116,0.19695873255845914,0.1490936513082134,2.324904293539368,2.5290497113967767,2.6941806650915763
LA4116,S,shade,low,amphi,2.8873320349606098,-2.025158731240103,-0.0536219994328,0.01460139302860112,5.0904780495,0.01482737531415208,0.1084344988323142,0.07111229099221855,0.0504322845365128,2.8359571754611284,2.9525590837942834,3.0175951128359046
LA4116,S,shade,high,amphi,2.8873320349606098,-1.2602689238186635,0.53428458808,0.014675732335837913,5.5032524317,0.007554181674863394,0.17596547597310788,0.12620328758743682,0.0927298077520017,2.6263616796663287,2.784439788657174,2.8882930652426064
LA4116,S,shade,low,pseudohypo,2.847027698005197,-1.0629911904366707,0.25451583656,0.00984061330178853,5.123239845,0.005548378391316522,0.12563804411255408,0.0657329407401771,0.037416693331954416,2.76054238889146,2.9742422276748295,3.058283124742124
LA4116,S,shade,high,pseudohypo,2.847027698005197,-0.8277991416924596,0.39239282091,0.009156522121442533,5.3718699279,0.005422043039998781,0.15025342348330062,0.10854597853949077,0.07720747302242004,2.7073720080588224,2.8343618264963846,2.9342693181018475
LA4116,T,sun,low,amphi,3.0792919717559153,-2.0864257030859905,0.1345860781,0.007433564508748812,4.8558581655,0.005588843855890524,0.12078157566812295,0.0805216437730481,0.06694785104699189,2.782762030367498,2.91510272006236,2.960624760092001
LA4116,T,sun,high,amphi,3.0792919717559153,-1.5009823190441682,0.23652933006,0.00946897852946514,5.3391964015,0.00697107523482694,0.1758010597934561,0.13854901890725088,0.10688068689270969,2.6197922696353997,2.7340351075386295,2.834406112691793
LA4116,T,sun,low,pseudohypo,3.0168679925208717,-1.5138970581740236,0.0695945858054,0.015012716713060311,6.1542287027,0.053365289447526255,0.12035911801828583,0.10703083415600335,0.09532294123679079,2.780890103647718,2.8123351469496254,2.8521320270013564
LA4116,T,sun,high,pseudohypo,3.0168679925208717,-1.282022373961203,-0.061564760694,0.014452136900177767,5.3893916035,0.021443443837668833,0.13453872308675338,0.12762689327974022,0.12089334098192321,2.7226608759094333,2.731752224850248,2.7553915186928406
LA4116,U,shade,low,amphi,2.877867255138971,-1.956872317516777,-0.1689835012,0.016492003183295183,5.4792122126,0.027065667464641393,0.1208737973319334,0.08083900946092636,0.054527621185875896,2.793040399889087,2.9193424195206674,3.0034064793340702
LA4116,U,shade,high,amphi,2.877867255138971,-0.9835589905888816,0.59300113096,0.008608971286920447,5.487554652,0.0042492321298994535,0.21701903999729208,0.17131429142159654,0.1341112501814898,2.4821564797848197,2.6309290278013937,2.7506275091014074
LA4116,U,shade,low,pseudohypo,2.8629455195649207,-0.7854363209553074,0.33610224633,0.01734784276431882,5.21835778,0.009666768912661081,0.16020940722945867,0.10105213407543256,0.06033621202803469,2.636410581229905,2.8442521485101047,2.9784125127373997
LA4116,U,shade,high,pseudohypo,2.8629455195649207,-0.6438534950577083,0.26758824209,0.009213078676845253,5.1671995021,0.006500554689495105,0.1741638991531726,0.14715774051657537,0.12731210285962524,2.5999201138226513,2.6942746432485154,2.762083421715923
LA4116,V,shade,low,amphi,2.852644784869047,-1.7062201551871394,0.29790484344,0.011535052064878034,4.7981620719,0.007023607584347204,0.1259222896965965,0.08435306501353435,0.06356724464703634,2.7746097724173038,2.908268057756619,2.9767993566464814
LA4116,V,shade,high,amphi,2.852644784869047,-1.3753681624552798,0.71994259605,0.009801733169794014,5.3817643413,0.003945736953989001,0.15913659443859154,0.13292949982386268,0.11197853499153379,2.6835252950813735,2.76665552649063,2.8310385188130303
LA4116,V,shade,low,pseudohypo,2.7850379299375634,-1.4356808786362292,0.092964118755072,0.0377401801470784,5.1942867464,0.029156818987614262,0.11518437814399982,0.06867717533211484,0.039828867885537064,2.853683703468179,2.955216974708723,3.049503188734144
LA4116,V,shade,high,pseudohypo,2.7850379299375634,-1.1490233432538914,0.34026598587,0.04594845606382708,5.3608925601,0.02753171974969659,0.1370128629683686,0.11315199800754144,0.09349851140009191,2.7391562229348985,2.8184186993272813,2.8797494958597407
LA4116,W,sun,high,amphi,3.075056275287558,-2.9010701137760324,0.03126819882599,0.017072628345434656,5.4059152859,0.025291315990991603,0.1593712274859799,0.1485621938053422,0.13896826664882717,2.6571131019961154,2.693938540406462,2.7216511754334443
LA4116,W,sun,high,pseudohypo,3.064368693518103,-2.308006915150787,0.26323690928,0.007577734961087011,5.1986871579,0.004780975284505108,0.14744910425847602,0.10501247003714284,0.07487563574448805,2.685051645216287,2.830331836601498,2.9289247644732987
LA4117A,B,shade,low,amphi,2.9907013204019,-2.359403279760887,0.033513518971358,0.02507921037779157,5.041641664,0.02921931159153836,0.09410117539559854,0.06337045780736275,0.05634792693772469,2.8705723846424007,2.9693609381712074,2.9940734122641772
LA4117A,B,shade,low,pseudohypo,2.9540445894686163,-2.231480717621188,0.024989841489903,0.015379569704613558,5.039825137,0.0146294801240492,0.06855866028588017,0.05022543428204111,0.038840416082648745,2.952662391887496,3.0099385445317917,3.047918179894344
LA4117A,D,sun,low,amphi,3.066471352032914,-3.7739570873811354,-0.073099728315295,0.04378147973420212,5.7203849897,0.0429588185986423,0.07477274459287053,0.05680574481212543,0.046339448079275335,2.9321912258939387,2.989079803813449,3.025492112972844
LA4117A,D,sun,high,amphi,3.066471352032914,-2.3350986084773067,0.47410200773,0.015752720384043063,5.380851859,0.008169771718097452,0.19095667789564702,0.12137855683937235,0.07723384565207772,2.514511749254413,2.7596381450043164,2.913616178384297
LA4117A,D,sun,low,pseudohypo,2.965402696523341,-3.032096702272104,0.14057049117,0.007091151740726785,5.9615909669,0.005885006835442737,0.08168850209700991,0.06351904121498037,0.049764021054832464,2.9110280831386603,2.964215638338751,3.0138023679910724
LA4117A,D,sun,high,pseudohypo,2.965402696523341,-1.6640461026154811,0.43061438095,0.009045203575547802,5.6941405725,0.004621974306982691,0.20129398663747278,0.14672435374914627,0.10550354417598277,2.4740578595092604,2.6732312022721025,2.8146881759601072
LA4117A,H,shade,low,amphi,3.025939942515493,-2.637109738832097,0.053909559906,0.009372581917458746,4.6648856005,0.007390515434273447,0.07289192119264995,0.05740682018835039,0.049942582626495646,2.939151981037134,2.990350629184608,3.015239133778286
LA4117A,H,shade,high,amphi,3.025939942515493,-1.1121686485136504,0.008066436342243999,0.016620296026023242,5.8771448431,0.016517880076265434,0.17796732794576411,0.1357264113364005,0.10892179051999985,2.5977046664073447,2.7238380417121775,2.815895128769081
LA4117A,H,shade,low,pseudohypo,2.9413005877987928,-1.2764250452384844,0.22163337322999999,0.007432645543631391,5.1877040341,0.00492022637511421,0.11484564761498807,0.065612614269867,0.036673659222066335,2.8050856899279855,2.959461027081861,3.0576027784165243
LA4117A,H,shade,high,pseudohypo,2.9413005877987928,-0.5473974347604409,0.72626658344,0.019032950186324123,6.3059522058,0.009055308739550235,0.1665549876069028,0.11896524709901371,0.08292262415242482,2.60573455946776,2.7701086499170766,2.8969679127789307
LA4117A,I,sun,high,amphi,3.0062704134601637,-1.5177639671052527,0.17098242601,0.00706668670148046,5.1306510333,0.0047383433736896,0.1879987398612959,0.13450682405928793,0.09947210020346631,2.5507836968144693,2.7353768584725398,2.8490459859145014
LA4117A,I,sun,high,pseudohypo,2.945224815117396,-1.4986989367446197,0.41258497237,0.02589279028520223,4.8268317203,0.01242784632473419,0.15039204071908363,0.09256142001952776,0.06408743095811135,2.6861121344895995,2.875994364465808,2.9696953515637357
LA4117A,J,sun,high,amphi,3.131114414114896,-1.3947611670614812,0.68133087376,0.006165361793055591,5.7699476686,0.0027006566022167882,0.26333598363821675,0.17577435802003932,0.1114361757077461,2.296277450514925,2.5989277834532336,2.8089663822308846
LA4117A,J,sun,high,pseudohypo,3.0037473311294653,-1.7875621814130307,0.25916934357,0.007773675457154493,4.7682508522000004,0.004447072389950111,0.1699325661932291,0.11544300857433487,0.08413922901334955,2.617149603009522,2.8071179066667393,2.89357931564546
LA4117A,K,shade,low,amphi,3.102848322553034,-2.6491473203744684,0.15474965045,0.007781356532058993,4.4270447575,0.005110855837870917,0.08902630596667876,0.05448337398060186,0.04025808054587436,2.8966167606259106,3.001844197243357,3.0438710367831296
LA4117A,K,shade,high,amphi,3.102848322553034,-1.3673272893874566,0.30295679513,0.013769794042613212,5.3168662267,0.008164889753163757,0.2076024959912647,0.11535027453644835,0.061372466162950036,2.499834851882234,2.8104453318305453,2.981447849197561
LA4117A,K,shade,low,pseudohypo,3.0347135475405507,-2.4237790952526557,0.093963485235,0.005865235295782962,4.3164268912,0.003986208401378661,0.06730871478714924,0.0436592319933818,0.03537993723542228,2.95866424079442,3.033515185335829,3.060570297895498
LA4117A,K,shade,high,pseudohypo,3.0347135475405507,-1.2912651584955503,0.17605210501,0.011289204579605996,5.0525024243,0.008173948760086034,0.14262934222309054,0.09421998431815036,0.061050217915959375,2.708716194876576,2.870934486765326,2.979553606482886
LA4117A,L,shade,low,amphi,2.8464338138029612,-2.4005715440493876,0.23294699685,0.007066041401425105,4.8147692559,0.00465580988541138,0.08906957512725354,0.06282728920052603,0.04800077051289966,2.89333268061515,2.9741413097399136,3.023524377230071
LA4117A,L,shade,high,amphi,2.8464338138029612,-1.4379931815069331,-0.087074909054,0.032821521679052064,5.5013715872,0.037044487895110466,0.168726441415378,0.12728847293753429,0.09417961364350658,2.6759534705379933,2.770125149557956,2.878920355128786
LA4117A,L,shade,low,pseudohypo,2.813148071734992,-2.211116575042184,0.107653696814,0.00658003069870564,4.721244244,0.004479253518197453,0.0833333483041244,0.05935132568336564,0.04676753230459403,2.9182504658069233,2.983669056294854,3.0274707653953707
LA4117A,L,shade,high,pseudohypo,2.813148071734992,-1.1857905632863122,0.029820969111105,0.025738871973545456,5.2253771571,0.02239897819806087,0.16191731665447548,0.12151584554420972,0.0913458083868702,2.7010068433823595,2.785604116494339,2.888837491975063
LA4117A,N,sun,low,amphi,2.9277670727986567,-2.265595066444312,0.32120443401,0.01490585921256397,4.831859868,0.00790552555962536,0.24794496507835467,0.11797541942578242,0.062201739804188465,2.357375546577276,2.8006845014350095,2.9749066455511533
LA4117A,N,sun,high,amphi,2.9277670727986567,-1.4182300053364862,0.28759183747,0.013998470295113087,5.2399831096,0.009105458998682302,0.3779729518183116,0.2431617954591468,0.1409113942672365,1.9086149744868393,2.376767909705082,2.713676003523022
LA4117A,N,sun,low,pseudohypo,2.894722428097078,-2.095440253397648,0.4360304734,0.0432601105616447,4.9114092118,0.019717181604808454,0.24162474901801773,0.16486398534295543,0.1163697221481421,2.367760556995571,2.633225119849259,2.7969682533809284
LA4117A,N,sun,high,pseudohypo,2.894722428097078,-1.2438940830545937,0.42053749072,0.027167220998832203,5.234039461,0.012769245044103253,0.34877826632458014,0.242935685414078,0.15661473596357395,1.9960809321730335,2.36367923296035,2.6592534691646055
LA4117A,O,sun,low,amphi,3.0529722062127562,-3.4632712200647213,0.014325817725562,0.010044283260258028,4.457795894,0.006905106328924849,0.05651124591830431,0.04019005458642716,0.03601731218092273,2.9981867255981647,3.0483676850402532,3.06374513882554
LA4117A,O,sun,high,amphi,3.0529722062127562,-1.487716177414988,0.30872183575,0.026279624672276743,5.2897907841,0.01441706114018587,0.23286822179377586,0.09835140537583434,0.03617003021675352,2.4209717612000214,2.8553010419741596,3.0626531324465343
LA4117A,O,sun,low,pseudohypo,2.9670887734431597,-2.209289073741592,0.76003108341,0.013821098460950892,5.3425116137,0.00481705286957603,0.10409380358557775,0.056267885631049536,0.02933058290461575,2.834361458484792,3.004188693335712,3.0836103289599617
LA4117A,O,sun,high,pseudohypo,2.9670887734431597,-1.7904989102776312,0.33471954757,0.011175053563335282,4.9661121243,0.00638507376766455,0.142985857121553,0.0882876857399361,0.05335629950239183,2.7396314045944297,2.9146794493567407,3.0110051816092294
LA4117A,P,shade,low,amphi,3.11785529867345,-1.5751240920515432,0.47322048299,0.014797648207105432,5.8160258875,0.013456765566096278,0.13137722380039701,0.10181670077956324,0.0801056999707278,2.7578861408758764,2.8494552490356457,2.9185303955229425
LA4117A,P,shade,high,amphi,3.11785529867345,-1.2826477205706435,-0.00273688792025922,0.02260284557983857,5.7367743656,0.02767620639145002,0.15626213550719706,0.13682329346995659,0.11927451070110971,2.7011500959630528,2.742659578953414,2.7982655501206892
LA4117A,P,shade,low,pseudohypo,3.136454049612539,-1.3883887034144862,0.121015644086,0.009763718707998206,5.1877988335,0.008843997579247148,0.12119647187826611,0.1040695755213078,0.08989237768570925,2.782042420371273,2.833450679201876,2.884213085140644
LA4117A,Q,shade,low,amphi,2.9376230408837456,-2.4666089585162485,0.43324609918,0.0487417699344781,5.0598973695,0.02488204498795269,0.09548662576305758,0.06936572975186392,0.05454453657473776,2.866835805403161,2.9557260226238844,2.9992887089982254
LA4117A,Q,shade,high,amphi,2.9376230408837456,-1.648233134148899,-0.253969862956,0.04146849187901924,6.1844429492,0.13247777643452158,0.14944476173705484,0.10945790538444745,0.08434926597206517,2.694499901370869,2.826184554435495,2.9081972448880076
LA4117A,Q,shade,low,pseudohypo,2.8888029087287648,-2.11554851387699,0.10114267615128,0.052858313603553954,5.1662854955,0.05194671264351551,0.08093956090686001,0.05459855491513295,0.03765953813664849,2.917881982924455,2.9967173770003477,3.053654791208745
LA4117A,Q,shade,high,pseudohypo,2.8888029087287648,-1.5379257931990622,-0.19356549966,0.025849481018597374,5.593349699,0.05458350909399475,0.11098772588476517,0.08943811773270148,0.07199869861774293,2.805739152874211,2.8732097255229454,2.9332291452909454
LA4117A,R,shade,low,amphi,2.9597567386880765,-2.0188243593499005,0.28550397394,0.012900625599133863,4.8208465566,0.007398559063061267,0.09685963473900942,0.050059427803204465,0.028701180113607137,2.86746838628473,3.0345046781502982,3.083215198787796
LA4117A,R,shade,high,amphi,2.9597567386880765,-1.4418417773692935,0.24047766739,0.01122943770807696,4.9536367678,0.007067616420391592,0.14682591093859843,0.09718107606124762,0.06358196397582358,2.7289264673735216,2.868764337323638,2.9774826824321483
LA4117A,R,shade,low,pseudohypo,2.925216855443334,-1.9010317415217177,0.2877504614,0.031173684402992494,5.0442312844,0.020816131641650876,0.09111297938767318,0.06040651188132239,0.03766907247038534,2.903414252854326,2.9752981252295507,3.05521193386654
LA4117A,R,shade,high,pseudohypo,2.925216855443334,-1.2427924079894566,0.110864522141,0.00769544738372062,5.2398151023,0.0060737921331818455,0.14412219563117618,0.10704754516813117,0.08076650682560821,2.7481324566756444,2.838065133963771,2.9235921764697577
LA4117A,T,sun,low,amphi,2.9858808150020453,-3.174651343617867,0.110975215113,0.005989951099766027,5.3341274294,0.0067814826291014265,0.06069805508436471,0.047877777339734306,0.040680414475232594,2.9822920177558356,3.0199222410386435,3.0471108074145676
LA4117A,T,sun,high,amphi,2.9858808150020453,-1.9128353378247998,0.39011981007,0.010412464193955893,5.2882576208,0.0061840286071266895,0.1514184492183115,0.1041694578821584,0.07062107065560122,2.680550897626773,2.8389342022282174,2.9470713232999444
LA4117A,T,sun,low,pseudohypo,2.8798427902035795,-1.9751323108053909,0.19422360145,0.01571770884696918,6.1124768105,0.046207548514690056,0.08819757318198358,0.07441939493411565,0.06324533562961014,2.880096905162688,2.9261934943368804,2.9634972482160786
LA4117A,T,sun,high,pseudohypo,2.8798427902035795,-0.8158486641385124,0.26368232118,0.005869740408932058,5.4798452877,0.0038077103492863903,0.1700891288985142,0.12711764971233772,0.09272768314679004,2.5878205528083202,2.738226495214885,2.861181073365209
LA4117A,U,sun,low,amphi,3.0298574412150785,-3.0800305487873896,0.40651094929,0.014043844152687496,5.2571280873,0.006969262933005044,0.11593876051213316,0.08785980719650657,0.06963055294656567,2.7981303456752866,2.8934867238684707,2.9501678790189154
LA4117A,U,sun,high,amphi,3.0298574412150785,-1.6906242412426202,0.1619204033484,0.03843147020460085,5.5791493215,0.02974230521415077,0.2590782846919051,0.18340854131355855,0.1289913490901039,2.3479303459026237,2.5751280566831527,2.76493760519184
LA4117A,U,sun,low,pseudohypo,3.0253780116932614,-1.9067260354505784,0.14653236717,0.007324756826415743,5.1086809271,0.00646022652395689,0.13385008330221845,0.09274121889933384,0.0645111120861564,2.7378649796155843,2.8700830831321262,2.9621396149344466
LA4117A,U,sun,high,pseudohypo,3.0253780116932614,-0.9153794652575858,0.20593727968,0.029648499495748524,5.7709559184,0.021949027570504636,0.23714344460000902,0.19160028102056106,0.149913025403865,2.3959595619236422,2.5536273525461897,2.6931137116541133
LA4117A,V,shade,low,amphi,3.0377481539699933,-2.3122618333405405,0.17545693446,0.017875833680580593,5.1123115736999996,0.014448683790580334,0.10040498960598446,0.07067757848154306,0.05370776503404105,2.8557217340531427,2.9505857065953913,3.0050469126010784
LA4117A,V,shade,high,amphi,3.0377481539699933,-1.7971663017636357,-0.0015622456671459985,0.03340579784400486,5.4208501384,0.04033585124774564,0.14399596182578447,0.09631560510544268,0.0632991686555674,2.72301114482171,2.8663976399330724,2.97637237066214
LA4117A,V,shade,low,pseudohypo,2.9885901018904417,-1.4332918004053266,0.17244652932,0.017172838789447347,4.8730377743,0.012329927589379796,0.09673135548821928,0.056186130117684155,0.03513152585794953,2.8585458794284095,2.987776969213447,3.0617120903675237
LA4117A,V,shade,high,pseudohypo,2.9885901018904417,-0.8830020136999046,0.129758164269,0.017829954677830714,5.2184696138,0.015037785955542603,0.13902515349153174,0.09096630062839045,0.06080183950353461,2.760710756320912,2.8903068951749122,2.9895587470802294
LA4117A,W,shade,low,amphi,2.825016936256444,-1.7335861713286935,0.079576714653,0.005551995455736857,5.2709170403,0.0057534471054073826,0.11782998675563228,0.10300443960200452,0.09236284236378701,2.7922005450426086,2.8424472152064575,2.8770403371372764
LA4117A,W,shade,high,amphi,2.825016936256444,-1.0815263120134533,0.2905113119,0.009415374021878626,5.5967111507,0.006177729864660673,0.16536923817165847,0.13610712987087506,0.11603022168298217,2.6502739010043497,2.7393085795530903,2.805194797378725
LA4117A,W,shade,low,pseudohypo,2.7509177238523876,-1.0590976926077675,0.106268857874,0.007009652653058678,5.0253679588,0.006984878593479514,0.0814253445677799,0.06591823904591194,0.052613154266055846,2.919774657459171,2.962163522678004,3.005768101665547
LA4117A,W,shade,high,pseudohypo,2.7509177238523876,-0.5721687714840016,0.17450613081,0.004283886227320944,5.4640583643,0.0036538970973596977,0.11336556738206352,0.09510716435348883,0.07917112752841407,2.8589829522832346,2.8763524131918246,2.931198592840537
LA4117A,X,sun,low,amphi,3.091538661517812,-2.935377016011428,0.22277901755,0.013149632568300094,4.8119252097,0.008775499838550072,0.08748906132797755,0.056795366244160046,0.04413182508458364,2.8943516081130753,2.9911403350374774,3.0305934744931893
LA4117A,X,sun,high,amphi,3.091538661517812,-2.0242854983504306,0.23994405669,0.025027038371753237,5.0399604,0.014722035278131573,0.16762894526212913,0.10577354491179204,0.06861229234105803,2.624492018625434,2.832792637148254,2.9506590080626323
LA4117A,X,sun,low,pseudohypo,3.034250987771133,-2.785344283828999,-0.050147070637,0.008241152225650814,5.0034968887,0.008434099396432986,0.08646293487752185,0.07754550234074736,0.07495190102016093,2.8848041006592915,2.9147884966590363,2.924784263470232
LA4117A,X,sun,high,pseudohypo,3.034250987771133,-1.3744336263160288,0.29236082651,0.018879678363351974,5.1373903695,0.01126805974185823,0.17703224826640007,0.1197943901138046,0.08428184328208006,2.562055449458196,2.7694738103801626,2.892477782382686
LA4117A,Y,sun,low,amphi,3.056596607961056,-2.5727860080024603,-0.026680326893,0.004137619414884899,4.8689488399,0.00389298696146291,0.13269396267895228,0.1061845732757993,0.08864561678560035,2.7496168282620848,2.833520502724677,2.8906712973123887
LA4117A,Y,sun,high,amphi,3.056596607961056,-1.1913705559287973,0.38871555659,0.019001144617536683,5.4307181588,0.010194911865173783,0.30850874153746916,0.20365481817588413,0.12620225193396412,2.171957073345288,2.5253363536872104,2.771185494072348
LA4117A,Y,sun,low,pseudohypo,2.9520685538557294,-2.5150419291874497,0.61357780218,0.030311595370596578,5.5932130326,0.016829301269642237,0.09228120388227522,0.07468036233171396,0.06132254537749753,2.8756300647426514,2.931744027401902,2.9766276735273087
LA4117A,Y,sun,high,pseudohypo,2.9520685538557294,-1.165781970108328,0.35914573835,0.027636040218475582,5.4368868386,0.015894004217544343,0.22186281531411298,0.14480843237522548,0.09184537209345994,2.4847861637753357,2.719533302753814,2.8934598506112144
LA4126,B,sun,low,amphi,3.409095414799642,-2.576249482285625,0.76792490448,0.013663416492104981,5.5097248394,0.004940679802089423,0.17340892333543972,0.07967803183056148,0.0391599043442828,2.612775476477978,2.919818174130522,3.054708626426158
LA4126,B,sun,high,amphi,3.409095414799642,-1.6542139480868228,0.27751968597,0.01934946977841051,5.3977567662,0.012374115871896808,0.29712122048117307,0.17523618251685014,0.09524192599449388,2.191344123330734,2.6070078101161602,2.865992266745457
LA4126,B,sun,low,pseudohypo,3.3700685533414654,-1.8011521627827618,0.52372726485,0.01903394448457694,5.1972789625,0.007528231969952639,0.19935593060553553,0.08836988991561018,0.04463240645722615,2.5170154602888664,2.889324200484541,3.033267241447245
LA4126,B,sun,high,pseudohypo,3.3700685533414654,-1.002904168821834,0.81100808318,0.017271201814134544,5.9976589239,0.006011733627607607,0.28350413733644914,0.20845398424774336,0.14458449544000168,2.210641199290822,2.4743090892623987,2.694592846099684
LA4126,C,shade,low,amphi,3.1025198958913722,-1.7823566526408559,0.68952346948,0.007352479565979384,5.4929032601,0.0030744046015923634,0.1308552224840542,0.08646643434596143,0.05611557398261062,2.750745598620962,2.8945045430344782,2.9939131692437733
LA4126,C,shade,high,amphi,3.1025198958913722,-1.0016189982613133,0.36097908738,0.02124966045927554,5.8865591069,0.014287475978438501,0.1792668606876729,0.12274525015442808,0.08190926118106363,2.581735133120846,2.779039062064214,2.9139607750258985
LA4126,C,shade,low,pseudohypo,3.0929556100239397,-1.3675253652290926,0.141584670061,0.021392735484789833,5.2846686542,0.01384334647170033,0.11575847004779798,0.0828974623162267,0.058758817469545054,2.8003781890812953,2.9017989206905073,2.981768496950619
LA4126,C,shade,high,pseudohypo,3.0929556100239397,-1.1799456478467631,-0.11564760610442,0.08586857394271546,4.6562986401,0.12341057934537147,0.11688513637404638,0.11572165090837161,0.1154335755218419,2.7828675584458225,2.7866657565464266,2.788535651612631
LA4126,E,shade,low,amphi,3.137347994386018,-2.2725337515281603,-0.03744768021103,0.014698225261144759,4.9257853546,0.014111437444550798,0.18895568793972217,0.1517511402361511,0.12328623283191135,2.5429840916127042,2.6700275177218904,2.768057227518119
LA4126,E,shade,high,amphi,3.137347994386018,-1.7674906034727462,0.084135566722,0.018967468145058928,5.4063134384,0.0252309296474589,0.25710029104494064,0.2470584888749765,0.23731166507135776,2.3181414386234636,2.3487925256771662,2.38288842699601
LA4126,E,shade,low,pseudohypo,3.1112304810216487,-1.6571831671031139,0.052842223878,0.006615700239989274,4.9015038424,0.005234966650504484,0.1875052095342245,0.12634422774021148,0.10837302552512487,2.53081254551873,2.744583461332057,2.8090032366784965
LA4126,E,shade,high,pseudohypo,3.1112304810216487,-1.0469348327618768,0.135677177955,0.03355834901941562,5.9417616267,0.04924242370984149,0.2563837818497037,0.24427349444830943,0.2328561021048768,2.28433916376632,2.325170914359408,2.3650552520433177
LA4126,F,sun,low,amphi,3.4200504224406254,-3.0972694595919665,0.3805488939,0.015836992344195954,5.1122249428,0.008369348793938672,0.1470816450296401,0.0929172436542319,0.059882653784685644,2.699865470434097,2.8726209928893507,2.9848912841471087
LA4126,F,sun,high,amphi,3.4200504224406254,-1.9122234000139344,0.44182690768,0.012872217353256851,5.5706267367,0.006085946802771878,0.3055668364337681,0.15520259607017575,0.07279726562253855,2.165352549328101,2.6762077923621836,2.943765341394507
LA4126,F,sun,low,pseudohypo,3.400383714754114,-2.534037095838998,0.2931733691,0.009099364753159173,5.1409430101,0.004768434304492839,0.1610923360838914,0.08962536623152506,0.04792657201047603,2.650914253710049,2.8800855166717367,3.0204809708773257
LA4126,F,sun,high,pseudohypo,3.400383714754114,-1.4694320737006221,0.47675094851,0.013870740435132345,5.6628658089,0.006789561088023199,0.2990400275872172,0.16769432511918184,0.08248845452868575,2.1705702749220785,2.627193284299854,2.9104222741641594
LA4126,G,shade,low,amphi,3.109254886420221,-3.0837501327556573,-0.069381809462,0.018625870359396137,4.4619071921,0.017710037133006222,0.057549284435985344,0.0417569277644088,0.03620465798951216,2.989575981061384,3.043848895401615,3.061858291029983
LA4126,G,shade,high,amphi,3.109254886420221,-2.0842674174824096,0.23941363418,0.021945342072451204,5.2539166302,0.016585059791666145,0.12937630280658557,0.10860529022432674,0.09245651381091106,2.789698362574442,2.8370644424352216,2.8897609089700733
LA4126,G,shade,low,pseudohypo,3.1225583094775198,-2.095966836498046,0.061750530755,0.011417430092638054,4.6815399355,0.009256118447508333,0.08583549860413325,0.05857882116268623,0.045354561808263985,2.894347432789772,2.984915031689798,3.0278837510741416
LA4126,G,shade,high,pseudohypo,3.1225583094775198,-1.6803798393528413,-0.09640154271545,0.051672612934259066,5.3694195643,0.09518497767077402,0.11348389680034468,0.10985152050052054,0.10659946921582382,2.804305760075478,2.813257567927429,2.824310684052225
LA4126,H,shade,low,amphi,3.038608957036897,-2.2513834631235077,0.0014306964830100002,0.024730963994464023,5.6086545089,0.04406040921250735,0.1510859895031824,0.11141102811496081,0.0950468769039455,2.681169025551392,2.8130674627635175,2.8671939357561556
LA4126,H,shade,high,amphi,3.038608957036897,-1.4684750161761426,-0.038508289927237996,0.028008063194918355,5.2518025984,0.027976911752378538,0.2310446368904357,0.19006389318208505,0.15971647755107032,2.428577504345905,2.5626477359699624,2.6637236652354255
LA4126,H,shade,low,pseudohypo,3.0316336447961634,-2.0886556128061478,0.220619300664,0.03031222988038823,5.57447448,0.024980885228978657,0.10877557199878651,0.07023905745126469,0.04560435536694228,2.8078654591757117,2.939724447945546,3.024073097280508
LA4126,H,shade,high,pseudohypo,3.0316336447961634,-1.5637136521698922,-0.04083509904471,0.06049689561033343,5.9722728194,0.13417691279247881,0.15424938316538384,0.12758248428938165,0.10524862996609124,2.6677400417061223,2.7485899679831136,2.825487885797241
LA4126,I,sun,low,amphi,3.223131892122599,-2.775462120830674,0.29760815168,0.006698596623086213,5.0841418742,0.003745298138704346,0.1558425971970022,0.09369827878165193,0.0568416740989209,2.672814879646477,2.875653212491755,2.9943540557521797
LA4126,I,sun,high,amphi,3.223131892122599,-1.7711944551917755,0.36988791895,0.015232959388124946,5.5681652145,0.0088040678249947,0.2941902111639697,0.19984460328262926,0.13086030855267425,2.225637128902778,2.5353649410372636,2.7580745344166298
LA4126,I,sun,low,pseudohypo,3.1118728732147343,-2.7069975805386197,0.036592763574,0.006307546558885881,4.8396333455,0.004194978250239168,0.11792720748921541,0.08704837501311835,0.07320345554792995,2.8004312897792105,2.890925195355013,2.936512025584777
LA4126,I,sun,high,pseudohypo,3.1118728732147343,-1.311806085124088,0.35903546048,0.011977706635391081,5.5781960322,0.00692676540518024,0.2692311858937467,0.21019396528776352,0.16549228572977,2.3000950809219525,2.497683121352312,2.6475740652002995
LA4126,J,sun,low,amphi,3.3513500584246683,-2.3124910713140943,0.34676930752,0.012179684770150597,4.9229830477,0.0073057737435611005,0.27929475689855604,0.2178522268115427,0.178383277293874,2.2519249058455446,2.465791231232454,2.5935904806426473
LA4126,J,sun,high,amphi,3.3513500584246683,-1.1528003635291977,0.24582148683,0.009797005456649178,5.8176691391,0.006595815341417571,0.4377345390324893,0.3737868464651486,0.3214386831437683,1.723840092245758,1.942340154242007,2.1221781657972243
LA4126,J,sun,low,pseudohypo,3.276471015283645,-1.813577332846693,0.49599827582,0.01511475077756544,4.9765771383,0.006552045626495207,0.20838402775516918,0.1428531323049207,0.10592379602988904,2.478090587864544,2.705015928877894,2.826124193134519
LA4126,J,sun,high,pseudohypo,3.276471015283645,-0.9208290457537289,0.48046385368,0.02528648327240219,5.4472474082,0.011540950368185192,0.3106140648884388,0.23380460133129524,0.1724962092066313,2.127527806831395,2.3969609653069366,2.6077215286670485
LA4126,K,shade,low,amphi,3.0045546080944683,-3.7391499966588184,0.0058172884198326,0.007199403402332795,4.8828000051,0.00519865544742148,0.053155008077111716,0.03387844339648026,0.029545811836389168,3.0200519405153328,3.0714096021657666,3.0856059484943446
LA4126,K,shade,high,amphi,3.0045546080944683,-3.2351891784382976,0.116530124818,0.006931517589827342,4.4974744288,0.005249273013591675,0.07398161419614345,0.04932185628820775,0.040738912812370034,2.9519965232976477,3.0169437442125613,3.0492737258666622
LA4126,K,shade,low,pseudohypo,3.0199320809887737,-3.3477054000764337,-0.0067934457408567,0.008379303825332758,5.2376823166,0.010242599693805865,0.054241712704976436,0.0373911024008492,0.02883442433235058,3.0059394472774343,3.0541674757140456,3.0829002466654774
LA4126,K,shade,high,pseudohypo,3.0199320809887737,-2.701517497729606,0.065164510598,0.004333327625549191,4.610048386,0.0033298672595059803,0.08563521107290764,0.058602297110672136,0.042528632735538044,2.909765878170916,2.9916347090163784,3.0411176795817894
LA4126,L,sun,low,amphi,3.289027682205246,-2.630600288994357,0.34233050331,0.013646462599119134,4.8243112323,0.007498193945048661,0.16336087915340797,0.11573176440379254,0.08756492805081421,2.6460248350281192,2.8048152964982593,2.8926185702365648
LA4126,L,sun,high,amphi,3.289027682205246,-1.3947981367099858,0.44732449352,0.013247392610861084,5.3962864621,0.006537050588647161,0.335302162332071,0.2438069979736367,0.17182547444941415,2.0809271289351985,2.3865826937510013,2.623478347200782
LA4126,L,sun,low,pseudohypo,3.250156210625428,-2.0671450334051973,0.34464428483,0.018491824009200856,5.0121784063,0.011195488401455168,0.1546420638822947,0.11246440781418279,0.0830646144410687,2.6601383019635283,2.8005711294095414,2.897594555830146
LA4126,L,sun,high,pseudohypo,3.250156210625428,-0.774506697962509,0.33928539049,0.010424609845977454,5.670112243,0.006046719712173579,0.2969482846595577,0.21562008684343456,0.15404624056149635,2.1621960354420695,2.4475212909757302,2.6705719198860933
LA4126,M,shade,low,amphi,2.867072725739872,-2.3452651370272317,0.107520999203,0.014881488737530816,5.2457637266,0.01576957117313839,0.11120925997328913,0.09093625408296949,0.08323195263313549,2.817850448359075,2.8821978410334577,2.9068841155582397
LA4126,M,shade,high,amphi,2.867072725739872,-1.866400040788147,0.175672308466,0.026497907215549267,5.774170466,0.03407949452668921,0.14909578052591402,0.13651489255766555,0.12652937231544523,2.7144999998174546,2.7533270451984375,2.7824893570193714
LA4126,M,shade,low,pseudohypo,2.8510019163541593,-2.0963137106612253,0.177483661976,0.021220621998330486,5.5943141247,0.028829451314837284,0.07101172804245713,0.0574904818266332,0.0383210889284694,2.941144339326703,2.9869449797386256,3.0507060506120793
LA4126,M,shade,high,pseudohypo,2.8510019163541593,-1.6219690017250814,0.171880378975,0.022260096568876588,6.0696702905,0.0320380904485703,0.09957362991971805,0.08432459327411729,0.07218693537998569,2.8588642059071945,2.9059475697852366,2.943323039453531
LA4126,N,shade,low,amphi,2.875722092572695,-1.639959661674235,0.30720677175,0.027984470190491044,5.6364612837,0.01835755332181026,0.17952986984521488,0.12223306830204549,0.08473440441796076,2.587985128498397,2.7780113077549338,2.903006615762376
LA4126,N,shade,high,amphi,2.875722092572695,-1.264378971079333,-0.18381622364800002,0.04862242429785982,6.100771475,0.11976615127383422,0.2284699228937296,0.20488547597351164,0.18390048502576672,2.449229788815175,2.523740064256479,2.592166604064934
LA4126,N,shade,low,pseudohypo,2.8776201242327786,-1.0295281412425836,0.30383302375,0.013902710412559872,5.3056121882,0.008786737239798512,0.16961074103187646,0.12760279809867675,0.09383028801324213,2.579978389655781,2.746177155856199,2.860510500672798
LA4126,O,sun,low,amphi,3.117067259061128,-2.2072244558940564,0.41372577549,0.014355642088305054,5.0362036905,0.007860331824100345,0.24206860160476185,0.1637028419336387,0.11565809397802754,2.386187022035053,2.6471480018847497,2.805240030367827
LA4126,O,sun,high,amphi,3.117067259061128,-1.397928436141817,0.50824379643,0.019280791196349983,5.6846598768,0.010421148503633208,0.3553616860924157,0.26117196320990077,0.18735885633599725,2.012961432202319,2.3308503069086157,2.573983262176717
LA4126,O,sun,low,pseudohypo,3.080237938933334,-1.7220766269400063,0.38787329006,0.018605464245629436,4.975782813,0.009313453549334228,0.16925477223870847,0.10636042589083952,0.06712064724398203,2.6115323719396457,2.8191560852249538,2.952311016261084
LA4126,O,sun,high,pseudohypo,3.080237938933334,-0.5073047848229737,0.48776683719,0.014347221143796938,5.9820268142,0.008222173619769402,0.29839369173579944,0.21625313509963195,0.143043481648218,2.176616214326122,2.4597274321765314,2.7077215732928672
LA4126,P,shade,low,amphi,2.9555075441018013,-2.229352465301822,0.2450586781,0.018022499543951458,5.0873018701,0.012261942880261457,0.14514349655234507,0.08476422724078794,0.04887593521493839,2.7175223484751982,2.9020784342350665,3.0185948171028305
LA4126,P,shade,high,amphi,2.9555075441018013,-2.06571304261257,-0.107362584942,0.027000930288851602,6.1324624119,0.08084568925147871,0.1629485245220996,0.15829620346088488,0.15372537767583117,2.6557720924257864,2.67041874961073,2.6865231749628142
LA4126,P,shade,low,pseudohypo,2.952175847670532,-2.168280150573813,0.138294042989,0.013701760116916819,5.0135603537,0.009455924880299546,0.11716114487782776,0.08355387330955727,0.06152190826427629,2.776531287808503,2.897088840661871,2.9724535535926275
LA4126,P,shade,high,pseudohypo,2.952175847670532,-1.6743360681215564,0.03414441303382,0.03634973068211151,6.0042894268,0.09419460298014289,0.15912091266577322,0.15252913648698785,0.14630397607347762,2.6505260033316094,2.670403332516754,2.6941319346212693
LA4126,Q,shade,low,amphi,3.0271096110740348,-3.121693639079012,0.0283676852959,0.006464409497930855,5.1914133587,0.006768025056641827,0.07391333871797247,0.05319436264708424,0.038289219191680185,2.9453024422187823,3.0043364814195987,3.0537115325951705
LA4126,Q,shade,high,amphi,3.0271096110740348,-2.320627748319515,0.14242442069,0.005074980080353227,5.0835319446,0.0036640492709037816,0.13719502083972013,0.09575029089427528,0.07029794371657985,2.7483824077726613,2.87307820364529,2.955350527076161
LA4126,Q,shade,low,pseudohypo,3.020150117917697,-2.454459529733162,-0.0421808149836,0.008017227026197461,5.6799909413,0.01632906003556265,0.07277892816982325,0.055632118473217196,0.043387293883824105,2.9511760980133284,2.993763127829694,3.0339008274677353
LA4126,Q,shade,high,pseudohypo,3.020150117917697,-1.5645201555753028,0.13338749790999999,0.004878522772194073,5.2779307912,0.003885714374274187,0.13452685215814797,0.09858342270059581,0.0722467881118546,2.7383829078759594,2.855108676198922,2.941317650368891
LA4126,R,sun,low,amphi,3.1945764914942147,-1.8847749260946989,0.42154608855,0.015161233099961846,5.0852053473,0.008247310195948787,0.24289112796337448,0.19600803409402234,0.15544853786400276,2.3563812996363342,2.5227921882243214,2.6611258886830367
LA4126,R,sun,high,amphi,3.1945764914942147,-0.934126286713023,0.33541718375,0.006462578024324001,5.5916264436,0.004050377354683672,0.37818386963163464,0.3078395598772978,0.23648036240451648,1.9042202675431312,2.161344844292861,2.405705279597221
LA4126,R,sun,low,pseudohypo,3.1513491512855776,-1.7945772094083878,0.81280120934,0.027097819800342128,5.6412508726,0.010106891866129914,0.18637768028016652,0.15634448777910237,0.13181910938245475,2.563894997511056,2.641762060204488,2.726638052523686
LA4126,R,sun,high,pseudohypo,3.1513491512855776,-0.7962156238238506,0.42785388094,0.011309135317482405,5.4361613348,0.0061042221921847346,0.30472848234338007,0.24871567824082316,0.19760564103860892,2.171318256849605,2.346061751173144,2.529167926709549
LA4126,S,sun,low,amphi,3.151796068934904,-2.41380579555359,0.34132650865,0.025261803832313082,4.6257066936,0.012808443202730627,0.19380958013028662,0.16393216639135194,0.14775788769326575,2.551708801265889,2.6513297637626883,2.7045200644650977
LA4126,S,sun,high,amphi,3.151796068934904,-1.6731011316887447,0.31884960628,0.018502867066927022,5.2172151616,0.011431147433163657,0.2954791977323227,0.25199153180369666,0.21578616282399593,2.2409241010043726,2.379797751360644,2.495078798587725
LA4126,S,sun,low,pseudohypo,3.1486850900982177,-1.7161905279961156,0.21846796028,0.014047545518068841,4.8041859023,0.009223692354916385,0.1689063637456909,0.1257756670430345,0.1005116425828111,2.597968070864251,2.7538459917228364,2.8425939611523368
LA4126,S,sun,high,pseudohypo,3.1486850900982177,-0.7316914450796118,0.34204044078,0.00973712429977765,5.5462094041,0.005736988439722587,0.26659431346077533,0.2262716353153997,0.18254602233762252,2.2439378137730825,2.4140564943752,2.569120982585888
LA4126,T,shade,low,amphi,2.923173380971681,-2.3546559994506935,0.125904761054,0.015319301916777906,5.4490693611,0.015577194473480185,0.12321787611285726,0.09207890282624079,0.06783728831125867,2.7826750210237865,2.8797682462526604,2.9580616901964234
LA4126,T,shade,high,amphi,2.923173380971681,-1.8871423945194192,0.103718402716,0.009199498229453871,5.26685516,0.008093782235054794,0.17455182515482204,0.13597044345987574,0.1056093406520227,2.6577225000337554,2.7479367680130227,2.8455832754823445
LA4126,T,shade,low,pseudohypo,2.9332136057279192,-1.587113643335735,0.17761827436,0.005545097293773611,5.2976892607,0.005085927029302806,0.15077055539193843,0.11395178729879975,0.08504346667138776,2.6802804073499207,2.7945050974131744,2.894594498935415
LA4126,T,shade,high,pseudohypo,2.9332136057279192,-1.2687132738609785,0.019868736553058,0.027768944730162344,5.6139950235,0.03172438513326902,0.18969704600330928,0.16511259715498533,0.14309784597009284,2.567924973912837,2.6434452728557085,2.718037263215121
LA4126,U,sun,low,amphi,3.0926120626255758,-2.3418886611998255,0.37342989628,0.015249580551036803,4.986354356,0.007968150448449932,0.2323268228966087,0.1282928237854964,0.06643672610654777,2.3931466689177214,2.7506732990218015,2.9574267248539665
LA4126,U,sun,high,amphi,3.0926120626255758,-1.3855207762511108,0.51573800626,0.012051799528332068,5.6431680644,0.0059589051158625075,0.3677065905793,0.28285731661839,0.20216289257683107,1.8967506644198546,2.2030136309108608,2.480573046690891
LA4126,U,sun,low,pseudohypo,3.002151719110034,-2.4882869995744508,0.020676017866933,0.010674616791855794,4.6245955711,0.00823294582936288,0.13759137604787033,0.10238828522358032,0.0824910253781612,2.701982762864076,2.8257104508874895,2.8966708851208174
LA4126,U,sun,high,pseudohypo,3.002151719110034,-1.0524040611497032,0.2350431816,0.010917006379567646,5.2252009285,0.006598409008313961,0.29401428839963106,0.2128808129574657,0.1499409317665547,2.120504295907703,2.421678543744942,2.6541882302324895
LA4126,V,sun,low,amphi,3.1145321089765323,-2.3178335984278893,0.30255119079,0.01236799751585705,4.9947203262,0.006619274549885373,0.1826848047439665,0.11234655270110114,0.07243276276340299,2.578164072799808,2.812062248304031,2.9449041569619143
LA4126,V,sun,high,amphi,3.1145321089765323,-1.3060110579947546,0.44689582827,0.01437049524742435,5.8351714345,0.007409298917193449,0.3186714768622138,0.23081109593420884,0.16221714044579286,2.117637580028026,2.4172066640824745,2.651616305674122
LA4126,V,sun,low,pseudohypo,3.0387121573774616,-2.231069283032788,0.29830534105,0.020565142823982092,5.0068886445,0.010630425300941104,0.1447478832416455,0.09589882110192689,0.06121620843277145,2.7092460859369067,2.8618165620498517,2.9782223940288635
LA4126,V,sun,high,pseudohypo,3.0387121573774616,-1.1232963565211662,0.35482295174,0.028442481606380025,5.7341013209,0.01687211927993603,0.27029859319157984,0.19874340358555231,0.13827950853598767,2.2939657575151875,2.525707142549754,2.725826311975763
LA4126,W,sun,low,amphi,3.1110578064711047,-2.622408245238521,0.21431621079,0.02083099142629163,4.7110509523,0.01271969012028638,0.17647450027546568,0.10781623716048348,0.06787738309279692,2.5855208847375692,2.827335983887631,2.95135113708856
LA4126,W,sun,high,amphi,3.1110578064711047,-1.4320573363324327,0.18404315888,0.008421980935269113,5.683214158,0.0072166683858708265,0.34159839498141786,0.2597385738577999,0.19280074088886512,2.0009657392478344,2.289670217475375,2.5294127856939044
LA4126,W,sun,low,pseudohypo,3.062566864828135,-1.8729927080632756,0.101589169577,0.012716231859109531,4.6460963813,0.00824586930038789,0.14979442908216442,0.09728763080332815,0.06590741971028871,2.643254028640891,2.8288470195381534,2.952170106977199
LA4126,W,sun,high,pseudohypo,3.062566864828135,-0.9974616074877604,0.23950674669,0.01551300666976304,5.1046228144,0.010127449609474487,0.2508550471830296,0.19230292555199896,0.1512053135852859,2.2982281916579717,2.505496763256994,2.6688287597364684
