accession,lighttreatment,lightintensity,leaftype,n_plant,trait,estimate,lowerCI,upperCI
LA0107,shade,low,amphi,8,tau,167.2284396566287,149.0747870208798,187.45092441147756
LA0107,shade,low,amphi,8,lambda,1.134885483808931,1.0876772767927958,1.1842249330881878
LA0107,shade,low,amphi,8,gcl,19.253687068132557,18.731404178811335,19.79661113561655
LA0107,shade,low,amphi,8,gi,0.19482745048578534,0.17061777568661765,0.2233533897492636
LA0107,shade,low,amphi,8,gmax,2.640456475505732,2.3376201797304748,2.977642167861325
LA0107,shade,high,amphi,8,tau,231.37927536637542,206.47898357924936,259.230496335462
LA0107,shade,high,amphi,8,lambda,1.2536508750046413,1.2001082081458736,1.306650263529721
LA0107,shade,high,amphi,8,gcl,19.253687068132557,18.731404178811335,19.79661113561655
LA0107,shade,high,amphi,8,gi,0.41480106090493873,0.36256931094768297,0.4761183433823638
LA0107,shade,high,amphi,8,gmax,2.642061338440473,2.3327498593381084,2.9748555615664456
LA0107,shade,low,pseudohypo,8,tau,168.76141206640577,150.84376540800426,188.83087318910898
LA0107,shade,low,pseudohypo,8,lambda,1.1123492861532065,1.065477187217461,1.1607389156738885
LA0107,shade,low,pseudohypo,8,gcl,18.109999694025717,17.61673969498086,18.61216033036971
LA0107,shade,low,pseudohypo,8,gi,0.15686655432773922,0.1370687251471706,0.18001621652399083
LA0107,shade,low,pseudohypo,8,gmax,1.767905218442167,1.5655599877288722,1.9952984516550871
LA0107,shade,high,pseudohypo,8,tau,233.53974704921845,208.6419162161481,261.3565143933955
LA0107,shade,high,pseudohypo,8,lambda,1.2289902336463352,1.176636841781626,1.2836686015560657
LA0107,shade,high,pseudohypo,8,gcl,18.109999694025717,17.61673969498086,18.61216033036971
LA0107,shade,high,pseudohypo,8,gi,0.33402838469487167,0.2919174201841471,0.38348324937338835
LA0107,shade,high,pseudohypo,8,gmax,1.7694047713578247,1.5637635487655839,1.9918984366846078
LA0107,sun,low,amphi,9,tau,166.91682578222336,149.26158709879306,187.33961520529306
LA0107,sun,low,amphi,9,lambda,1.2371539164053542,1.1850495684757045,1.2918927008336827
LA0107,sun,low,amphi,9,gcl,21.59887481640088,21.013872265915392,22.194297595641515
LA0107,sun,low,amphi,9,gi,0.27528606488241364,0.24157565940927778,0.3163913066303363
LA0107,sun,low,amphi,9,gmax,4.7932969680101145,4.251509148786291,5.410498975077903
LA0107,sun,high,amphi,9,tau,231.03631925514273,206.68595005705106,259.37431383653956
LA0107,sun,high,amphi,9,lambda,1.3678151692167098,1.3093886249877524,1.428116433287035
LA0107,sun,high,amphi,9,gcl,21.59887481640088,21.013872265915392,22.194297595641515
LA0107,sun,high,amphi,9,gi,0.5867781231326435,0.5135324726683033,0.6729111089728103
LA0107,sun,high,amphi,9,gmax,4.794329425456363,4.2517416711535265,5.405305705286702
LA0107,sun,low,pseudohypo,9,tau,168.46789314635754,150.903191571914,188.23614288524377
LA0107,sun,low,pseudohypo,9,lambda,1.2133285563486584,1.1614354644109566,1.267091574634834
LA0107,sun,low,pseudohypo,9,gcl,20.318125647523186,19.780714085422325,20.868118908077843
LA0107,sun,low,pseudohypo,9,gi,0.22147850258484408,0.19391146736277964,0.25470004858319567
LA0107,sun,low,pseudohypo,9,gmax,3.2099024961517935,2.8512629275848007,3.619654836822068
LA0107,sun,high,pseudohypo,9,tau,233.31176181269532,209.59390875882633,260.84756895908805
LA0107,sun,high,pseudohypo,9,lambda,1.3408556030595187,1.2844167839840408,1.4011717773496257
LA0107,sun,high,pseudohypo,9,gcl,20.318125647523186,19.780714085422325,20.868118908077843
LA0107,sun,high,pseudohypo,9,gi,0.47234802617958854,0.41237043469727197,0.5420796154531932
LA0107,sun,high,pseudohypo,9,gmax,3.2098601485084965,2.847922809878698,3.617815734410258
LA0407,sun,low,amphi,7,tau,126.31869829862002,113.74728534476384,141.04837608863062
LA0407,sun,low,amphi,7,lambda,1.2130589536219163,1.1635312962283502,1.2656923979248504
LA0407,sun,low,amphi,7,gcl,18.504479219880423,18.061096372551592,18.971450203289436
LA0407,sun,low,amphi,7,gi,0.21262322214660195,0.18475568566274977,0.24358727786154863
LA0407,sun,low,amphi,7,gmax,5.290422478807555,4.66401537910739,5.985536673753956
LA0407,sun,high,amphi,7,tau,174.69191123471325,157.03264881925358,194.60495727462703
LA0407,sun,high,amphi,7,lambda,1.3403789961435155,1.2848473928467063,1.3985829565578183
LA0407,sun,high,amphi,7,gcl,18.504479219880423,18.061096372551592,18.971450203289436
LA0407,sun,high,amphi,7,gi,0.45233366865511343,0.3942728519891518,0.5170941073196712
LA0407,sun,high,amphi,7,gmax,5.290336734477496,4.664516670589873,5.983871822703457
LA0407,sun,low,pseudohypo,7,tau,127.61143120067446,114.85049227693631,142.234502536251
LA0407,sun,low,pseudohypo,7,lambda,1.189668245822931,1.1398600760187356,1.2406725035684667
LA0407,sun,low,pseudohypo,7,gcl,17.399133836152913,16.987481273376588,17.838635494368436
LA0407,sun,low,pseudohypo,7,gi,0.1711129110829616,0.14864485913835518,0.1952203892662019
LA0407,sun,low,pseudohypo,7,gmax,3.54023202930813,3.1149251114037035,4.0040545519568065
LA0407,sun,high,pseudohypo,7,tau,176.56971059972972,158.76987762896584,196.3315802400877
LA0407,sun,high,pseudohypo,7,lambda,1.3142428038174538,1.2592656805142008,1.3710956268270835
LA0407,sun,high,pseudohypo,7,gcl,17.399133836152913,16.987481273376588,17.838635494368436
LA0407,sun,high,pseudohypo,7,gi,0.3639937908846825,0.3163093466593464,0.41499424772546334
LA0407,sun,high,pseudohypo,7,gmax,3.5412453340853998,3.1201590599769218,3.9978885070769343
LA0407,shade,low,amphi,10,tau,126.28961522487451,113.71762700274955,140.7652213508383
LA0407,shade,low,amphi,10,lambda,1.1122680497675008,1.0676933831956574,1.1606672225556531
LA0407,shade,low,amphi,10,gcl,16.491843980733968,16.093038057795596,16.90875821306772
LA0407,shade,low,amphi,10,gi,0.1502231464245412,0.13089627366923862,0.1730774776197705
LA0407,shade,low,amphi,10,gmax,2.9073483591904954,2.5666452200450127,3.2893439677849248
LA0407,shade,high,amphi,10,tau,174.88623053322388,157.33691846711366,194.48978917502453
LA0407,shade,high,amphi,10,lambda,1.2297037327447278,1.1798995670491015,1.2824180284814741
LA0407,shade,high,amphi,10,gcl,16.491843980733968,16.093038057795596,16.90875821306772
LA0407,shade,high,amphi,10,gi,0.31999431131084166,0.27855329655160194,0.366705025054656
LA0407,shade,high,amphi,10,gmax,2.907153195591245,2.5655219155422175,3.2941818856428053
LA0407,shade,low,pseudohypo,10,tau,127.62221968949721,114.84593033519566,141.99175700108782
LA0407,shade,low,pseudohypo,10,lambda,1.090957647943262,1.0452325856213909,1.1366777455036199
LA0407,shade,low,pseudohypo,10,gcl,15.506952193822332,15.143963389317916,15.905960681053733
LA0407,shade,low,pseudohypo,10,gi,0.1207922506847256,0.10496098473003543,0.13878005947220193
LA0407,shade,low,pseudohypo,10,gmax,1.947607100920849,1.7182423169145757,2.205416369074487
LA0407,shade,high,pseudohypo,10,tau,176.80538313276134,159.01690888889033,196.16644483256576
LA0407,shade,high,pseudohypo,10,lambda,1.2054398024626989,1.1549679423453523,1.257094293131728
LA0407,shade,high,pseudohypo,10,gcl,15.506952193822332,15.143963389317916,15.905960681053733
LA0407,shade,high,pseudohypo,10,gi,0.25760466923601594,0.22348710276902167,0.2951204772997967
LA0407,shade,high,pseudohypo,10,gmax,1.9466613562216994,1.7179684580293486,2.205111041780588
LA0429,shade,low,amphi,10,tau,124.43713560354045,114.56495912162394,136.71173631506758
LA0429,shade,low,amphi,10,lambda,1.0796087278329796,1.0389368304438524,1.121815085328682
LA0429,shade,low,amphi,10,gcl,17.35150606804213,16.976591900260267,17.72945390027776
LA0429,shade,low,amphi,10,gi,0.17273231360895105,0.152660203928984,0.1955732118754333
LA0429,shade,low,amphi,10,gmax,2.7180172084491843,2.486537495073654,2.9904053521579335
LA0429,shade,high,amphi,10,tau,172.39488471402277,158.60432933129903,189.38829033107686
LA0429,shade,high,amphi,10,lambda,1.1929167489409898,1.1473991539967408,1.2393688631178073
LA0429,shade,high,amphi,10,gcl,17.35150606804213,16.976591900260267,17.72945390027776
LA0429,shade,high,amphi,10,gi,0.3680887894080946,0.3236218994399207,0.4150274006576309
LA0429,shade,high,amphi,10,gmax,2.7166851864239607,2.486849625290306,2.9884070460607886
LA0429,shade,low,pseudohypo,10,tau,125.65423771223553,115.60893296036107,138.01908966648946
LA0429,shade,low,pseudohypo,10,lambda,1.0585330363345509,1.0183515017905151,1.0988202808272585
LA0429,shade,low,pseudohypo,10,gcl,16.321973255656943,15.96656176203943,16.666325043000636
LA0429,shade,low,pseudohypo,10,gi,0.1389291002952017,0.12246884167490286,0.1569164163554372
LA0429,shade,low,pseudohypo,10,gmax,1.819834549521306,1.6655414828726165,2.0044298226803776
LA0429,shade,high,pseudohypo,10,tau,174.00455075597128,159.61537118254503,191.1753249574434
LA0429,shade,high,pseudohypo,10,lambda,1.1698025707112882,1.1244948872818243,1.2143021826626916
LA0429,shade,high,pseudohypo,10,gcl,16.321973255656943,15.96656176203943,16.666325043000636
LA0429,shade,high,pseudohypo,10,gi,0.2961041884750402,0.26025977213167567,0.3346745334416801
LA0429,shade,high,pseudohypo,10,gmax,1.8191625930588782,1.665471935243052,2.0045518287991873
LA0429,sun,low,amphi,10,tau,124.49063166231264,114.24661320259678,136.7708985660937
LA0429,sun,low,amphi,10,lambda,1.1774874047732928,1.1324990294912267,1.2227781313732293
LA0429,sun,low,amphi,10,gcl,19.467401900224583,19.05433168711464,19.89760217162929
LA0429,sun,low,amphi,10,gi,0.24423719395631818,0.21592450581588712,0.27519822605907285
LA0429,sun,low,amphi,10,gmax,4.938563680560355,4.523400542181206,5.430728564166586
LA0429,sun,high,amphi,10,tau,172.40214886557968,158.79945491393266,189.10104592165698
LA0429,sun,high,amphi,10,lambda,1.3008058028296574,1.2503020557801992,1.350335489867844
LA0429,sun,high,amphi,10,gcl,19.467401900224583,19.05433168711464,19.89760217162929
LA0429,sun,high,amphi,10,gi,0.5200583001594024,0.4588509566193304,0.5869516541360787
LA0429,sun,high,amphi,10,gmax,4.936196131078038,4.522555018063038,5.435828660801703
LA0429,sun,low,pseudohypo,10,tau,125.70013405274216,115.20391932893217,138.30254675547994
LA0429,sun,low,pseudohypo,10,lambda,1.1543617182988768,1.111504611349867,1.198438379651803
LA0429,sun,low,pseudohypo,10,gcl,18.30893704954659,17.922180982430838,18.70522944207902
LA0429,sun,low,pseudohypo,10,gi,0.19662128099199805,0.17343931503577617,0.2215638606484466
LA0429,sun,low,pseudohypo,10,gmax,3.3059603318784476,3.032131790077836,3.634179384194692
LA0429,sun,high,pseudohypo,10,tau,173.92806994330923,160.05499952859776,191.2337802689174
LA0429,sun,high,pseudohypo,10,lambda,1.275586516735258,1.2271959930912828,1.3237808540692404
LA0429,sun,high,pseudohypo,10,gcl,18.30893704954659,17.922180982430838,18.70522944207902
LA0429,sun,high,pseudohypo,10,gi,0.41835811073069756,0.369547212892585,0.4718704095179725
LA0429,sun,high,pseudohypo,10,gmax,3.3058833821503524,3.0305886792067387,3.636143693677017
LA0436,shade,low,amphi,8,tau,117.21893720767581,107.08331674221573,127.86723629441204
LA0436,shade,low,amphi,8,lambda,1.0989806691012045,1.057461553979112,1.146425009355095
LA0436,shade,low,amphi,8,gcl,17.56905616145529,17.177423021815606,17.96559248306528
LA0436,shade,low,amphi,8,gi,0.1587234576648631,0.13766007548752243,0.1805718661291499
LA0436,shade,low,amphi,8,gmax,2.740667160377045,2.4988757598498545,3.0232468949477465
LA0436,shade,high,amphi,8,tau,162.2330205911863,148.39635162262664,177.06676858157115
LA0436,shade,high,amphi,8,lambda,1.214559949719858,1.167454991171699,1.2654096896890084
LA0436,shade,high,amphi,8,gcl,17.56905616145529,17.177423021815606,17.96559248306528
LA0436,shade,high,amphi,8,gi,0.3378962776336468,0.29187562894284413,0.3842611081319621
LA0436,shade,high,amphi,8,gmax,2.7411761347245553,2.497789297644697,3.0200825871839045
LA0436,shade,low,pseudohypo,8,tau,118.39043339368229,108.13278701615772,129.16187156783616
LA0436,shade,low,pseudohypo,8,lambda,1.0772443007160244,1.0363663465774147,1.124950986802595
LA0436,shade,low,pseudohypo,8,gcl,16.524590077048085,16.136757923268394,16.890193627061382
LA0436,shade,low,pseudohypo,8,gi,0.127706572497835,0.11039903497453903,0.14503576641098545
LA0436,shade,low,pseudohypo,8,gmax,1.835039196924142,1.6746403185891914,2.019279753988575
LA0436,shade,high,pseudohypo,8,tau,163.86298514566758,149.6850367661942,178.89525887258907
LA0436,shade,high,pseudohypo,8,lambda,1.1907110300581958,1.1452848884394593,1.2427787538021497
LA0436,shade,high,pseudohypo,8,gcl,16.524590077048085,16.136757923268394,16.890193627061382
LA0436,shade,high,pseudohypo,8,gi,0.27214937762140134,0.23533163701077375,0.3087153155075407
LA0436,shade,high,pseudohypo,8,gmax,1.834836367636035,1.673576281559982,2.018352802100124
LA0436,sun,low,amphi,8,tau,117.35267189760582,107.11065105724722,127.98220632820893
LA0436,sun,low,amphi,8,lambda,1.1985422501946634,1.1530877383937634,1.250615367283003
LA0436,sun,low,amphi,8,gcl,19.711605156803063,19.26576588801419,20.151624576919936
LA0436,sun,low,amphi,8,gi,0.224369750188926,0.1948957855608308,0.2564449335217448
LA0436,sun,low,amphi,8,gmax,4.979692623709577,4.549838093233447,5.491203032398244
LA0436,sun,high,amphi,10,tau,162.33033696613128,148.2561558269807,176.7140004984743
LA0436,sun,high,amphi,10,lambda,1.3245420104741263,1.2751598071260235,1.3821389502989534
LA0436,sun,high,amphi,10,gcl,19.711605156803063,19.26576588801419,20.151624576919936
LA0436,sun,high,amphi,10,gi,0.4778114179273307,0.41421382362576625,0.5450930176431795
LA0436,sun,high,amphi,10,gmax,4.97996919338421,4.553234187493954,5.498893030460684
LA0436,sun,low,pseudohypo,8,tau,118.43029852990892,108.13668162070672,128.98245866707802
LA0436,sun,low,pseudohypo,8,lambda,1.1750424964398227,1.1306470622885614,1.2274689479186955
LA0436,sun,low,pseudohypo,8,gcl,18.538278456780006,18.116079845196527,18.95148578697515
LA0436,sun,low,pseudohypo,8,gi,0.18055133539944138,0.15629921218429355,0.20543968622772985
LA0436,sun,low,pseudohypo,8,gmax,3.3341010311372967,3.0501371555773584,3.67582482169803
LA0436,sun,high,pseudohypo,10,tau,163.9485901191998,149.54037506879263,178.25499574068596
LA0436,sun,high,pseudohypo,10,lambda,1.2984051248569706,1.2503295092809572,1.3541783467365704
LA0436,sun,high,pseudohypo,10,gcl,18.538278456780006,18.116079845196527,18.95148578697515
LA0436,sun,high,pseudohypo,10,gi,0.38469066429980836,0.33271310799118,0.43720639925787047
LA0436,sun,high,pseudohypo,10,gmax,3.335061102370086,3.050448428902505,3.6721618270883685
LA0444,shade,low,amphi,10,tau,125.0401988373135,112.67944062837255,138.256576777421
LA0444,shade,low,amphi,10,lambda,1.0651892539354673,1.0204947021623283,1.1124179689608655
LA0444,shade,low,amphi,10,gcl,18.471685599035514,18.03078783580424,18.94623374102242
LA0444,shade,low,amphi,10,gi,0.1632067342527243,0.142586044709941,0.18553770581802323
LA0444,shade,low,amphi,10,gmax,2.490573826908013,2.2214844851618767,2.793470532488891
LA0444,shade,high,amphi,9,tau,173.05452522919316,155.7725946765276,191.6400901619902
LA0444,shade,high,amphi,9,lambda,1.1767665484237069,1.1279928245422253,1.228717570134002
LA0444,shade,high,amphi,9,gcl,18.471685599035514,18.03078783580424,18.94623374102242
LA0444,shade,high,amphi,9,gi,0.3474652036056171,0.30344016234848264,0.39514905763620217
LA0444,shade,high,amphi,9,gmax,2.4899768518808236,2.2205094574404662,2.7921086426367525
LA0444,shade,low,pseudohypo,10,tau,126.32396321295747,113.85306441987511,139.50715754476283
LA0444,shade,low,pseudohypo,10,lambda,1.0440701344261385,0.9992784609708693,1.0917277042575688
LA0444,shade,low,pseudohypo,10,gcl,17.372689318608696,16.958238562043046,17.816485505842362
LA0444,shade,low,pseudohypo,10,gi,0.13144329494676898,0.11464251623944713,0.1489456808586107
LA0444,shade,low,pseudohypo,10,gmax,1.6682992374544596,1.4872880675531277,1.8699226430819733
LA0444,shade,high,pseudohypo,9,tau,174.79889799004414,157.31473418532732,193.02375080659706
LA0444,shade,high,pseudohypo,9,lambda,1.1537825923859135,1.1053781080336567,1.2062047039974981
LA0444,shade,high,pseudohypo,9,gcl,17.372689318608696,16.958238562043046,17.816485505842362
LA0444,shade,high,pseudohypo,9,gi,0.2797261304796412,0.24318462127585483,0.31738130857549446
LA0444,shade,high,pseudohypo,9,gmax,1.6692222626273037,1.4850601428013779,1.867367903698398
LA0444,sun,low,amphi,9,tau,124.94163903873591,112.64308613588204,138.26440118187514
LA0444,sun,low,amphi,9,lambda,1.1612650257712105,1.1115786244882067,1.2118958900401335
LA0444,sun,low,amphi,9,gcl,20.72823167898382,20.241325216411337,21.23326728216273
LA0444,sun,low,amphi,9,gi,0.23054929434042332,0.20159045023963307,0.26313539880561876
LA0444,sun,low,amphi,9,gmax,4.528361962859474,4.050433178385751,5.080124141144624
LA0444,sun,high,amphi,10,tau,173.0214507046272,155.80246630110696,191.54544794481572
LA0444,sun,high,amphi,10,lambda,1.2828901217062816,1.2286090170365782,1.3383876540656532
LA0444,sun,high,amphi,10,gcl,20.72823167898382,20.241325216411337,21.23326728216273
LA0444,sun,high,amphi,10,gi,0.49095288427434636,0.4280336697571866,0.5609191949534342
LA0444,sun,high,amphi,10,gmax,4.530578061504734,4.050308637708667,5.0793971794145
LA0444,sun,low,pseudohypo,9,tau,126.3093123040635,113.6121258716098,139.71089500963504
LA0444,sun,low,pseudohypo,9,lambda,1.1381385293619528,1.0910721417561489,1.1880355927485429
LA0444,sun,low,pseudohypo,9,gcl,19.492451294119558,19.035558886569614,19.97516466404511
LA0444,sun,low,pseudohypo,9,gi,0.18570312798007363,0.16184378151227144,0.2111482238674468
LA0444,sun,low,pseudohypo,9,gmax,3.0332635421269862,2.7147191113596487,3.400908865780193
LA0444,sun,high,pseudohypo,10,tau,174.71502279730345,157.2280403160002,193.29436082915882
LA0444,sun,high,pseudohypo,10,lambda,1.2575343752082788,1.2046833272240525,1.3121278750601184
LA0444,sun,high,pseudohypo,10,gcl,19.492451294119558,19.035558886569614,19.97516466404511
LA0444,sun,high,pseudohypo,10,gi,0.39510789104159927,0.34286905247304256,0.44910483505389265
LA0444,sun,high,pseudohypo,10,gmax,3.0337352405579696,2.7113183146776882,3.3987152196865607
LA0716,shade,low,amphi,10,tau,193.75844640941176,174.89506834026506,212.7280723522246
LA0716,shade,low,amphi,10,lambda,1.112195742568263,1.0666962209575517,1.1572649791056273
LA0716,shade,low,amphi,10,gcl,21.281272359161616,20.81570965847623,21.767503162260006
LA0716,shade,low,amphi,10,gi,0.15417198938549737,0.1351239825697065,0.17559619123887138
LA0716,shade,low,amphi,10,gmax,2.2409754660723884,2.009475232699163,2.504308376010686
LA0716,shade,high,amphi,9,tau,268.1598559518679,241.76869656462995,295.43430532553003
LA0716,shade,high,amphi,9,lambda,1.2287795157915826,1.1792073024590715,1.2787569652223705
LA0716,shade,high,amphi,9,gcl,21.281272359161616,20.81570965847623,21.767503162260006
LA0716,shade,high,amphi,9,gi,0.32839975913637726,0.28720379306340443,0.3755161848167011
LA0716,shade,high,amphi,9,gmax,2.23984643809475,2.007630222088514,2.5067134403947593
LA0716,shade,low,pseudohypo,10,tau,195.62351735442905,176.6746753643349,215.51256420052374
LA0716,shade,low,pseudohypo,10,lambda,1.090161440650665,1.0470481467468895,1.1357470907811735
LA0716,shade,low,pseudohypo,10,gcl,20.016748948188837,19.582481301477532,20.45844282823078
LA0716,shade,low,pseudohypo,10,gi,0.12420304742507447,0.10868285374592872,0.14154510006462984
LA0716,shade,low,pseudohypo,10,gmax,1.5004022525888279,1.3415195452359088,1.6812346078055362
LA0716,shade,high,pseudohypo,9,tau,270.5029326263146,243.98724108390695,297.7778880813969
LA0716,shade,high,pseudohypo,9,lambda,1.204005449492744,1.155763950481028,1.2545845949786163
LA0716,shade,high,pseudohypo,9,gcl,20.016748948188837,19.582481301477532,20.45844282823078
LA0716,shade,high,pseudohypo,9,gi,0.2641138360805076,0.23153813023627662,0.3015930859274027
LA0716,shade,high,pseudohypo,9,gmax,1.4996467577101564,1.34020009230037,1.6812621945152857
LA0716,sun,low,amphi,9,tau,193.78711266546094,174.62275768198975,214.2720539492103
LA0716,sun,low,amphi,9,lambda,1.2132415629389606,1.1661359696972797,1.2620815770327705
LA0716,sun,low,amphi,9,gcl,23.877237553649973,23.34699246316236,24.41822994180744
LA0716,sun,low,amphi,9,gi,0.21839088354340186,0.1905535781466752,0.24747946666369
LA0716,sun,low,amphi,9,gmax,4.064203994851651,3.640886528452879,4.552649707806462
LA0716,sun,high,amphi,10,tau,267.96142513704723,241.52737468008488,296.0274132527987
LA0716,sun,high,amphi,10,lambda,1.340488640128181,1.2877224277112318,1.3942355244702958
LA0716,sun,high,amphi,10,gcl,23.877237553649973,23.34699246316236,24.41822994180744
LA0716,sun,high,amphi,10,gi,0.4647768163283799,0.4067816216926332,0.5263776671462741
LA0716,sun,high,amphi,10,gmax,4.0642827952475615,3.641056871031645,4.546996350558242
LA0716,sun,low,pseudohypo,9,tau,195.60983385717654,176.4250725330897,216.903861876442
LA0716,sun,low,pseudohypo,9,lambda,1.1888879347214585,1.1428204436671703,1.239246469578817
LA0716,sun,low,pseudohypo,9,gcl,22.46005021364686,21.969713939686383,22.94849512359558
LA0716,sun,low,pseudohypo,9,gi,0.17584668588513303,0.1537462290423672,0.19927204317114725
LA0716,sun,low,pseudohypo,9,gmax,2.7234531563619284,2.440947511836959,3.051539330237731
LA0716,sun,high,pseudohypo,10,tau,270.6308321310443,244.67319836401714,299.4110786212115
LA0716,sun,high,pseudohypo,10,lambda,1.3139210613440997,1.262111144247673,1.367650572764078
LA0716,sun,high,pseudohypo,10,gcl,22.46005021364686,21.969713939686383,22.94849512359558
LA0716,sun,high,pseudohypo,10,gi,0.37373508104888603,0.32713905684095756,0.42419409900610905
LA0716,sun,high,pseudohypo,10,gmax,2.723809997992582,2.4387382255295846,3.051636820342721
LA0750,shade,low,amphi,10,tau,182.6481142934375,165.72997503622108,201.63740386899238
LA0750,shade,low,amphi,10,lambda,1.1220000712166907,1.0780091969736676,1.1668109766723322
LA0750,shade,low,amphi,10,gcl,21.220114552535737,20.746970737082485,21.711014053760636
LA0750,shade,low,amphi,10,gi,0.1517166408291611,0.13317752562177856,0.17156958824738675
LA0750,shade,low,amphi,10,gmax,2.1241062145931746,1.9124562430407535,2.367189504204404
LA0750,shade,high,amphi,9,tau,252.84418084281512,229.18863122888604,278.18539173359346
LA0750,shade,high,amphi,9,lambda,1.239852153893427,1.191557294570933,1.2906478895663278
LA0750,shade,high,amphi,9,gcl,21.220114552535737,20.746970737082485,21.711014053760636
LA0750,shade,high,amphi,9,gi,0.3230146135803854,0.28289119508659016,0.36410223437049616
LA0750,shade,high,amphi,9,gmax,2.123238830082532,1.915250318681264,2.3653116745377782
LA0750,shade,low,pseudohypo,10,tau,184.2104460176299,167.09983571783894,203.39460496885147
LA0750,shade,low,pseudohypo,10,lambda,1.1000611429319993,1.056001409566569,1.1440460759938762
LA0750,shade,low,pseudohypo,10,gcl,19.963979634586995,19.517008562615953,20.410960420366006
LA0750,shade,low,pseudohypo,10,gi,0.12201172290255047,0.10719736840366803,0.13784932328737212
LA0750,shade,low,pseudohypo,10,gmax,1.421094276935323,1.279656585471197,1.584495917067501
LA0750,shade,high,pseudohypo,9,tau,254.9952822041792,231.28458789327624,281.17043314710725
LA0750,shade,high,pseudohypo,9,lambda,1.2156556947675823,1.1683499779532092,1.2646491596972236
LA0750,shade,high,pseudohypo,9,gcl,19.963979634586995,19.517008562615953,20.410960420366006
LA0750,shade,high,pseudohypo,9,gi,0.25972132946900817,0.2278112693947488,0.29287795306155684
LA0750,shade,high,pseudohypo,9,gmax,1.4212720413812168,1.2804433902664112,1.5829516140062094
LA0750,sun,high,amphi,11,tau,252.4357909440225,229.45737714692353,277.6023170523136
LA0750,sun,high,amphi,11,lambda,1.3515110039033287,1.2991331177308543,1.4094745851842438
LA0750,sun,high,amphi,11,gcl,23.813574327864245,23.2668005992871,24.349206712358477
LA0750,sun,high,amphi,11,gi,0.45656419295383566,0.4020758518371686,0.513764590602735
LA0750,sun,high,amphi,11,gmax,3.8626841808520846,3.4736829141997667,4.280617204036396
LA0750,sun,high,pseudohypo,11,tau,255.06350245687455,231.7898142477511,280.5304368288118
LA0750,sun,high,pseudohypo,11,lambda,1.325114434503711,1.271909933121372,1.380419280436666
LA0750,sun,high,pseudohypo,11,gcl,22.39926953982408,21.88782364110232,22.901560061016166
LA0750,sun,high,pseudohypo,11,gi,0.36714546594010217,0.3229474128477901,0.41414058357347494
LA0750,sun,high,pseudohypo,11,gmax,2.5857909714925533,2.3248707805227373,2.866710605410021
LA0750,sun,low,amphi,9,tau,182.3964790864345,165.7385132947579,201.09999666000292
LA0750,sun,low,amphi,9,lambda,1.2227035677149674,1.1743549457156346,1.274701142720832
LA0750,sun,low,amphi,9,gcl,23.813574327864245,23.2668005992871,24.349206712358477
LA0750,sun,low,amphi,9,gi,0.21435160793929856,0.18892399940868523,0.2419891980690442
LA0750,sun,low,amphi,9,gmax,3.8619128904583984,3.478202004168617,4.2853966352788495
LA0750,sun,low,pseudohypo,9,tau,184.38745447668668,166.99781384787343,203.0217812146737
LA0750,sun,low,pseudohypo,9,lambda,1.199536816625227,1.150680159641442,1.249551232653587
LA0750,sun,low,pseudohypo,9,gcl,22.39926953982408,21.88782364110232,22.901560061016166
LA0750,sun,low,pseudohypo,9,gi,0.1726627946412207,0.15197571370091112,0.19486391314180426
LA0750,sun,low,pseudohypo,9,gmax,2.585586604442801,2.325300737588908,2.8689720106553027
LA1028,shade,low,amphi,10,tau,205.8042555092736,186.2880276444324,228.87244997033002
LA1028,shade,low,amphi,10,lambda,1.2537807815757331,1.2020462092559283,1.3071813391472042
LA1028,shade,low,amphi,10,gcl,23.26846692251199,22.75159194037741,23.80618561858888
LA1028,shade,low,amphi,10,gi,0.2199205954837205,0.1929190485226167,0.25119618471246313
LA1028,shade,low,amphi,10,gmax,2.9506175000565733,2.640887103849081,3.307207597489249
LA1028,shade,high,amphi,10,tau,284.8291039201446,256.82751082510663,316.89443719830746
LA1028,shade,high,amphi,10,lambda,1.3848285452421136,1.3265933903210003,1.4454291300316322
LA1028,shade,high,amphi,10,gcl,23.26846692251199,22.75159194037741,23.80618561858888
LA1028,shade,high,amphi,10,gi,0.4681503169831797,0.4092750424384357,0.5352541989255148
LA1028,shade,high,amphi,10,gmax,2.950900388283569,2.6427539395856807,3.3161318749995603
LA1028,shade,low,pseudohypo,10,tau,208.0893851448748,188.00916586068308,231.10423845127193
LA1028,shade,low,pseudohypo,10,lambda,1.2290362441597382,1.1779842387628277,1.2825571569323995
LA1028,shade,low,pseudohypo,10,gcl,21.882895658336004,21.405226893733563,22.384217740341793
LA1028,shade,low,pseudohypo,10,gi,0.1769398438375841,0.15506904788181924,0.20151550015655825
LA1028,shade,low,pseudohypo,10,gmax,1.9751513809539283,1.771476038501607,2.2175451605866736
LA1028,shade,high,pseudohypo,10,tau,287.76598518437163,259.0677969889224,319.32083234079414
LA1028,shade,high,pseudohypo,10,lambda,1.3577800677385818,1.2995419141327353,1.417480620646367
LA1028,shade,high,pseudohypo,10,gcl,21.882895658336004,21.405226893733563,22.384217740341793
LA1028,shade,high,pseudohypo,10,gi,0.3766330410415163,0.33017305930383767,0.42839790392255794
LA1028,shade,high,pseudohypo,10,gmax,1.9757004597706884,1.7714702949130603,2.2129727318333665
LA1028,sun,low,amphi,7,tau,205.86160817120864,185.9181797442278,229.03741227412564
LA1028,sun,low,amphi,7,lambda,1.367034988378515,1.309636992904608,1.4263339279314748
LA1028,sun,low,amphi,7,gcl,26.105382013901643,25.519859848332285,26.709982876308093
LA1028,sun,low,amphi,7,gi,0.31124236426066554,0.2728574403184607,0.35572555747500634
LA1028,sun,low,amphi,7,gmax,5.372542226755941,4.790199123012137,6.0153138493892335
LA1028,sun,high,amphi,7,tau,284.49540678402667,257.2151749012114,316.7124395605903
LA1028,sun,high,amphi,7,lambda,1.5101721227140201,1.4458502148274746,1.5761707043697613
LA1028,sun,high,amphi,7,gcl,26.105382013901643,25.519859848332285,26.709982876308093
LA1028,sun,high,amphi,7,gi,0.6626748574984372,0.5810328704297385,0.7563989664541083
LA1028,sun,high,amphi,7,gmax,5.3719311522929365,4.790983123871233,6.017288354992945
LA1028,sun,low,pseudohypo,7,tau,207.7823297428749,187.8610237601977,231.52824223254166
LA1028,sun,low,pseudohypo,7,lambda,1.3392770891759835,1.2844425878922212,1.3990263154859073
LA1028,sun,low,pseudohypo,7,gcl,24.549449417419055,24.0064981950101,25.12518394634495
LA1028,sun,low,pseudohypo,7,gi,0.2503331263543423,0.21913747435042708,0.2862246370375237
LA1028,sun,low,pseudohypo,7,gmax,3.599233601586833,3.2067116451814632,4.03187350566899
LA1028,sun,high,pseudohypo,7,tau,287.47797742670645,259.7650668387078,319.15103466718926
LA1028,sun,high,pseudohypo,7,lambda,1.480046984415677,1.418977807680701,1.5460256773904144
LA1028,sun,high,pseudohypo,7,gcl,24.549449417419055,24.0064981950101,25.12518394634495
LA1028,sun,high,pseudohypo,7,gi,0.5328415437456848,0.4671986606881452,0.6098440891477108
LA1028,sun,high,pseudohypo,7,gmax,3.598803152151337,3.2067232942560833,4.027873110449026
LA1044,shade,low,amphi,10,tau,133.05917969828235,122.14521472708412,145.48927793587805
LA1044,shade,low,amphi,10,lambda,1.1014870590930528,1.0581979598594449,1.1458164994643663
LA1044,shade,low,amphi,10,gcl,18.697174125352245,18.299625977490294,19.085236504842893
LA1044,shade,low,amphi,10,gi,0.2184434626723959,0.19039734352438753,0.2510159903200853
LA1044,shade,low,amphi,10,gmax,2.655638893557454,2.4079021783196377,2.8928750272141746
LA1044,shade,high,amphi,10,tau,184.10713888994647,168.90641884213179,201.61619014109465
LA1044,shade,high,amphi,10,lambda,1.2174464912886807,1.1684604651016544,1.2657614106001724
LA1044,shade,high,amphi,10,gcl,18.697174125352245,18.299625977490294,19.085236504842893
LA1044,shade,high,amphi,10,gi,0.46522286157719545,0.40490324794834814,0.5349555269968884
LA1044,shade,high,amphi,10,gmax,2.656472481435494,2.403987787535622,2.893457331022429
LA1044,shade,low,pseudohypo,10,tau,134.4279987485026,123.30824389064058,146.826722783158
LA1044,shade,low,pseudohypo,10,lambda,1.0797818799295062,1.0367597392120036,1.1225223255708177
LA1044,shade,low,pseudohypo,10,gcl,17.586084809449027,17.21565542108737,17.94798786242255
LA1044,shade,low,pseudohypo,10,gi,0.17570599125938907,0.15376664975025406,0.20160867176957414
LA1044,shade,low,pseudohypo,10,gmax,1.777635088289195,1.6079443673675011,1.936006540977
LA1044,shade,high,pseudohypo,10,tau,185.78246204187255,170.44463695982682,203.2514401913174
LA1044,shade,high,pseudohypo,10,lambda,1.1926849201863357,1.146313960561172,1.240422704996512
LA1044,shade,high,pseudohypo,10,gcl,17.586084809449027,17.21565542108737,17.94798786242255
LA1044,shade,high,pseudohypo,10,gi,0.3740853382339187,0.3253195423266655,0.4297934162015597
LA1044,shade,high,pseudohypo,10,gmax,1.7777681839306658,1.608481290106072,1.9377015169059806
LA1044,sun,low,amphi,11,tau,133.0700894147633,122.39288854334706,145.5109022062504
LA1044,sun,low,amphi,11,lambda,1.2006286436800837,1.1548416848620848,1.2506920526137097
LA1044,sun,low,amphi,11,gcl,20.978741330737854,20.543126764868095,21.420540852840233
LA1044,sun,low,amphi,11,gi,0.30894057901466465,0.26872913818806565,0.3554675745601732
LA1044,sun,low,amphi,11,gmax,4.825038601645583,4.3604089335004534,5.283203906300878
LA1044,sun,high,amphi,11,tau,184.07422246215444,169.3034813191523,200.99504459731114
LA1044,sun,high,amphi,11,lambda,1.3272648493330534,1.2759237649277109,1.3802679962711584
LA1044,sun,high,amphi,11,gcl,20.978741330737854,20.543126764868095,21.420540852840233
LA1044,sun,high,amphi,11,gi,0.657610151936295,0.5721726843768339,0.7548366259831301
LA1044,sun,high,amphi,11,gmax,4.825961442572023,4.360623086006163,5.267251170659071
LA1044,sun,low,pseudohypo,11,tau,134.3246150330697,123.2634039948206,147.0967069013751
LA1044,sun,low,pseudohypo,11,lambda,1.1770140864585996,1.1316406281955766,1.2250037382041357
LA1044,sun,low,pseudohypo,11,gcl,19.7333294965452,19.326567498307906,20.139921659219535
LA1044,sun,low,pseudohypo,11,gi,0.24840257108317282,0.21689061456033867,0.2849321747982524
LA1044,sun,low,pseudohypo,11,gmax,3.229188111721362,2.9199800149965345,3.535312071913812
LA1044,sun,high,pseudohypo,11,tau,185.74367217850002,170.8085581801562,203.19210707412245
LA1044,sun,high,pseudohypo,11,lambda,1.3005506907086897,1.2508267257539125,1.3524656819760028
LA1044,sun,high,pseudohypo,11,gcl,19.7333294965452,19.326567498307906,20.139921659219535
LA1044,sun,high,pseudohypo,11,gi,0.5286784970138158,0.4604386506343379,0.607003895873644
LA1044,sun,high,pseudohypo,11,gmax,3.2312352718519457,2.9232287157311454,3.529266318982077
LA1269,shade,low,amphi,9,tau,114.38532268236324,104.00800690863211,125.31416953360748
LA1269,shade,low,amphi,9,lambda,1.1340678177117367,1.0909137549865189,1.1817390309861437
LA1269,shade,low,amphi,9,gcl,19.139217189533767,18.696858855185113,19.577877798631665
LA1269,shade,low,amphi,9,gi,0.18584904868067986,0.16360628816676062,0.21131162338544288
LA1269,shade,low,amphi,9,gmax,2.5592621528379955,2.317529070959406,2.8395735223283514
LA1269,shade,high,amphi,10,tau,158.2381367080728,143.75203043590832,173.74567022768673
LA1269,shade,high,amphi,10,lambda,1.2534076946801522,1.2052971715875984,1.3053202932652892
LA1269,shade,high,amphi,10,gcl,19.139217189533767,18.696858855185113,19.577877798631665
LA1269,shade,high,amphi,10,gi,0.39568579921128655,0.349431981008585,0.4486519146574733
LA1269,shade,high,amphi,10,gmax,2.560631530616089,2.318893311629616,2.8366146766038995
LA1269,shade,low,pseudohypo,9,tau,115.52285997020641,104.72745780333946,126.66342481676429
LA1269,shade,low,pseudohypo,9,lambda,1.1118593853586156,1.0694483890938484,1.158678424968746
LA1269,shade,low,pseudohypo,9,gcl,18.00703223818842,17.586138995777038,18.399496532013274
LA1269,shade,low,pseudohypo,9,gi,0.14958008364794392,0.13143413944491575,0.1698182151818062
LA1269,shade,low,pseudohypo,9,gmax,1.7145385627176326,1.5504350742752047,1.8968064700450402
LA1269,shade,high,pseudohypo,10,tau,159.8761896446999,145.00698533435929,175.1860168989791
LA1269,shade,high,pseudohypo,10,lambda,1.228847912900734,1.1822614473286925,1.2801960752415331
LA1269,shade,high,pseudohypo,10,gcl,18.00703223818842,17.586138995777038,18.399496532013274
LA1269,shade,high,pseudohypo,10,gi,0.31854036546385983,0.28078826722224354,0.3627340154806406
LA1269,shade,high,pseudohypo,10,gmax,1.7133625278415034,1.5495658664950762,1.8977997553545778
LA1269,sun,low,amphi,6,tau,114.35962511337954,103.61736956381945,125.47611254724207
LA1269,sun,low,amphi,6,lambda,1.236700095264659,1.1891712092259297,1.2871550180762241
LA1269,sun,low,amphi,6,gcl,21.47128613680766,20.98317563033228,21.987021911445495
LA1269,sun,low,amphi,6,gi,0.2627382802253977,0.23184805588670204,0.2993154706252483
LA1269,sun,low,amphi,6,gmax,4.655669261011918,4.210438164217768,5.141105375265641
LA1269,sun,high,amphi,9,tau,158.12842741777303,143.5544828887277,173.37342759674993
LA1269,sun,high,amphi,9,lambda,1.3664302075924333,1.314491250822475,1.4227488241100161
LA1269,sun,high,amphi,9,gcl,21.47128613680766,20.98317563033228,21.987021911445495
LA1269,sun,high,amphi,9,gi,0.5589873317373127,0.4949148301725429,0.6356265996106836
LA1269,sun,high,amphi,9,gmax,4.655062850702658,4.2127358071700955,5.144583671478026
LA1269,sun,low,pseudohypo,6,tau,115.33113306307962,104.34783770947111,126.48497296890386
LA1269,sun,low,pseudohypo,6,lambda,1.2119421337944178,1.1655555199015237,1.2625709761382866
LA1269,sun,low,pseudohypo,6,gcl,20.199319044083392,19.740044984938443,20.662457525751137
LA1269,sun,low,pseudohypo,6,gi,0.21120046509459858,0.18670664122091535,0.24018809445448797
LA1269,sun,low,pseudohypo,6,gmax,3.1180122023618235,2.820857695296837,3.4447920874913627
LA1269,sun,high,pseudohypo,9,tau,159.63732622959657,144.83432524932203,175.18775189942926
LA1269,sun,high,pseudohypo,9,lambda,1.33981636050497,1.288756649934461,1.3931974184177636
LA1269,sun,high,pseudohypo,9,gcl,20.199319044083392,19.740044984938443,20.662457525751137
LA1269,sun,high,pseudohypo,9,gi,0.45019442673610377,0.3985026462587429,0.5124057768384177
LA1269,sun,high,pseudohypo,9,gmax,3.119046794004166,2.824682659448492,3.4470741166061236
LA1316,shade,low,amphi,10,tau,179.8542415298609,162.47667619854695,197.20081789947497
LA1316,shade,low,amphi,10,lambda,1.1820082366113216,1.1336941494555492,1.2277234752520731
LA1316,shade,low,amphi,10,gcl,20.636291481794476,20.20607457986653,21.052585110229355
LA1316,shade,low,amphi,10,gi,0.21546664155259765,0.19054404454090312,0.24334997185114102
LA1316,shade,low,amphi,10,gmax,2.9655780432107166,2.6835690871520343,3.2757414211903164
LA1316,shade,low,pseudohypo,10,tau,181.46560138737635,163.67473406606135,199.47656034545258
LA1316,shade,low,pseudohypo,10,lambda,1.1581945765072519,1.1118499874335983,1.2036420117038193
LA1316,shade,low,pseudohypo,10,gcl,19.407293509224687,19.009105020281552,19.81832244967381
LA1316,shade,low,pseudohypo,10,gi,0.1732487143446084,0.15301877986599005,0.19602265005465386
LA1316,shade,low,pseudohypo,10,gmax,1.9854818971092323,1.7975102219881376,2.1940897282005944
LA1316,shade,high,amphi,9,tau,248.56428098941836,224.66272282414684,273.2458213600318
LA1316,shade,high,amphi,9,lambda,1.3062089662137273,1.2523645711015228,1.357374108815437
LA1316,shade,high,amphi,9,gcl,20.636291481794476,20.20607457986653,21.052585110229355
LA1316,shade,high,amphi,9,gi,0.4586243282555231,0.40590569799814763,0.5180165655410606
LA1316,shade,high,amphi,9,gmax,2.9645544634485637,2.683208503136503,3.27509596841269
LA1316,shade,high,pseudohypo,9,tau,251.06694788625165,226.13677764943813,276.2373376791762
LA1316,shade,high,pseudohypo,9,lambda,1.2802202073517759,1.2273820640070723,1.331959795132312
LA1316,shade,high,pseudohypo,9,gcl,19.407293509224687,19.009105020281552,19.81832244967381
LA1316,shade,high,pseudohypo,9,gi,0.3688983295801321,0.3264500117030677,0.416953370741305
LA1316,shade,high,pseudohypo,9,gmax,1.983894291699831,1.7967940635367872,2.1935388832597718
LA1316,sun,low,amphi,9,tau,179.4459746228593,162.9028732693197,197.2013513838666
LA1316,sun,low,amphi,9,lambda,1.2883748632373413,1.2375495350680248,1.341212432861769
LA1316,sun,low,amphi,9,gcl,23.146722197114638,22.67043356146919,23.61950979261388
LA1316,sun,low,amphi,9,gi,0.3046153770594451,0.2689158760039334,0.3452696386116485
LA1316,sun,low,amphi,9,gmax,5.384847891469849,4.880063000401189,5.9695793844114755
LA1316,sun,high,amphi,10,tau,248.29580182381272,225.37785413126926,273.00937730129766
LA1316,sun,high,amphi,10,lambda,1.4241147598782489,1.3661804278002192,1.4823430511655353
LA1316,sun,high,amphi,10,gcl,23.146722197114638,22.67043356146919,23.61950979261388
LA1316,sun,high,amphi,10,gi,0.6489419357745297,0.5719606096524834,0.7338785902869454
LA1316,sun,high,amphi,10,gmax,5.384596303253227,4.877933913100123,5.967082058166774
LA1316,sun,low,pseudohypo,9,tau,181.1884771995509,163.72828772115327,199.36980776980147
LA1316,sun,low,pseudohypo,9,lambda,1.2629693533176964,1.2133220348207654,1.3152432545400605
LA1316,sun,low,pseudohypo,9,gcl,21.77238981869716,21.33591844212852,22.22031747898423
LA1316,sun,low,pseudohypo,9,gi,0.24517071822855685,0.21606922077726518,0.2773965180440436
LA1316,sun,low,pseudohypo,9,gmax,3.6054269916187907,3.259673746785981,3.999266256726068
LA1316,sun,high,pseudohypo,10,tau,250.6659970039588,226.81355862576842,275.683818974887
LA1316,sun,high,pseudohypo,10,lambda,1.3960669185945127,1.3390767716533,1.4531081541802926
LA1316,sun,high,pseudohypo,10,gcl,21.77238981869716,21.33591844212852,22.22031747898423
LA1316,sun,high,pseudohypo,10,gi,0.5221222682307662,0.4613424779260721,0.5906271381603563
LA1316,sun,high,pseudohypo,10,gmax,3.6056377057797,3.261450032705689,3.9949458168386656
LA1322,shade,low,amphi,8,tau,162.6720346337308,148.93737251531965,178.29609950985045
LA1322,shade,low,amphi,8,lambda,1.2361832177325895,1.1909619233794444,1.2842711416895511
LA1322,shade,low,amphi,8,gcl,19.339436942176526,18.93927372964434,19.74578113286127
LA1322,shade,low,amphi,8,gi,0.19445214655130547,0.17231380516841927,0.22033269846546416
LA1322,shade,low,amphi,8,gmax,2.722358990607348,2.4647092880381263,3.0181973235299
LA1322,shade,high,amphi,10,tau,225.0342275057439,206.2788245876173,246.26993117723535
LA1322,shade,high,amphi,10,lambda,1.3663449538705428,1.3155610263705713,1.4193106017354247
LA1322,shade,high,amphi,10,gcl,19.339436942176526,18.93927372964434,19.74578113286127
LA1322,shade,high,amphi,10,gi,0.4144881949622214,0.3676010233347978,0.4681244745349694
LA1322,shade,high,amphi,10,gmax,2.7231677237439893,2.462791162707718,3.013725651926985
LA1322,shade,low,pseudohypo,8,tau,164.09154723584925,150.22714210481547,180.10786114488863
LA1322,shade,low,pseudohypo,8,lambda,1.2118997587467644,1.166077826810172,1.2583135321723387
LA1322,shade,low,pseudohypo,8,gcl,18.19694873309809,17.81025499068415,18.572886870711894
LA1322,shade,low,pseudohypo,8,gi,0.15640299771952115,0.13872644851091634,0.1768022277459425
LA1322,shade,low,pseudohypo,8,gmax,1.8226861628545936,1.6492717847641307,2.0217934344722925
LA1322,shade,high,pseudohypo,10,tau,227.02855150512207,208.2765622690631,248.86206759177614
LA1322,shade,high,pseudohypo,10,lambda,1.3392556715303137,1.2884885449768475,1.39145748422476
LA1322,shade,high,pseudohypo,10,gcl,18.19694873309809,17.81025499068415,18.572886870711894
LA1322,shade,high,pseudohypo,10,gi,0.3332493406399734,0.29569781978937715,0.37553356034785834
LA1322,shade,high,pseudohypo,10,gmax,1.8222316649950765,1.6500273314410063,2.0200119939510186
LA1322,sun,low,amphi,9,tau,162.56611933531542,149.1443790715867,178.20535474055308
LA1322,sun,low,amphi,9,lambda,1.3482974483666117,1.2985463477039618,1.4001083919348623
LA1322,sun,low,amphi,9,gcl,21.700721299450404,21.253391928028417,22.149570111630347
LA1322,sun,low,amphi,9,gi,0.2751740640138295,0.2434964854643376,0.31088277216134264
LA1322,sun,low,amphi,9,gmax,4.9504242055517995,4.47038430620552,5.50677205203307
LA1322,sun,high,amphi,10,tau,225.03786192298122,206.40720836469646,246.3687360853394
LA1322,sun,high,amphi,10,lambda,1.4897617133424055,1.434861055049204,1.547301629584712
LA1322,sun,high,amphi,10,gcl,21.700721299450404,21.253391928028417,22.149570111630347
LA1322,sun,high,amphi,10,gi,0.5861785118877236,0.5189625338685206,0.6620231965521708
LA1322,sun,high,amphi,10,gmax,4.949734057352781,4.469766857110419,5.508482086921547
LA1322,sun,low,pseudohypo,9,tau,164.067989789537,150.4461264439661,180.05716411285144
LA1322,sun,low,pseudohypo,9,lambda,1.3213167503628809,1.2728036708040784,1.372436268699746
LA1322,sun,low,pseudohypo,9,gcl,20.41329930389872,19.981315741397562,20.82466390802864
LA1322,sun,low,pseudohypo,9,gi,0.2213120425508582,0.19610936047444638,0.2500254822410736
LA1322,sun,low,pseudohypo,9,gmax,3.3127608225645218,2.991469491498529,3.6879600966299217
LA1322,sun,high,pseudohypo,10,tau,227.08656117077285,208.04008528307034,248.83318699304073
LA1322,sun,high,pseudohypo,10,lambda,1.4598218655123423,1.4059714802126702,1.5167770155740905
LA1322,sun,high,pseudohypo,10,gcl,20.41329930389872,19.981315741397562,20.82466390802864
LA1322,sun,high,pseudohypo,10,gi,0.4711860025733183,0.41757547249937715,0.5307006073590539
LA1322,sun,high,pseudohypo,10,gmax,3.3137204627854135,2.9885790138849293,3.689528869366531
LA1358,shade,low,amphi,9,tau,131.16363100580202,118.1321840012053,145.80170165948903
LA1358,shade,low,amphi,9,lambda,1.1160249832324909,1.0728416313539588,1.1620041631819662
LA1358,shade,low,amphi,9,gcl,17.59696967916995,17.170317848240558,18.021115991347983
LA1358,shade,low,amphi,9,gi,0.16399023132884927,0.1436520552377821,0.18645373685572547
LA1358,shade,low,amphi,9,gmax,2.5394959633685046,2.2532358774824397,2.8442043313026293
LA1358,shade,high,amphi,8,tau,181.51608812147896,163.40833811096925,201.5165591248214
LA1358,shade,high,amphi,8,lambda,1.2335078124962942,1.1841161483675986,1.283613112124575
LA1358,shade,high,amphi,8,gcl,17.59696967916995,17.170317848240558,18.021115991347983
LA1358,shade,high,amphi,8,gi,0.349345717688244,0.30551774069860915,0.39640771918278467
LA1358,shade,high,amphi,8,gmax,2.539790946752245,2.255585071485108,2.846066108827111
LA1358,shade,low,pseudohypo,9,tau,132.4437021446554,119.25217925133015,147.50828211915692
LA1358,shade,low,pseudohypo,9,lambda,1.0940499122087217,1.0514798794785845,1.1394323617196405
LA1358,shade,low,pseudohypo,9,gcl,16.550509490935326,16.150450796902515,16.944810548519975
LA1358,shade,low,pseudohypo,9,gi,0.13189595589705283,0.11551967725635678,0.1495420154703903
LA1358,shade,low,pseudohypo,9,gmax,1.6995120908739791,1.51012708414369,1.9036713205051166
LA1358,shade,high,pseudohypo,8,tau,183.1805353608717,164.99431725517738,203.81551600301808
LA1358,shade,high,pseudohypo,8,lambda,1.2091397798494457,1.1610452505654931,1.2598659273304416
LA1358,shade,high,pseudohypo,8,gcl,16.550509490935326,16.150450796902515,16.944810548519975
LA1358,shade,high,pseudohypo,8,gi,0.281038783668416,0.24634654407670079,0.3188417891445657
LA1358,shade,high,pseudohypo,8,gmax,1.6997747290702148,1.5106490601322093,1.9042882552657128
LA1358,sun,low,amphi,8,tau,131.02416872048673,118.167376880867,145.8539032490121
LA1358,sun,low,amphi,8,lambda,1.2161606327223466,1.1704299795262059,1.2691250599309571
LA1358,sun,low,amphi,8,gcl,19.74370967020848,19.2753407416547,20.21996348099781
LA1358,sun,low,amphi,8,gi,0.2319556974426031,0.20282400544518478,0.26317730424991875
LA1358,sun,low,amphi,8,gmax,4.616058544264687,4.113943629305985,5.189082114703549
LA1358,sun,high,amphi,10,tau,181.52903136550782,163.50270925546147,201.7571322213999
LA1358,sun,high,amphi,10,lambda,1.3450390470791604,1.2910497357536443,1.40129562901587
LA1358,sun,high,amphi,10,gcl,19.74370967020848,19.2753407416547,20.21996348099781
LA1358,sun,high,amphi,10,gi,0.4943384104159929,0.4325437230770804,0.5598620086178888
LA1358,sun,high,amphi,10,gmax,4.612844999688744,4.1128017929851834,5.188875022140821
LA1358,sun,low,pseudohypo,8,tau,132.34680120188054,119.25355581437121,147.2753520533122
LA1358,sun,low,pseudohypo,8,lambda,1.192664590355844,1.1463503162867352,1.2421124362392764
LA1358,sun,low,pseudohypo,8,gcl,18.564482115587836,18.117489519458672,19.010042525411148
LA1358,sun,low,pseudohypo,8,gi,0.18658239681261912,0.16295993105385267,0.21118742541547886
LA1358,sun,low,pseudohypo,8,gmax,3.091545404060924,2.756262230161562,3.468366982070024
LA1358,sun,high,pseudohypo,10,tau,183.2742684539504,164.99610454633108,203.71002663099978
LA1358,sun,high,pseudohypo,10,lambda,1.3190139397055767,1.2646694587843064,1.3732020261935793
LA1358,sun,high,pseudohypo,10,gcl,18.564482115587836,18.117489519458672,19.010042525411148
LA1358,sun,high,pseudohypo,10,gi,0.39749473053155854,0.348417260426164,0.4500126258069923
LA1358,sun,high,pseudohypo,10,gmax,3.0918124206200357,2.754615767865587,3.466171272503401
LA1360,sun,low,amphi,9,tau,131.66003281519482,119.09858522373527,145.54609082187267
LA1360,sun,low,amphi,9,lambda,1.1952780947269523,1.1481978174575715,1.245837317863312
LA1360,sun,low,amphi,9,gcl,20.281318567891468,19.840524675405625,20.73594144131047
LA1360,sun,low,amphi,9,gi,0.27341878013345555,0.2414263218909959,0.30905934285154746
LA1360,sun,low,amphi,9,gmax,4.590188494871236,4.098631160662624,5.144261255037648
LA1360,sun,high,amphi,9,tau,182.00959920415366,165.17246346320513,200.94529484848462
LA1360,sun,high,amphi,9,lambda,1.3205054759412995,1.2680825191735101,1.3750809848502716
LA1360,sun,high,amphi,9,gcl,20.281318567891468,19.840524675405625,20.73594144131047
LA1360,sun,high,amphi,9,gi,0.5818866041292695,0.5138686474573786,0.6551304375501124
LA1360,sun,high,amphi,9,gmax,4.591626101946362,4.097345202638364,5.146380080693277
LA1360,sun,low,pseudohypo,9,tau,132.87670314289142,120.23127356547414,146.91964960551334
LA1360,sun,low,pseudohypo,9,lambda,1.1714909437712022,1.125759646342353,1.2207467312487073
LA1360,sun,low,pseudohypo,9,gcl,19.073764034016296,18.685492718502744,19.48511100337662
LA1360,sun,low,pseudohypo,9,gi,0.2198247451607779,0.19426610221387472,0.24921764870572868
LA1360,sun,low,pseudohypo,9,gmax,3.0751790140032025,2.745208145425834,3.4405332499770194
LA1360,sun,high,pseudohypo,9,tau,183.88540921973828,166.8866553070326,203.0397917183547
LA1360,sun,high,pseudohypo,9,lambda,1.2943335927615638,1.2445689415616223,1.3485646500711457
LA1360,sun,high,pseudohypo,9,gcl,19.073764034016296,18.685492718502744,19.48511100337662
LA1360,sun,high,pseudohypo,9,gi,0.4680373738964184,0.4136484095760753,0.5285859665495173
LA1360,sun,high,pseudohypo,9,gmax,3.0763675158462798,2.7431795805275585,3.4462177195638333
LA1360,shade,low,amphi,10,tau,131.63506176767618,119.45060729728917,145.22326338341475
LA1360,shade,low,amphi,10,lambda,1.095694976724114,1.053640436201241,1.141435784151493
LA1360,shade,low,amphi,10,gcl,18.077734470908172,17.69106505206761,18.474015098429167
LA1360,shade,low,amphi,10,gi,0.19320995675165523,0.17023736975339185,0.21953761198814528
LA1360,shade,low,amphi,10,gmax,2.529482162155741,2.260704813463517,2.8196125367023313
LA1360,shade,high,amphi,10,tau,181.97440541899877,165.2919609389868,200.6444231279685
LA1360,shade,high,amphi,10,lambda,1.2115991726878657,1.164253875579634,1.26103889065211
LA1360,shade,high,amphi,10,gcl,18.077734470908172,17.69106505206761,18.474015098429167
LA1360,shade,high,amphi,10,gi,0.4118258408029952,0.3621635283218499,0.46756018782710357
LA1360,shade,high,amphi,10,gmax,2.527775435891992,2.2619283129663534,2.8174561448569757
LA1360,shade,low,pseudohypo,10,tau,132.9745054972899,120.4734933253498,146.8911162942109
LA1360,shade,low,pseudohypo,10,lambda,1.0744741653954164,1.0320913820994468,1.1198361162034043
LA1360,shade,low,pseudohypo,10,gcl,17.004802931741658,16.64964730101724,17.37743358384317
LA1360,shade,low,pseudohypo,10,gi,0.15547444020428136,0.1370704014051273,0.17611535862454636
LA1360,shade,low,pseudohypo,10,gmax,1.6919149878765465,1.5138806554931998,1.8912575945746752
LA1360,shade,high,pseudohypo,10,tau,183.83050033499399,166.6298285676576,203.26575635732573
LA1360,shade,high,pseudohypo,10,lambda,1.1875938588089439,1.1407581934015998,1.2359161413000088
LA1360,shade,high,pseudohypo,10,gcl,17.004802931741658,16.64964730101724,17.37743358384317
LA1360,shade,high,pseudohypo,10,gi,0.33125948504286,0.2917847078582071,0.37475858253824507
LA1360,shade,high,pseudohypo,10,gmax,1.6917414198376086,1.5144925137194432,1.891685057658845
LA1364,shade,low,amphi,10,tau,146.51300970552822,131.55621841012186,163.7790875844347
LA1364,shade,low,amphi,10,lambda,1.173204040695864,1.1241497410329113,1.2241517770413528
LA1364,shade,low,amphi,10,gcl,17.47473143543144,17.05520821692966,17.91025204432084
LA1364,shade,low,amphi,10,gi,0.19268419299751435,0.16836568965057103,0.22081795975322543
LA1364,shade,low,amphi,10,gmax,2.7828611177287255,2.478080319132959,3.1347165250345386
LA1364,shade,high,amphi,10,tau,202.72100567648673,182.22444599692594,226.24534690117383
LA1364,shade,high,amphi,10,lambda,1.2964050794795536,1.2430504406889915,1.353854156532325
LA1364,shade,high,amphi,10,gcl,17.47473143543144,17.05520821692966,17.91025204432084
LA1364,shade,high,amphi,10,gi,0.4103511021631781,0.3595892598863838,0.46870571696842134
LA1364,shade,high,amphi,10,gmax,2.7840158167223996,2.4800627029813715,3.1340172703578397
LA1364,shade,low,pseudohypo,10,tau,147.85047324289576,132.9573449994183,165.44102110628015
LA1364,shade,low,pseudohypo,10,lambda,1.1496244402646028,1.1025702315814925,1.1998767602572065
LA1364,shade,low,pseudohypo,10,gcl,16.439413716849383,16.037275582630105,16.833296113389718
LA1364,shade,low,pseudohypo,10,gi,0.15486131292778005,0.13535923802337563,0.17746617115456645
LA1364,shade,low,pseudohypo,10,gmax,1.8640938333939217,1.6605978981246237,2.097966284924997
LA1364,shade,high,pseudohypo,10,tau,204.6826235992024,184.05559651662915,228.44326650948136
LA1364,shade,high,pseudohypo,10,lambda,1.2703536607957107,1.217568761864137,1.325577593316481
LA1364,shade,high,pseudohypo,10,gcl,16.439413716849383,16.037275582630105,16.833296113389718
LA1364,shade,high,pseudohypo,10,gi,0.32996194016707453,0.2897951173590343,0.3771389207987873
LA1364,shade,high,pseudohypo,10,gmax,1.864595236492968,1.6593769145601573,2.098520355839352
LA1364,sun,low,amphi,5,tau,146.6015185334225,131.63408096337244,164.01266274422497
LA1364,sun,low,amphi,5,lambda,1.2788659096734962,1.2258305308462807,1.3358827148036814
LA1364,sun,low,amphi,5,gcl,19.605106986849268,19.115948525634025,20.10051464216376
LA1364,sun,low,amphi,5,gi,0.27230560189557157,0.23721248885149665,0.31230177978500295
LA1364,sun,low,amphi,5,gmax,5.0636822956604,4.507930900598135,5.692481729348546
LA1364,sun,high,amphi,7,tau,202.91800494971324,182.270908239632,226.4803868760814
LA1364,sun,high,amphi,7,lambda,1.4126010351683114,1.3536065052456958,1.4764418829129504
LA1364,sun,high,amphi,7,gcl,19.605106986849268,19.115948525634025,20.10051464216376
LA1364,sun,high,amphi,7,gi,0.5804068133394001,0.5060524568646593,0.6632586312860945
LA1364,sun,high,amphi,7,gmax,5.061962574707396,4.5091897913823376,5.690424890235798
LA1364,sun,low,pseudohypo,7,tau,148.06736493763583,133.2846117355891,165.47442112146967
LA1364,sun,low,pseudohypo,7,lambda,1.253289174100622,1.2020525268505848,1.310510376505018
LA1364,sun,low,pseudohypo,7,gcl,18.44188665273744,17.979065648296018,18.896431443735395
LA1364,sun,low,pseudohypo,7,gi,0.21914272316120118,0.19115785851766096,0.2510976359588907
LA1364,sun,low,pseudohypo,7,gmax,3.390326334080965,3.0192515142943557,3.8153147267084493
LA1364,sun,high,pseudohypo,8,tau,205.13035528739658,184.43325166577856,228.88314190111933
LA1364,sun,high,pseudohypo,8,lambda,1.3849806744512956,1.326570441294555,1.4490331183076384
LA1364,sun,high,pseudohypo,8,gcl,18.44188665273744,17.979065648296018,18.896431443735395
LA1364,sun,high,pseudohypo,8,gi,0.46715266731413774,0.40769390657435367,0.5331624210137837
LA1364,sun,high,pseudohypo,8,gmax,3.390007470068633,3.016876337689851,3.8126068708537755
LA1589,shade,low,amphi,10,tau,106.29647897951888,96.12792715225943,117.16437151472186
LA1589,shade,low,amphi,10,lambda,1.0780040187211783,1.0347625255398976,1.120449055467082
LA1589,shade,low,amphi,10,gcl,18.117686910129336,17.71817642994811,18.530959530668206
LA1589,shade,low,amphi,10,gi,0.1884849173327956,0.167132274935779,0.21330329847107174
LA1589,shade,low,amphi,10,gmax,2.705492520383273,2.4400518521598547,3.0089651529790764
LA1589,shade,high,amphi,10,tau,147.10823808789522,133.09249048580526,161.93441033573296
LA1589,shade,high,amphi,10,lambda,1.190820382039204,1.144297946465089,1.238110387972052
LA1589,shade,high,amphi,10,gcl,18.117686910129336,17.71817642994811,18.530959530668206
LA1589,shade,high,amphi,10,gi,0.4012335556225025,0.3564916594508708,0.4532978834725979
LA1589,shade,high,amphi,10,gmax,2.706411352466893,2.441157088034801,3.0072533075932593
LA1589,shade,low,pseudohypo,10,tau,107.29945350559971,96.91949121357679,118.16877515625669
LA1589,shade,low,pseudohypo,10,lambda,1.0570033710685531,1.015172226637455,1.0983583120938287
LA1589,shade,low,pseudohypo,10,gcl,17.038582639354264,16.65007365016495,17.44139599927804
LA1589,shade,low,pseudohypo,10,gi,0.15162446904322222,0.1345028474476284,0.17205189987496275
LA1589,shade,low,pseudohypo,10,gmax,1.8101133569846728,1.6333379274312079,2.0118350564372625
LA1589,shade,high,pseudohypo,10,tau,148.40835260661035,133.9799701144449,163.47435553353216
LA1589,shade,high,pseudohypo,10,lambda,1.1673272072047134,1.1215826371215294,1.2131154353588711
LA1589,shade,high,pseudohypo,10,gcl,17.038582639354264,16.65007365016495,17.44139599927804
LA1589,shade,high,pseudohypo,10,gi,0.32241798070091754,0.2868198520600234,0.36554434154649734
LA1589,shade,high,pseudohypo,10,gmax,1.811679564936709,1.6337160876253485,2.0121570559433684
LA1589,sun,low,amphi,6,tau,106.30532459434401,95.89719353251782,117.03190487963933
LA1589,sun,low,amphi,6,lambda,1.1759513551114997,1.1294462054133008,1.2221682569236434
LA1589,sun,low,amphi,6,gcl,20.33224370925736,19.868811826888116,20.784185221582657
LA1589,sun,low,amphi,6,gi,0.2669858748940076,0.2358972930791919,0.3029409404811914
LA1589,sun,low,amphi,6,gmax,4.912838036479124,4.439248994790519,5.461274081347541
LA1589,sun,high,amphi,9,tau,147.05365399716072,132.3274791686328,161.43485647526884
LA1589,sun,high,amphi,9,lambda,1.2991684879449692,1.2477744709245329,1.3500039111082922
LA1589,sun,high,amphi,9,gcl,20.33224370925736,19.868811826888116,20.784185221582657
LA1589,sun,high,amphi,9,gi,0.5680378870117626,0.5028669988809713,0.6441682362538844
LA1589,sun,high,amphi,9,gmax,4.912885869134797,4.439891960680459,5.460340093196687
LA1589,sun,low,pseudohypo,6,tau,107.4458183026638,96.48884433001201,118.18056153875165
LA1589,sun,low,pseudohypo,6,lambda,1.1527621979914824,1.1071709367607463,1.1986875755123028
LA1589,sun,low,pseudohypo,6,gcl,19.119475868267447,18.68919290121597,19.55963155113077
LA1589,sun,low,pseudohypo,6,gi,0.21466314531340053,0.19027249414159303,0.24359951271434924
LA1589,sun,low,pseudohypo,6,gmax,3.2900800868874907,2.9718420048574146,3.6609794630993027
LA1589,sun,high,pseudohypo,9,tau,148.47316432941662,133.74597123532627,163.31613415758414
LA1589,sun,high,pseudohypo,9,lambda,1.2731832398122431,1.2224037629140563,1.3225271566692423
LA1589,sun,high,pseudohypo,9,gcl,19.119475868267447,18.68919290121597,19.55963155113077
LA1589,sun,high,pseudohypo,9,gi,0.4566902995626451,0.4054113625945848,0.5180518105150635
LA1589,sun,high,pseudohypo,9,gmax,3.290260351497156,2.9747380234422556,3.656473561109162
LA1777,shade,low,amphi,9,tau,120.99659038345138,108.28591921153905,134.53620051781806
LA1777,shade,low,amphi,9,lambda,1.050278353840559,1.0074612103589258,1.094689830065518
LA1777,shade,low,amphi,9,gcl,16.17309689050715,15.789901226081565,16.578956779310793
LA1777,shade,low,amphi,9,gi,0.15468984356727405,0.13494331236329132,0.17627295236659624
LA1777,shade,low,amphi,9,gmax,3.7203282141378455,3.306996708297652,4.1770825722114555
LA1777,shade,high,amphi,10,tau,167.45532969242333,149.8639880283648,186.0263792353411
LA1777,shade,high,amphi,10,lambda,1.1607812788261889,1.1123913652834039,1.2094724003527504
LA1777,shade,high,amphi,10,gcl,16.17309689050715,15.789901226081565,16.578956779310793
LA1777,shade,high,amphi,10,gi,0.3292371992915842,0.2887423692312768,0.37405093957596236
LA1777,shade,high,amphi,10,gmax,3.7184351210659083,3.3037684190064733,4.170757112786865
LA1777,shade,low,pseudohypo,9,tau,122.1000614685369,109.52321395651589,135.81775346287782
LA1777,shade,low,pseudohypo,9,lambda,1.029728757321151,0.9858386369169102,1.0717253403488651
LA1777,shade,low,pseudohypo,9,gcl,15.209509023478518,14.842933273775555,15.58080473997231
LA1777,shade,low,pseudohypo,9,gi,0.12432615528067711,0.10871498093493637,0.14193331770517803
LA1777,shade,low,pseudohypo,9,gmax,2.4915780543383566,2.2199674849266695,2.7973676511567582
LA1777,shade,high,pseudohypo,10,tau,168.88433845025278,151.49263403559522,187.8569929110156
LA1777,shade,high,pseudohypo,10,lambda,1.1381734426375567,1.0896743976849737,1.185655398018129
LA1777,shade,high,pseudohypo,10,gcl,15.209509023478518,14.842933273775555,15.58080473997231
LA1777,shade,high,pseudohypo,10,gi,0.26463130883499436,0.23171358861150052,0.3014698727580292
LA1777,shade,high,pseudohypo,10,gmax,2.4899929994330665,2.2166568467339376,2.792430265824279
LA1777,sun,low,amphi,9,tau,120.87726353484548,108.6464538926022,134.33992721967377
LA1777,sun,low,amphi,9,lambda,1.1453033846572538,1.0967155554172114,1.1922389080898417
LA1777,sun,low,amphi,9,gcl,18.145524177336597,17.70859695347262,18.59101491746008
LA1777,sun,low,amphi,9,gi,0.21847186708408753,0.1909168622219242,0.24886958827763264
LA1777,sun,low,amphi,9,gmax,6.774380801659358,6.022083834414016,7.569463689190887
LA1777,sun,high,amphi,10,tau,167.21636326959447,150.28876765211447,185.98514832421145
LA1777,sun,high,amphi,10,lambda,1.2650883133974868,1.2122490041888394,1.3192837951279008
LA1777,sun,high,amphi,10,gcl,18.145524177336597,17.70859695347262,18.59101491746008
LA1777,sun,high,amphi,10,gi,0.46486920977940915,0.4071590216966702,0.5307168786900979
LA1777,sun,high,amphi,10,gmax,6.771977110875823,6.0137040096827965,7.576038042287996
LA1777,sun,high,pseudohypo,10,tau,168.8478800263324,151.92916081062342,187.5599253723927
LA1777,sun,high,pseudohypo,10,lambda,1.2405090234343505,1.1897801138912243,1.2927670606683586
LA1777,sun,high,pseudohypo,10,gcl,17.066775349639233,16.649847659416494,17.483841306301326
LA1777,sun,high,pseudohypo,10,gi,0.3743343224774586,0.32827901788804004,0.42694634686748945
LA1777,sun,high,pseudohypo,10,gmax,4.529886726320299,4.03126688971535,5.075738514122617
LA1777,sun,low,pseudohypo,8,tau,122.06746925636155,109.76189029719173,135.6842963886012
LA1777,sun,low,pseudohypo,8,lambda,1.122839078075368,1.0752762676082674,1.1699364887232464
LA1777,sun,low,pseudohypo,8,gcl,17.066775349639233,16.649847659416494,17.483841306301326
LA1777,sun,low,pseudohypo,8,gi,0.17591740084265328,0.15366162544215484,0.20004424418996933
LA1777,sun,low,pseudohypo,8,gmax,4.533553783251587,4.030081719320406,5.0648241715230355
LA1782,sun,low,amphi,8,tau,129.82903871191886,116.68725226757972,144.47081092317705
LA1782,sun,low,amphi,8,lambda,1.2397428381078077,1.1889107580755087,1.2904817055906228
LA1782,sun,low,amphi,8,gcl,17.981608966554397,17.519507563814145,18.439595412795963
LA1782,sun,low,amphi,8,gi,0.25179342101070085,0.22150540310918487,0.2885556852917808
LA1782,sun,low,amphi,8,gmax,4.69945442151771,4.1871906838201305,5.286942827136228
LA1782,sun,high,amphi,10,tau,179.60699316106232,161.6104910773227,199.71767327964906
LA1782,sun,high,amphi,10,lambda,1.368965297139422,1.313399120307484,1.4258992844715352
LA1782,sun,high,amphi,10,gcl,17.981608966554397,17.519507563814145,18.439595412795963
LA1782,sun,high,amphi,10,gi,0.5359900527423789,0.4717044527236954,0.6161100125190632
LA1782,sun,high,amphi,10,gmax,4.701166429430969,4.191433510675784,5.284198115739918
LA1782,sun,low,pseudohypo,8,tau,131.14469088107944,117.95044915165633,146.14374789825993
LA1782,sun,low,pseudohypo,8,lambda,1.2151140857995597,1.1665511830881952,1.2647861145249262
LA1782,sun,low,pseudohypo,8,gcl,16.914356465290876,16.471001151314073,17.346934159946013
LA1782,sun,low,pseudohypo,8,gi,0.20239032074874033,0.17763659197966775,0.23216552237637675
LA1782,sun,low,pseudohypo,8,gmax,3.1462573818430135,2.8038505025290266,3.5484901845684034
LA1782,sun,high,pseudohypo,10,tau,181.33397159675025,162.98494162859888,201.80237334888244
LA1782,sun,high,pseudohypo,10,lambda,1.3424143314551689,1.2891313958571322,1.3983404327730604
LA1782,sun,high,pseudohypo,10,gcl,16.914356465290876,16.471001151314073,17.346934159946013
LA1782,sun,high,pseudohypo,10,gi,0.43063061547885934,0.37959649914427335,0.4946789378444177
LA1782,sun,high,pseudohypo,10,gmax,3.146089585399565,2.80519432946121,3.5459374295841664
LA1782,shade,low,amphi,10,tau,129.76132312545772,116.88206122179508,144.6466571930967
LA1782,shade,low,amphi,10,lambda,1.1370411146291342,1.0908157964769496,1.1845515441182413
LA1782,shade,low,amphi,10,gcl,16.02895615042641,15.615756413447997,16.434563019437196
LA1782,shade,low,amphi,10,gi,0.17814371931315703,0.15552325945225484,0.20386228362537062
LA1782,shade,low,amphi,10,gmax,2.585367480092646,2.3088297068304535,2.903438961878262
LA1782,shade,high,amphi,10,tau,179.6916616522833,161.52438775014426,199.98891308613798
LA1782,shade,high,amphi,10,lambda,1.2563022476723031,1.203991079943686,1.3081005577610691
LA1782,shade,high,amphi,10,gcl,16.02895615042641,15.615756413447997,16.434563019437196
LA1782,shade,high,amphi,10,gi,0.3791933049423056,0.3317103325426649,0.43521262217566187
LA1782,shade,high,amphi,10,gmax,2.584893719094612,2.3071566194332767,2.9062611283401893
LA1782,shade,low,pseudohypo,10,tau,131.1110065933005,117.76606331811455,145.71944068112535
LA1782,shade,low,pseudohypo,10,lambda,1.1141623706269455,1.069654737137541,1.1608051492767921
LA1782,shade,low,pseudohypo,10,gcl,15.079495912981841,14.681433457677949,15.45255891236228
LA1782,shade,low,pseudohypo,10,gi,0.14329835731107532,0.12516641092590114,0.16416161139421667
LA1782,shade,low,pseudohypo,10,gmax,1.7313633764302296,1.5476587289102581,1.944241172622615
LA1782,shade,high,pseudohypo,10,tau,181.54466934566562,162.91789423619514,201.63034737221125
LA1782,shade,high,pseudohypo,10,lambda,1.231268185373067,1.1816165689914286,1.2825812452747818
LA1782,shade,high,pseudohypo,10,gcl,15.079495912981841,14.681433457677949,15.45255891236228
LA1782,shade,high,pseudohypo,10,gi,0.3050687300453439,0.2667862081746864,0.3494457929999188
LA1782,shade,high,pseudohypo,10,gmax,1.7308272596334333,1.5480057255555637,1.9447870102286917
LA2133,shade,low,amphi,9,tau,151.20676562012193,137.87893565830888,165.275691120029
LA2133,shade,low,amphi,9,lambda,1.2431015454716396,1.1939755784962829,1.2929552325765312
LA2133,shade,low,amphi,9,gcl,18.474480370510904,18.08192063004573,18.8867031003234
LA2133,shade,low,amphi,9,gi,0.17969182090570698,0.1581078407001636,0.20285539465696073
LA2133,shade,low,amphi,9,gmax,2.532940388903308,2.276972167961055,2.8059928686645317
LA2133,shade,high,amphi,10,tau,209.36354165050457,190.81322199486263,228.233818530427
LA2133,shade,high,amphi,10,lambda,1.373375597405885,1.3189375194708497,1.4300341673240173
LA2133,shade,high,amphi,10,gcl,18.474480370510904,18.08192063004573,18.8867031003234
LA2133,shade,high,amphi,10,gi,0.38233235380456976,0.33786373405359615,0.4325711443634899
LA2133,shade,high,amphi,10,gmax,2.5319746211494922,2.27818274286855,2.8057279452742274
LA2133,shade,low,pseudohypo,9,tau,152.69030749061224,139.27653438727327,166.95240459441985
LA2133,shade,low,pseudohypo,9,lambda,1.2185521200181042,1.1713522827315364,1.2687674984034236
LA2133,shade,low,pseudohypo,9,gcl,17.380851473796014,17.01476418329881,17.775117869494352
LA2133,shade,low,pseudohypo,9,gi,0.14462636988990266,0.12741597577282554,0.16308217067220887
LA2133,shade,low,pseudohypo,9,gmax,1.6960637440524475,1.5244701059515766,1.8767976319264337
LA2133,shade,high,pseudohypo,10,tau,211.2843884080874,192.5654406046293,230.50948196802122
LA2133,shade,high,pseudohypo,10,lambda,1.3461437691365707,1.293431533197773,1.40212999318271
LA2133,shade,high,pseudohypo,10,gcl,17.380851473796014,17.01476418329881,17.775117869494352
LA2133,shade,high,pseudohypo,10,gi,0.307584678933431,0.27158835200412557,0.34715227876529287
LA2133,shade,high,pseudohypo,10,gmax,1.6949506541283665,1.5249262032774453,1.8748864163969388
LA2133,sun,high,amphi,11,tau,209.1880965285463,190.76772640453802,228.94793260946355
LA2133,sun,high,amphi,11,lambda,1.4967860641575095,1.4384467954634481,1.5586231765523149
LA2133,sun,high,amphi,11,gcl,20.728012093551804,20.281491099774257,21.201620340544196
LA2133,sun,high,amphi,11,gi,0.5402612276435669,0.47873510607371594,0.6121608282715576
LA2133,sun,high,amphi,11,gmax,4.59806427777191,4.146742282235669,5.102754046944076
LA2133,sun,high,pseudohypo,11,tau,211.18831332475597,192.42025785673187,231.1953495321617
LA2133,sun,high,pseudohypo,11,lambda,1.467344253616276,1.4115120066513103,1.529559473234261
LA2133,sun,high,pseudohypo,11,gcl,19.50118092514795,19.082077771813783,19.93683024104169
LA2133,sun,high,pseudohypo,11,gi,0.4344733152531751,0.3841549427817078,0.492730386882772
LA2133,sun,high,pseudohypo,11,gmax,3.080814213462058,2.775734384641806,3.415448382870059
LA2133,sun,low,amphi,8,tau,151.12448465351838,137.62490365404352,165.71043639028187
LA2133,sun,low,amphi,8,lambda,1.3549091158594648,1.3018421730905216,1.4110163242009521
LA2133,sun,low,amphi,8,gcl,20.728012093551804,20.281491099774257,21.201620340544196
LA2133,sun,low,amphi,8,gi,0.25382567144285356,0.224096863299912,0.2876800524013143
LA2133,sun,low,amphi,8,gmax,4.599634082277434,4.145308894029368,5.1087743237421055
LA2133,sun,low,pseudohypo,8,tau,152.6192580155606,139.2055124691745,167.3941295842739
LA2133,sun,low,pseudohypo,8,lambda,1.3283789303814895,1.27682945569666,1.382260745657781
LA2133,sun,low,pseudohypo,8,gcl,19.50118092514795,19.082077771813783,19.93683024104169
LA2133,sun,low,pseudohypo,8,gi,0.20417541728059121,0.17973333402119965,0.2312596211169513
LA2133,sun,low,pseudohypo,8,gmax,3.080332462868856,2.7739576123066194,3.4154172317320524
LA2172,sun,low,amphi,10,tau,148.6833236895431,135.25988960079704,163.95719963598802
LA2172,sun,low,amphi,10,lambda,1.3073054351210622,1.2562751922297184,1.3614393766624135
LA2172,sun,low,amphi,10,gcl,21.278072833778715,20.79975023234836,21.761084327538523
LA2172,sun,low,amphi,10,gi,0.25130246072470763,0.21991712704989405,0.285147266723341
LA2172,sun,low,amphi,10,gmax,5.036380541173856,4.527745387775816,5.6282687505801805
LA2172,sun,high,amphi,10,tau,205.72580551150355,187.2087671809393,225.73010357170241
LA2172,sun,high,amphi,10,lambda,1.4449410434304468,1.3894123534883758,1.502932299140409
LA2172,sun,high,amphi,10,gcl,21.278072833778715,20.79975023234836,21.761084327538523
LA2172,sun,high,amphi,10,gi,0.5352910667648146,0.46790357588558995,0.6082821967037052
LA2172,sun,high,amphi,10,gmax,5.03597224752601,4.524322414749266,5.620049909864647
LA2172,sun,low,pseudohypo,10,tau,150.22685444139316,136.87793073562258,165.0552638386885
LA2172,sun,low,pseudohypo,10,lambda,1.2819396948086066,1.2322748286504095,1.3332817501451737
LA2172,sun,low,pseudohypo,10,gcl,20.00920930855363,19.575434448713093,20.478548146669524
LA2172,sun,low,pseudohypo,10,gi,0.2023271583084664,0.17626182716656774,0.22852625324419265
LA2172,sun,low,pseudohypo,10,gmax,3.374438146989757,3.0298299286649626,3.7616949084323164
LA2172,sun,high,pseudohypo,10,tau,207.76880532511794,189.23300416776266,227.79084868888603
LA2172,sun,high,pseudohypo,10,lambda,1.4162671348239944,1.3616856754297944,1.4719442165177294
LA2172,sun,high,pseudohypo,10,gcl,20.00920930855363,19.575434448713093,20.478548146669524
LA2172,sun,high,pseudohypo,10,gi,0.43051960438934356,0.37635708551466157,0.4872318400872631
LA2172,sun,high,pseudohypo,10,gmax,3.3715908091786364,3.028438624890659,3.75930936605711
LA2172,shade,low,amphi,10,tau,148.73549304953204,134.96562943863188,163.85506117607372
LA2172,shade,low,amphi,10,lambda,1.1994534661877325,1.1526608108678318,1.245249466094736
LA2172,shade,low,amphi,10,gcl,18.964896609912866,18.5497297279413,19.376348586855592
LA2172,shade,low,amphi,10,gi,0.17774081728093613,0.15511963338792353,0.2014137684561019
LA2172,shade,low,amphi,10,gmax,2.773668213679173,2.4981176489945884,3.077104398719631
LA2172,shade,high,amphi,10,tau,205.77051961091522,186.7563867146635,226.37318262667446
LA2172,shade,high,amphi,10,lambda,1.3250574025420696,1.2736812200089331,1.3762269330988428
LA2172,shade,high,amphi,10,gcl,18.964896609912866,18.5497297279413,19.376348586855592
LA2172,shade,high,amphi,10,gi,0.3783259130540796,0.33025607700422693,0.42805433690841554
LA2172,shade,high,amphi,10,gmax,2.77297246415343,2.494024597843881,3.07803372326311
LA2172,shade,low,pseudohypo,10,tau,150.05196170218247,136.53013013489286,165.01093460386292
LA2172,shade,low,pseudohypo,10,lambda,1.1749772549550903,1.129326784284917,1.221136687310804
LA2172,shade,low,pseudohypo,10,gcl,17.835006593407115,17.44365776776769,18.24208980817804
LA2172,shade,low,pseudohypo,10,gi,0.1427946965174321,0.12478920040718927,0.16196986254402856
LA2172,shade,low,pseudohypo,10,gmax,1.8562045520035335,1.6747416652442828,2.0619261498393
LA2172,shade,high,pseudohypo,10,tau,207.67449577257884,188.78389506874154,228.46344074723203
LA2172,shade,high,pseudohypo,10,lambda,1.2983146689941087,1.2481160499306205,1.350042176178928
LA2172,shade,high,pseudohypo,10,gcl,17.835006593407115,17.44365776776769,18.24208980817804
LA2172,shade,high,pseudohypo,10,gi,0.3041547326763414,0.2658516131844994,0.3437114819693504
LA2172,shade,high,pseudohypo,10,gmax,1.8556849245063138,1.675682964634616,2.06242031693336
LA2744,sun,low,amphi,9,tau,157.17734384808716,142.191763049717,174.64445474989225
LA2744,sun,low,amphi,9,lambda,1.2302360278813764,1.182575731740701,1.2819173003249735
LA2744,sun,low,amphi,9,gcl,22.568292636646557,22.054700233633202,23.11229966661245
LA2744,sun,low,amphi,9,gi,0.3209438693966142,0.28074585573625793,0.36778404547515564
LA2744,sun,low,amphi,9,gmax,5.679470795010737,5.050762819291938,6.407997459446005
LA2744,sun,high,amphi,8,tau,217.58923430821858,197.04339627351828,242.42731986036864
LA2744,sun,high,amphi,8,lambda,1.3594395645652277,1.3058422940666419,1.41516792769815
LA2744,sun,high,amphi,8,gcl,22.568292636646557,22.054700233633202,23.11229966661245
LA2744,sun,high,amphi,8,gi,0.6840384168167559,0.5973296891513911,0.781209804164185
LA2744,sun,high,amphi,8,gmax,5.676358251206477,5.059187051016858,6.399533807713735
LA2744,sun,low,pseudohypo,9,tau,158.65301430865864,143.7338652811956,175.70587199606103
LA2744,sun,low,pseudohypo,9,lambda,1.2054239974302514,1.1583512303488097,1.255195447068571
LA2744,sun,low,pseudohypo,9,gcl,21.227578469904493,20.747139878695705,21.72790042501317
LA2744,sun,low,pseudohypo,9,gi,0.25771773629067796,0.22642065138459871,0.29611451179453485
LA2744,sun,low,pseudohypo,9,gmax,3.8025118143808685,3.38734462386535,4.292280632179863
LA2744,sun,high,pseudohypo,8,tau,219.43713095644736,198.96817365244655,244.3873176618674
LA2744,sun,high,pseudohypo,8,lambda,1.3320564767267942,1.279449880063045,1.387315446896867
LA2744,sun,high,pseudohypo,8,gcl,21.227578469904493,20.747139878695705,21.72790042501317
LA2744,sun,high,pseudohypo,8,gi,0.5491206833377602,0.4816403153903143,0.6287246494482537
LA2744,sun,high,pseudohypo,8,gmax,3.801459563901508,3.3872856682032952,4.284147593526666
LA2744,shade,low,amphi,10,tau,157.263288630274,142.51844618878505,174.17229979055327
LA2744,shade,low,amphi,10,lambda,1.1285519642862307,1.0839667594318434,1.1746379469500408
LA2744,shade,low,amphi,10,gcl,20.116683084379282,19.6487810781025,20.584070627850515
LA2744,shade,low,amphi,10,gi,0.22683617581296395,0.19873690650260575,0.25887113383853755
LA2744,shade,low,amphi,10,gmax,3.1226421425027655,2.788408786038873,3.523878335352079
LA2744,shade,high,amphi,9,tau,217.32362315030772,197.17215281733402,241.55039781845937
LA2744,shade,high,amphi,9,lambda,1.246567717548654,1.1966907795599968,1.2983182204033075
LA2744,shade,high,amphi,9,gcl,20.116683084379282,19.6487810781025,20.584070627850515
LA2744,shade,high,amphi,9,gi,0.4826670787457223,0.4225339034953309,0.5510361930198631
LA2744,shade,high,amphi,9,gmax,3.123860009332039,2.786605075782996,3.519727322320288
LA2744,shade,low,pseudohypo,10,tau,158.8226980352885,143.7254014330572,175.70828793969767
LA2744,shade,low,pseudohypo,10,lambda,1.1059398412846742,1.0615537037951672,1.151756112385371
LA2744,shade,low,pseudohypo,10,gcl,18.921426852175326,18.47700970873267,19.357899231672608
LA2744,shade,low,pseudohypo,10,gi,0.18233230881036547,0.15991974289042465,0.20882323023445346
LA2744,shade,low,pseudohypo,10,gmax,2.0899517875233515,1.866508829734311,2.361799111231105
LA2744,shade,high,pseudohypo,9,tau,219.577879733594,198.73158033662057,243.85827699231405
LA2744,shade,high,pseudohypo,9,lambda,1.222126553906704,1.1739253916485053,1.2732616936386343
LA2744,shade,high,pseudohypo,9,gcl,18.921426852175326,18.47700970873267,19.357899231672608
LA2744,shade,high,pseudohypo,9,gi,0.38852476066108255,0.34065560882712004,0.44402973134635915
LA2744,shade,high,pseudohypo,9,gmax,2.0902861046816175,1.8655792441699148,2.361078458098254
LA2933,shade,low,amphi,9,tau,112.11189577145034,102.13950276746998,123.02808118415707
LA2933,shade,low,amphi,9,lambda,1.1393265263739025,1.093145557052973,1.1875396369384605
LA2933,shade,low,amphi,9,gcl,17.624859010287064,17.199276909666033,18.049733434083155
LA2933,shade,low,amphi,9,gi,0.16104789617007037,0.14160062984846927,0.18265443715040833
LA2933,shade,low,amphi,9,gmax,2.522513614106394,2.2718287531841614,2.797000912242195
LA2933,shade,high,amphi,10,tau,155.10255282621722,141.01992100365388,170.36370858668946
LA2933,shade,high,amphi,10,lambda,1.2588197889053991,1.209557724051675,1.3127572425178864
LA2933,shade,high,amphi,10,gcl,17.624859010287064,17.199276909666033,18.049733434083155
LA2933,shade,high,amphi,10,gi,0.34325887564466473,0.30102791940769347,0.3885505814973268
LA2933,shade,high,amphi,10,gmax,2.5231294744253607,2.2744747207665235,2.7998286883401287
LA2933,shade,low,pseudohypo,9,tau,113.25684459925279,102.61043937659912,124.35704892732724
LA2933,shade,low,pseudohypo,9,lambda,1.116423854448581,1.0724072967913196,1.1636508690885021
LA2933,shade,low,pseudohypo,9,gcl,16.58198120888983,16.179495827238245,16.977025246031687
LA2933,shade,low,pseudohypo,9,gi,0.12942358820021838,0.11385170941620695,0.14690288706909851
LA2933,shade,low,pseudohypo,9,gmax,1.688630812839563,1.5229327388215377,1.8706365861262677
LA2933,shade,high,pseudohypo,9,tau,156.6250272403125,142.21007160876326,172.0718372162994
LA2933,shade,high,pseudohypo,9,lambda,1.2338799567377818,1.185003080095217,1.2872882889316208
LA2933,shade,high,pseudohypo,9,gcl,16.58198120888983,16.179495827238245,16.977025246031687
LA2933,shade,high,pseudohypo,9,gi,0.276013914273862,0.2426481118702694,0.3126219077255453
LA2933,shade,high,pseudohypo,9,gmax,1.690309245849665,1.5224941560214627,1.869073530448363
LA2933,sun,low,amphi,10,tau,112.22801041116205,101.74573646496233,123.55676954179148
LA2933,sun,low,amphi,10,lambda,1.2419946290257036,1.1924947572226596,1.2945417286860077
LA2933,sun,low,amphi,10,gcl,19.778152757994253,19.288488973028752,20.232681698828255
LA2933,sun,low,amphi,10,gi,0.227850669942016,0.2000873425580754,0.25795298839165715
LA2933,sun,low,amphi,10,gmax,4.58469031109363,4.139632264636404,5.086212439534044
LA2933,sun,high,amphi,10,tau,155.03921074773464,140.84689450079432,171.07207243765075
LA2933,sun,high,amphi,10,lambda,1.3720043956237575,1.319905012512864,1.4299839659163576
LA2933,sun,high,amphi,10,gcl,19.778152757994253,19.288488973028752,20.232681698828255
LA2933,sun,high,amphi,10,gi,0.4847949880311729,0.4257072294895135,0.5484502155407794
LA2933,sun,high,amphi,10,gmax,4.583552594819787,4.137130177482604,5.089904276436439
LA2933,sun,low,pseudohypo,10,tau,113.21988672067279,102.56937795540296,125.16482225171593
LA2933,sun,low,pseudohypo,10,lambda,1.2171070987664685,1.170148443189811,1.2670412386836798
LA2933,sun,low,pseudohypo,10,gcl,18.60341290680189,18.129952004709253,19.03820591080777
LA2933,sun,low,pseudohypo,10,gi,0.18309190629862723,0.1610955670730492,0.20740044401519397
LA2933,sun,low,pseudohypo,10,gmax,3.069917017028792,2.7728513482798314,3.4107467767375637
LA2933,sun,high,pseudohypo,10,tau,156.62450248954704,142.03274151426317,172.83919831321202
LA2933,sun,high,pseudohypo,10,lambda,1.3449672843060985,1.2945273903660746,1.402769786630161
LA2933,sun,high,pseudohypo,10,gcl,18.60341290680189,18.129952004709253,19.03820591080777
LA2933,sun,high,pseudohypo,10,gi,0.39014835658217223,0.34297062844104076,0.4405978997513371
LA2933,sun,high,pseudohypo,10,gmax,3.0686291555853646,2.7721189752348576,3.4090472020412785
LA2951,sun,low,amphi,9,tau,188.5574578297122,170.31413224036413,208.68030636893144
LA2951,sun,low,amphi,9,lambda,1.240761322880957,1.1887516086495569,1.2933436233856852
LA2951,sun,low,amphi,9,gcl,24.142003662850215,23.55692427342511,24.777353675079063
LA2951,sun,low,amphi,9,gi,0.34585576880381913,0.30325783701617887,0.39403111407249625
LA2951,sun,low,amphi,9,gmax,4.526390306429813,4.097307165694599,5.036561860684483
LA2951,sun,high,amphi,10,tau,261.02213034143375,235.93911153184033,289.241073465486
LA2951,sun,high,amphi,10,lambda,1.370969234778743,1.3131438991220972,1.4285004452868952
LA2951,sun,high,amphi,10,gcl,24.142003662850215,23.55692427342511,24.777353675079063
LA2951,sun,high,amphi,10,gi,0.7361853134476987,0.6444328792346988,0.8370785146528049
LA2951,sun,high,amphi,10,gmax,4.528032582197552,4.0961791386957485,5.028393913333966
LA2951,sun,low,pseudohypo,9,tau,190.50085304523108,171.77852739418302,210.63662119022254
LA2951,sun,low,pseudohypo,9,lambda,1.2158967350465721,1.16554578852719,1.2670304592449708
LA2951,sun,low,pseudohypo,9,gcl,22.70562161805437,22.14704516081964,23.309009649764075
LA2951,sun,low,pseudohypo,9,gi,0.27795476899101207,0.2440822414515381,0.3170968217821899
LA2951,sun,low,pseudohypo,9,gmax,3.0320379583606627,2.7437021682147886,3.367376538407288
LA2951,sun,high,pseudohypo,10,tau,263.36611147938663,238.04150342892265,292.07116480041753
LA2951,sun,high,pseudohypo,10,lambda,1.3437151326416759,1.2881567244410201,1.3990703047794693
LA2951,sun,high,pseudohypo,10,gcl,22.70562161805437,22.14704516081964,23.309009649764075
LA2951,sun,high,pseudohypo,10,gi,0.5916301402116231,0.5199310020894776,0.6755035352769259
LA2951,sun,high,pseudohypo,10,gmax,3.0321373039387067,2.743219327406928,3.3676713612815123
LA2951,shade,low,amphi,9,tau,188.6935647184613,170.43351301607905,209.47187745065872
LA2951,shade,low,amphi,9,lambda,1.1376054138027805,1.089358526961973,1.1855935883186388
LA2951,shade,low,amphi,9,gcl,21.515067921013745,20.979846896739634,22.079075590274993
LA2951,shade,low,amphi,9,gi,0.2442074857740442,0.2137360112289028,0.2786055664032123
LA2951,shade,low,amphi,9,gmax,2.491221123976826,2.2450296421222964,2.7679887794837703
LA2951,shade,high,amphi,6,tau,260.9447492573139,235.6928147109636,289.56859614341937
LA2951,shade,high,amphi,6,lambda,1.2567541513722558,1.2027706872365211,1.3119929225518925
LA2951,shade,high,amphi,6,gcl,21.515067921013745,20.979846896739634,22.079075590274993
LA2951,shade,high,amphi,6,gi,0.5203114033766246,0.4552348181866466,0.5924202799546929
LA2951,shade,high,amphi,6,gmax,2.49042195470295,2.2432368019816935,2.7706844605164034
LA2951,shade,low,pseudohypo,9,tau,190.36538323513759,171.89579125832543,210.79951742017818
LA2951,shade,low,pseudohypo,9,lambda,1.114634038364327,1.067958817361467,1.1617793712261777
LA2951,shade,low,pseudohypo,9,gcl,20.238645748062382,19.72620119504531,20.787273855336657
LA2951,shade,low,pseudohypo,9,gi,0.1965223967885893,0.17278180303590165,0.2245266201558207
LA2951,shade,low,pseudohypo,9,gmax,1.668369557415634,1.501993107976999,1.852002405381037
LA2951,shade,high,pseudohypo,6,tau,263.296969914354,237.62428766381757,292.58174072128486
LA2951,shade,high,pseudohypo,6,lambda,1.2318491879228501,1.1806190970683328,1.2858644741794552
LA2951,shade,high,pseudohypo,6,gcl,20.238645748062382,19.72620119504531,20.787273855336657
LA2951,shade,high,pseudohypo,6,gi,0.41811666892131877,0.3672244510227795,0.4768002280086739
LA2951,shade,high,pseudohypo,6,gmax,1.6686950452946052,1.5008183429087187,1.8539566983821876
LA2964,shade,low,amphi,10,tau,171.10244527505378,154.83544702931445,189.25477765031988
LA2964,shade,low,amphi,10,lambda,1.2232067676962217,1.1750392493949893,1.2743720426490088
LA2964,shade,low,amphi,10,gcl,18.951318358918392,18.539887733915286,19.36607310640861
LA2964,shade,low,amphi,10,gi,0.16616173678223356,0.14702044913740547,0.18886160821060052
LA2964,shade,low,amphi,10,gmax,2.228926626977335,1.989638558703135,2.495643717294254
LA2964,shade,high,amphi,10,tau,236.7359090113137,214.1485647237867,262.4022909398605
LA2964,shade,high,amphi,10,lambda,1.3522053459424672,1.2983328150573794,1.4072430069948134
LA2964,shade,high,amphi,10,gcl,18.951318358918392,18.539887733915286,19.36607310640861
LA2964,shade,high,amphi,10,gi,0.3539327622732178,0.31274542504361963,0.4011011766009519
LA2964,shade,high,amphi,10,gmax,2.230339537900531,1.990774241549329,2.4991678334012297
LA2964,shade,low,pseudohypo,10,tau,172.8365140508254,156.13011580403636,190.74652474773944
LA2964,shade,low,pseudohypo,10,lambda,1.1991931042147723,1.151286240108913,1.249617905086407
LA2964,shade,low,pseudohypo,10,gcl,17.82534678874197,17.443728268110156,18.22436435902523
LA2964,shade,low,pseudohypo,10,gi,0.13369662379464167,0.11779499437966962,0.1519459741676113
LA2964,shade,low,pseudohypo,10,gmax,1.4930059642377822,1.330931071240831,1.67212878039612
LA2964,shade,high,pseudohypo,10,tau,238.8889610691087,216.11270097284296,264.6951706585608
LA2964,shade,high,pseudohypo,10,lambda,1.325144243865333,1.2719925604565525,1.3807034520726982
LA2964,shade,high,pseudohypo,10,gcl,17.82534678874197,17.443728268110156,18.22436435902523
LA2964,shade,high,pseudohypo,10,gi,0.2846533210551318,0.2507638818008306,0.32320144601383427
LA2964,shade,high,pseudohypo,10,gmax,1.4936025626533052,1.3320346359312296,1.6719092615308104
LA2964,sun,low,amphi,10,tau,171.10996056482537,154.72846417764322,189.04153719858172
LA2964,sun,low,amphi,10,lambda,1.3342190412698471,1.2814464502336742,1.3903580202910062
LA2964,sun,low,amphi,10,gcl,21.263914434455156,20.799705869648392,21.736490421879658
LA2964,sun,low,amphi,10,gi,0.2346579076603077,0.20752133035615303,0.26612529712832744
LA2964,sun,low,amphi,10,gmax,4.052770715929577,3.6250753233212425,4.540515216670138
LA2964,sun,high,amphi,10,tau,236.5141747089898,214.2514463791073,262.14020001661396
LA2964,sun,high,amphi,10,lambda,1.4739708058962926,1.4156573741403644,1.5346274984391233
LA2964,sun,high,amphi,10,gcl,21.263914434455156,20.799705869648392,21.736490421879658
LA2964,sun,high,amphi,10,gi,0.5001002050696873,0.44167729448920806,0.5661472223954198
LA2964,sun,high,amphi,10,gmax,4.055049836996791,3.6262333539017524,4.538281019199497
LA2964,sun,low,pseudohypo,10,tau,172.7055477109956,156.23375773187658,190.63747520835406
LA2964,sun,low,pseudohypo,10,lambda,1.3078646246748076,1.255552246765977,1.3623661243730136
LA2964,sun,low,pseudohypo,10,gcl,19.99953835424818,19.561161960973266,20.43622085256407
LA2964,sun,low,pseudohypo,10,gi,0.1888561612040273,0.16645344785372837,0.21378478814549381
LA2964,sun,low,pseudohypo,10,gmax,2.7142595291246767,2.424843249927285,3.0428057927633714
LA2964,sun,high,pseudohypo,10,tau,238.98509866185523,216.2441144055181,264.8319232791556
LA2964,sun,high,pseudohypo,10,lambda,1.4450586088963289,1.387646511343277,1.5063587519780501
LA2964,sun,high,pseudohypo,10,gcl,19.99953835424818,19.561161960973266,20.43622085256407
LA2964,sun,high,pseudohypo,10,gi,0.402369016874362,0.3554089432511943,0.4541941496569762
LA2964,sun,high,pseudohypo,10,gmax,2.7142717148201867,2.429620309436482,3.0398571365426115
LA3124,shade,low,amphi,10,tau,117.44241894483496,107.83541032193997,128.8706971510273
LA3124,shade,low,amphi,10,lambda,1.106536657272346,1.0661914366765075,1.151386386299968
LA3124,shade,low,amphi,10,gcl,17.383743553920983,17.021131718354972,17.782262812808046
LA3124,shade,low,amphi,10,gi,0.17275704123213054,0.15290937431222693,0.1943778983275311
LA3124,shade,low,amphi,10,gmax,2.720244793313233,2.4696560324495924,3.0071726819890396
LA3124,shade,high,amphi,10,tau,162.61140010962518,149.23236302759673,178.0979017641649
LA3124,shade,high,amphi,10,lambda,1.2231134173745237,1.1785771750277325,1.271355952784292
LA3124,shade,high,amphi,10,gcl,17.383743553920983,17.021131718354972,17.782262812808046
LA3124,shade,high,amphi,10,gi,0.3677425678478192,0.32546156110507213,0.4139542593696786
LA3124,shade,high,amphi,10,gmax,2.72094535837598,2.467940763942985,3.004031368241522
LA3124,shade,low,pseudohypo,10,tau,118.57127619862017,108.91659439774003,130.37453145941822
LA3124,shade,low,pseudohypo,10,lambda,1.0850072173151037,1.044780332988789,1.1287322628605299
LA3124,shade,low,pseudohypo,10,gcl,16.35677270190389,15.99647085783463,16.731840106593715
LA3124,shade,low,pseudohypo,10,gi,0.13882236096245415,0.12298058881511498,0.156205009074822
LA3124,shade,low,pseudohypo,10,gmax,1.821064434956966,1.654786366026384,2.0158474442433985
LA3124,shade,high,pseudohypo,10,tau,164.15646792683762,150.60014681628496,180.3638317606861
LA3124,shade,high,pseudohypo,10,lambda,1.1991190471746433,1.1548634573432992,1.2466915871195174
LA3124,shade,high,pseudohypo,10,gcl,16.35677270190389,15.99647085783463,16.731840106593715
LA3124,shade,high,pseudohypo,10,gi,0.29576872751947486,0.2619958808869928,0.3320034079694865
LA3124,shade,high,pseudohypo,10,gmax,1.8212846153210223,1.652742590343269,2.0128125722009487
LA3124,sun,low,amphi,8,tau,117.55100508252072,107.67163951729678,128.86078638521624
LA3124,sun,low,amphi,8,lambda,1.207138705943184,1.1627744836548333,1.255710108550402
LA3124,sun,low,amphi,8,gcl,19.50830265242869,19.07639980899393,19.934207996522336
LA3124,sun,low,amphi,8,gi,0.24409973038760355,0.21606680883702437,0.27422497673468044
LA3124,sun,low,amphi,8,gmax,4.9450401625893265,4.501458046472563,5.472976155330524
LA3124,sun,high,amphi,8,tau,162.74723083307143,149.09936670160215,178.2520573287488
LA3124,sun,high,amphi,8,lambda,1.3336841444201037,1.285347443505187,1.3868840499575852
LA3124,sun,high,amphi,8,gcl,19.50830265242869,19.07639980899393,19.934207996522336
LA3124,sun,high,amphi,8,gi,0.5196808566666193,0.4602594567452604,0.5833193674300216
LA3124,sun,high,amphi,8,gmax,4.947105961949008,4.500295350333768,5.472756352160571
LA3124,sun,low,pseudohypo,8,tau,118.6907282821505,108.66227372290166,129.95426330077282
LA3124,sun,low,pseudohypo,8,lambda,1.1831305206207,1.139391574608421,1.2315459415786632
LA3124,sun,low,pseudohypo,8,gcl,18.351625799432565,17.936358679556985,18.76508467393243
LA3124,sun,low,pseudohypo,8,gi,0.19636373191465614,0.17323958420469956,0.22021045952899002
LA3124,sun,low,pseudohypo,8,gmax,3.3111273783911654,3.0055009766837295,3.6690227964918765
LA3124,sun,high,pseudohypo,8,tau,164.24406944971125,150.41326226026555,179.68915612048627
LA3124,sun,high,pseudohypo,8,lambda,1.3070907015111775,1.2594117569885526,1.3594502890580529
LA3124,sun,high,pseudohypo,8,gcl,18.351625799432565,17.936358679556985,18.76508467393243
LA3124,sun,high,pseudohypo,8,gi,0.41782839125157906,0.3688780385074635,0.46943842133579744
LA3124,sun,high,pseudohypo,8,gmax,3.311517011689769,3.0090120068805626,3.662398432388152
LA3778,shade,low,amphi,10,tau,164.48354275967327,148.35385715244803,183.0947562189148
LA3778,shade,low,amphi,10,lambda,1.127149163330422,1.0802767451501554,1.1754218920157713
LA3778,shade,low,amphi,10,gcl,17.761052312701434,17.294053058882092,18.23743124431866
LA3778,shade,low,amphi,10,gi,0.13637379715447118,0.1197247614007,0.15585205245964087
LA3778,shade,low,amphi,10,gmax,1.89325589528336,1.6818116347887153,2.134855885360105
LA3778,shade,high,amphi,9,tau,227.3942365942955,205.4623255661076,253.29425028649487
LA3778,shade,high,amphi,9,lambda,1.2450206879178298,1.1946030553643199,1.2993544874543053
LA3778,shade,high,amphi,9,gcl,17.761052312701434,17.294053058882092,18.23743124431866
LA3778,shade,high,amphi,9,gi,0.29016484542447013,0.2549858244528229,0.3322403884584376
LA3778,shade,high,amphi,9,gmax,1.8926548776372698,1.6830959034809936,2.137917511633654
LA3778,shade,low,pseudohypo,10,tau,165.9665890596072,149.64841101697002,184.72111149721192
LA3778,shade,low,pseudohypo,10,lambda,1.1047466681596527,1.0587445216656357,1.1533205095789898
LA3778,shade,low,pseudohypo,10,gcl,16.70549121426032,16.283505536080177,17.148970224234123
LA3778,shade,low,pseudohypo,10,gi,0.10958278132054686,0.09623999556181684,0.12537234114415483
LA3778,shade,low,pseudohypo,10,gmax,1.267552701561455,1.128334584039478,1.4313591622791333
LA3778,shade,high,pseudohypo,9,tau,229.5640473360417,206.8266787651808,255.86361286335477
LA3778,shade,high,pseudohypo,9,lambda,1.2204783829735986,1.1704551257285218,1.2730051390345585
LA3778,shade,high,pseudohypo,9,gcl,16.70549121426032,16.283505536080177,17.148970224234123
LA3778,shade,high,pseudohypo,9,gi,0.23315433283639825,0.20522991499706003,0.26729217628687313
LA3778,shade,high,pseudohypo,9,gmax,1.2670566620910524,1.1283869485968812,1.4310442296675931
LA3778,sun,low,amphi,8,tau,164.57734215944154,147.82891340197475,182.77843893985096
LA3778,sun,low,amphi,8,lambda,1.228381612094947,1.1784902408606592,1.2828509962890076
LA3778,sun,low,amphi,8,gcl,19.92896793722995,19.40835245632904,20.454724748502954
LA3778,sun,low,amphi,8,gi,0.19294774626039982,0.1688182699713119,0.2204979884748248
LA3778,sun,low,amphi,8,gmax,3.4445806224244495,3.071891420664476,3.878193072798775
LA3778,sun,high,amphi,9,tau,227.5277298132127,204.69563797304704,252.83955950888344
LA3778,sun,high,amphi,9,lambda,1.3578816187349714,1.3028108151283728,1.4169709266210673
LA3778,sun,high,amphi,9,gcl,19.92896793722995,19.40835245632904,20.454724748502954
LA3778,sun,high,amphi,9,gi,0.4109425922358875,0.36090417642515216,0.46895678132498014
LA3778,sun,high,amphi,9,gmax,3.443864764556985,3.0683691341668933,3.87068035465801
LA3778,sun,low,pseudohypo,8,tau,166.13268302101434,149.3898616433222,184.8929909209218
LA3778,sun,low,pseudohypo,8,lambda,1.204392215925473,1.1539867287173293,1.2568268590530967
LA3778,sun,low,pseudohypo,8,gcl,18.74627196286156,18.26981128142231,19.235851173366967
LA3778,sun,low,pseudohypo,8,gi,0.1550511606211459,0.1357674812957046,0.17725699882693144
LA3778,sun,low,pseudohypo,8,gmax,2.3045188539326924,2.0548231850330887,2.59234641328307
LA3778,sun,high,pseudohypo,9,tau,229.81609044642624,206.91430078037683,254.90064852602478
LA3778,sun,high,pseudohypo,9,lambda,1.331388532072545,1.2754359248096636,1.3885570589724956
LA3778,sun,high,pseudohypo,9,gcl,18.74627196286156,18.26981128142231,19.235851173366967
LA3778,sun,high,pseudohypo,9,gi,0.3301620483314776,0.2893031166746318,0.3778913956462597
LA3778,sun,high,pseudohypo,9,gmax,2.303845974514957,2.0541309946386783,2.5909965759440126
LA4116,shade,high,amphi,8,tau,206.29117227008803,183.09673845754537,231.7810862619476
LA4116,shade,high,amphi,8,lambda,1.2716685549453635,1.2141140122661547,1.3291578972410616
LA4116,shade,high,amphi,8,gcl,20.901731417874934,20.30658497343892,21.50210763066904
LA4116,shade,high,amphi,8,gi,0.37732036569890404,0.32603476795856773,0.4336639437527906
LA4116,shade,high,amphi,8,gmax,1.8764483617893886,1.657826245228651,2.1211818770890507
LA4116,shade,high,pseudohypo,7,tau,208.34993024301423,185.07070798555583,234.2242198416558
LA4116,shade,high,pseudohypo,7,lambda,1.2467334514387247,1.190324357977906,1.3024978469912827
LA4116,shade,high,pseudohypo,7,gcl,19.657518765382132,19.09447134644243,20.22772743777447
LA4116,shade,high,pseudohypo,7,gi,0.3035446038109878,0.2624322823318814,0.34882655180217176
LA4116,shade,high,pseudohypo,7,gmax,1.2563530377358196,1.1122665870895634,1.4221939006750948
LA4116,shade,low,amphi,8,tau,149.11445337638645,132.39581810264806,167.84346671552083
LA4116,shade,low,amphi,8,lambda,1.1514110839126954,1.099755288818798,1.2034459355194997
LA4116,shade,low,amphi,8,gcl,20.901731417874934,20.30658497343892,21.50210763066904
LA4116,shade,low,amphi,8,gi,0.17738305770879526,0.15289883221880174,0.20350568652563275
LA4116,shade,low,amphi,8,gmax,1.8756239198982199,1.6609503648607773,2.120241826268238
LA4116,shade,low,pseudohypo,8,tau,150.497335136087,133.99252936092586,168.85506832016824
LA4116,shade,low,pseudohypo,8,lambda,1.1288692697442035,1.0783914383338011,1.1794261781255122
LA4116,shade,low,pseudohypo,8,gcl,19.657518765382132,19.09447134644243,20.22772743777447
LA4116,shade,low,pseudohypo,8,gi,0.14253131115591983,0.12306182480194565,0.1638538321218843
LA4116,shade,low,pseudohypo,8,gmax,1.2559273274983218,1.1124442938380452,1.4210449866946167
LA4116,sun,low,amphi,7,tau,149.0426812381272,132.70363206629045,167.3041898488989
LA4116,sun,low,amphi,7,lambda,1.2556504614040445,1.2004106751655603,1.312040806672112
LA4116,sun,low,amphi,7,gcl,23.45249916701485,22.782989513741335,24.15311618017164
LA4116,sun,low,amphi,7,gi,0.25096376093976513,0.2165381834918618,0.28770194973501667
LA4116,sun,low,amphi,7,gmax,3.4079843279490625,3.0103773376523404,3.863553568224809
LA4116,sun,high,amphi,9,tau,206.46959422897353,183.8062569755059,231.97574273169573
LA4116,sun,high,amphi,9,lambda,1.38765968014819,1.3249680945018696,1.4491838039516463
LA4116,sun,high,amphi,9,gcl,23.45249916701485,22.782989513741335,24.15311618017164
LA4116,sun,high,amphi,9,gi,0.5344516055501675,0.46054023344901196,0.6140855169227578
LA4116,sun,high,amphi,9,gmax,3.4094341448527747,3.010904705406707,3.8622269294388825
LA4116,sun,low,pseudohypo,7,tau,150.5375291941922,134.10222178441384,169.13820011066727
LA4116,sun,low,pseudohypo,7,lambda,1.2306931394409453,1.175490110746544,1.2859078153548686
LA4116,sun,low,pseudohypo,7,gcl,22.054878376782856,21.422709960570568,22.718254234375216
LA4116,sun,low,pseudohypo,7,gi,0.20181146449538181,0.1736095547218722,0.2315560034388716
LA4116,sun,low,pseudohypo,7,gmax,2.283071103777782,2.0162463013293053,2.582655663557371
LA4116,sun,high,pseudohypo,8,tau,208.40558568854516,185.66593002894757,234.41341784785178
LA4116,sun,high,pseudohypo,8,lambda,1.3596494569785975,1.2988929766119532,1.419408310134892
LA4116,sun,high,pseudohypo,8,gcl,22.054878376782856,21.422709960570568,22.718254234375216
LA4116,sun,high,pseudohypo,8,gi,0.4301139536133129,0.36981433370511785,0.4929159407033056
LA4116,sun,high,pseudohypo,8,gmax,2.2827719549574774,2.0203283072890983,2.5822044839664837
LA4117A,shade,low,amphi,9,tau,151.9651917221788,135.9551491082801,169.82228908249306
LA4117A,shade,low,amphi,9,lambda,1.1400886366196148,1.093702182228877,1.192924056922225
LA4117A,shade,low,amphi,9,gcl,19.07821724484549,18.607100392515772,19.544275731815482
LA4117A,shade,low,amphi,9,gi,0.16391578641703694,0.1419332663381003,0.18736363614161958
LA4117A,shade,low,amphi,9,gmax,1.7726348835652461,1.5616464707425535,2.0012655638742536
LA4117A,shade,low,pseudohypo,9,tau,153.49758621064163,137.316493894588,171.4245065006673
LA4117A,shade,low,pseudohypo,9,lambda,1.1175194093453396,1.07039709612024,1.167947200465924
LA4117A,shade,low,pseudohypo,9,gcl,17.94471579652626,17.503350113189164,18.39309327608428
LA4117A,shade,low,pseudohypo,9,gi,0.13187755167429926,0.1141078763967785,0.15110881543884158
LA4117A,shade,low,pseudohypo,9,gmax,1.1870389578991352,1.0474283559642668,1.337398584215413
LA4117A,sun,low,amphi,7,tau,152.04760732036064,135.8727080974228,169.574135523011
LA4117A,sun,low,amphi,7,lambda,1.2436959976988238,1.1925349499151485,1.3017368685174415
LA4117A,sun,low,amphi,7,gcl,21.405944118378834,20.857676153926196,21.927274441883352
LA4117A,sun,low,amphi,7,gi,0.2320463453097239,0.2011225419345765,0.2658307241231866
LA4117A,sun,low,amphi,7,gmax,3.224735323025216,2.831977125277978,3.6406579200716123
LA4117A,sun,high,amphi,9,tau,210.2676322150935,187.9106316850827,235.0233047137616
LA4117A,sun,high,amphi,9,lambda,1.37422086527955,1.3173128291801475,1.4361173903281672
LA4117A,sun,high,amphi,9,gcl,21.405944118378834,20.857676153926196,21.927274441883352
LA4117A,sun,high,amphi,9,gi,0.4939033170117104,0.42764108546367,0.564448815127323
LA4117A,sun,high,amphi,9,gmax,3.2230329196216396,2.8290092145682295,3.634619538044631
LA4117A,sun,low,pseudohypo,7,tau,153.41623525553533,137.24225107391442,171.60983292841485
LA4117A,sun,low,pseudohypo,7,lambda,1.2193747090820222,1.1672455708285985,1.2750658723768344
LA4117A,sun,low,pseudohypo,7,gcl,20.13440631713451,19.636245026982618,20.639997747384317
LA4117A,sun,low,pseudohypo,7,gi,0.18657830099426986,0.16188639005978903,0.21353761649198993
LA4117A,sun,low,pseudohypo,7,gmax,2.157765653200336,1.8957414670941248,2.438109108953343
LA4117A,sun,high,pseudohypo,9,tau,212.37228330014887,190.03633617026279,237.39722532493047
LA4117A,sun,high,pseudohypo,9,lambda,1.3467774606120029,1.2904442711374697,1.4070690143004547
LA4117A,sun,high,pseudohypo,9,gcl,20.13440631713451,19.636245026982618,20.639997747384317
LA4117A,sun,high,pseudohypo,9,gi,0.3972569650712544,0.34362391337243725,0.4533629389886144
LA4117A,sun,high,pseudohypo,9,gmax,2.15863134514138,1.8941176566925018,2.4371540566405105
LA4117A,shade,high,amphi,8,tau,210.19373067484065,188.05229607142383,235.55562017452283
LA4117A,shade,high,amphi,8,lambda,1.259641914532185,1.2082539821035863,1.3176537900563043
LA4117A,shade,high,amphi,8,gcl,19.07821724484549,18.607100392515772,19.544275731815482
LA4117A,shade,high,amphi,8,gi,0.3489780919612724,0.3025644477522796,0.3996836645807711
LA4117A,shade,high,amphi,8,gmax,1.7737509390995652,1.5600579817750355,2.003322712045738
LA4117A,shade,high,pseudohypo,7,tau,212.25100591856562,190.0165405592607,237.29313967943384
LA4117A,shade,high,pseudohypo,7,lambda,1.2348200645289324,1.1831678541968056,1.2901606482462797
LA4117A,shade,high,pseudohypo,7,gcl,17.94471579652626,17.503350113189164,18.39309327608428
LA4117A,shade,high,pseudohypo,7,gi,0.2808989339505506,0.24351238437233313,0.32129370958120257
LA4117A,shade,high,pseudohypo,7,gmax,1.1870014914669937,1.0484731752351744,1.3416942452775118
LA4126,sun,low,amphi,11,tau,173.3345946419748,157.28317778331518,190.65762839412886
LA4126,sun,low,amphi,11,lambda,1.2674078275212237,1.2175375569352522,1.3169175537515732
LA4126,sun,low,amphi,11,gcl,24.11727356034646,23.583073196327895,24.67499787129906
LA4126,sun,low,amphi,11,gi,0.33745838296707736,0.2971665626054713,0.3812895623103074
LA4126,sun,low,amphi,11,gmax,4.615885023769183,4.1560282369491315,5.150562593007904
LA4126,sun,high,amphi,11,tau,240.09179254041842,217.23018258620428,263.4905429547999
LA4126,sun,high,amphi,11,lambda,1.4004789238881903,1.3459612930280271,1.4545887546700262
LA4126,sun,high,amphi,11,gcl,24.11727356034646,23.583073196327895,24.67499787129906
LA4126,sun,high,amphi,11,gi,0.7189846738954209,0.634203430890418,0.8129122731915012
LA4126,sun,high,amphi,11,gmax,4.6160618517872205,4.156980444337409,5.156599609670805
LA4126,sun,low,pseudohypo,11,tau,175.02176866065088,158.60122937256062,192.3399510157967
LA4126,sun,low,pseudohypo,11,lambda,1.242395768648475,1.193460320107876,1.2914419503581653
LA4126,sun,low,pseudohypo,11,gcl,22.683530646768734,22.173129035686458,23.218751146587596
LA4126,sun,low,pseudohypo,11,gi,0.2714499480528022,0.2396459565158808,0.3057069599007931
LA4126,sun,low,pseudohypo,11,gmax,3.095018036051901,2.7841119753890604,3.4514895006430772
LA4126,sun,high,pseudohypo,11,tau,242.1990710432158,220.03929808816,266.388896878517
LA4126,sun,high,pseudohypo,11,lambda,1.3724300986853886,1.3192238217744392,1.4258864898525718
LA4126,sun,high,pseudohypo,11,gcl,22.683530646768734,22.173129035686458,23.218751146587596
LA4126,sun,high,pseudohypo,11,gi,0.577840162800402,0.5108394386441458,0.6539674419926524
LA4126,sun,high,pseudohypo,11,gmax,3.0928358699242713,2.7845588088500612,3.4539298275961365
LA4126,shade,low,amphi,10,tau,173.6638193256841,157.5133979927969,191.15192573395717
LA4126,shade,low,amphi,10,lambda,1.1625225335336047,1.1170010974543574,1.2066091144650126
LA4126,shade,low,amphi,10,gcl,21.49508198964735,21.01124927951444,22.000739728153082
LA4126,shade,low,amphi,10,gi,0.2394389168806911,0.20980529215004887,0.2685545084231969
LA4126,shade,low,amphi,10,gmax,2.5440771225852647,2.287026600730496,2.8311413814131585
LA4126,shade,high,amphi,10,tau,240.12637458060723,216.98450975149703,264.34321115465775
LA4126,shade,high,amphi,10,lambda,1.2836707560256637,1.2339768980849124,1.3334435938375746
LA4126,shade,high,amphi,10,gcl,21.49508198964735,21.01124927951444,22.000739728153082
LA4126,shade,high,amphi,10,gi,0.5088301798359611,0.44631856568374445,0.5717418965470477
LA4126,shade,high,amphi,10,gmax,2.54254303990452,2.289226015169325,2.8299780493779103
LA4126,shade,low,pseudohypo,10,tau,175.2162232553395,158.8033876140179,193.38228788259434
LA4126,shade,low,pseudohypo,10,lambda,1.1396120588849155,1.0950208779175945,1.1832912191879277
LA4126,shade,low,pseudohypo,10,gcl,20.21787804778024,19.761064243082522,20.682697700159896
LA4126,shade,low,pseudohypo,10,gi,0.1923763489811473,0.16886933750834682,0.21588668459166735
LA4126,shade,low,pseudohypo,10,gmax,1.701834713783922,1.531115566479759,1.8935045855829056
LA4126,shade,high,pseudohypo,9,tau,242.42565056307217,219.10807850057714,266.76656815575615
LA4126,shade,high,pseudohypo,9,lambda,1.2589698173117447,1.2095543613451092,1.3076014363542356
LA4126,shade,high,pseudohypo,9,gcl,20.21787804778024,19.761064243082522,20.682697700159896
LA4126,shade,high,pseudohypo,9,gi,0.40941037586475676,0.3597472775624813,0.4596992778899954
LA4126,shade,high,pseudohypo,9,gmax,1.7016308065065837,1.5321967620333792,1.893442380299466
